attendance,parental_involvement,access_to_resources,extracurricular_activities,sleep_hours,internet_access,tutoring_sessions,family_income,teacher_quality,peer_influence,physical_activity,learning_disabilities,parental_education_level,distance_from_home,gender,exam_score,hours_studied_scaled,previous_scores_scaled,school_type_public,motivation_level_encoded
84,Low,High,No,7,Yes,0,Low,Medium,Positive,3,No,High School,Near,Male,67,0.5051333822819205,-0.14361741865544755,1,0
64,Low,Medium,No,8,Yes,2,Medium,Medium,Negative,4,No,College,Moderate,Female,61,-0.1626495121255974,-1.1159683225302914,1,0
98,Medium,Medium,Yes,7,Yes,2,Medium,Medium,Neutral,4,No,Postgraduate,Near,Male,74,0.6720791058837999,1.1065480291836374,1,1
89,Low,Medium,Yes,8,Yes,1,Medium,Medium,Negative,4,No,High School,Moderate,Male,71,1.5068077238931974,1.5927234811210593,1,1
92,Medium,Medium,Yes,6,Yes,3,Medium,High,Neutral,4,No,College,Near,Female,70,-0.1626495121255974,-0.6992465065839297,1,1
88,Medium,Medium,Yes,8,Yes,3,Medium,Medium,Positive,3,No,Postgraduate,Near,Male,71,-0.1626495121255974,0.9676407572015168,1,1
84,Medium,Low,Yes,7,Yes,1,Low,Medium,Neutral,2,No,High School,Moderate,Male,67,1.5068077238931974,-0.49088559861074893,0,0
78,Low,High,Yes,6,Yes,1,High,High,Negative,2,No,High School,Far,Male,66,0.8390248294856795,-1.7410510464498339,1,1
94,Medium,High,No,6,Yes,0,Medium,Low,Neutral,1,No,College,Near,Male,69,-0.4965409593293564,0.3425580332819744,0,2
98,Medium,Medium,Yes,8,Yes,0,High,High,Positive,5,No,High School,Moderate,Male,72,0.5051333822819205,-0.2825246906375681,1,1
80,Low,High,No,8,No,4,Medium,High,Neutral,4,No,College,Moderate,Male,68,-0.4965409593293564,0.8981871212104565,0,1
97,Medium,High,Yes,6,Yes,2,Low,High,Neutral,2,No,High School,Near,Male,71,-0.4965409593293564,0.8287334852193963,0,0
83,Medium,Medium,Yes,8,Yes,2,Medium,Medium,Positive,4,No,High School,Near,Male,70,0.17124193507816154,1.523269845129999,1,0
82,Medium,Medium,Yes,8,Yes,2,Medium,Medium,Positive,3,No,Postgraduate,Near,Male,66,-1.8321067481443922,-0.21307105464650783,0,1
78,Medium,High,Yes,8,Yes,1,Low,Medium,Neutral,4,No,Postgraduate,Near,Male,65,-1.6651610245425126,-0.07416378266438728,0,1
68,Medium,Medium,No,8,Yes,2,Medium,Medium,Positive,4,No,High School,Near,Female,64,-0.4965409593293564,-0.3519783266286284,0,1
60,Medium,Low,Yes,10,Yes,0,High,Medium,Positive,3,No,College,Near,Male,60,-0.9973781301349948,-0.6992465065839297,0,0
70,Low,Medium,Yes,6,Yes,1,Low,High,Neutral,3,No,High School,Near,Female,65,0.338187658680041,0.4814653052640949,1,1
80,Medium,Medium,Yes,9,Yes,3,Low,Medium,Positive,2,No,College,Moderate,Female,67,-0.8304324065331153,1.1065480291836374,1,0
75,Medium,High,Yes,7,Yes,3,Medium,Medium,Positive,4,No,College,Near,Male,66,-1.3312695773387537,-1.1854219585213517,0,1
78,Medium,Medium,No,5,Yes,0,High,Medium,Negative,1,No,High School,Moderate,Female,69,1.5068077238931974,1.6621771171121196,1,2
99,Medium,High,No,6,Yes,1,Medium,High,Neutral,3,No,High School,Near,Male,72,-0.1626495121255974,0.6203725772462154,1,1
74,Medium,High,No,8,Yes,1,Medium,Medium,Negative,2,No,College,Moderate,Female,66,0.004296211476282077,0.9676407572015168,1,0
78,High,Medium,Yes,8,Yes,1,Low,Medium,Neutral,3,No,High School,Moderate,Male,66,-1.4982153009406332,1.7316307531031798,1,2
65,Low,High,Yes,5,Yes,2,Low,Medium,Positive,3,No,High School,Near,Female,63,-0.4965409593293564,-0.004710146673327003,1,1
62,High,Low,Yes,6,Yes,0,High,High,Positive,3,No,Postgraduate,Far,Male,64,0.17124193507816154,-1.4632365024855927,1,2
91,Low,Medium,No,6,Yes,1,High,Medium,Negative,2,Yes,High School,Moderate,Female,65,-1.1643238537368743,1.0370943931925771,1,1
83,High,High,Yes,6,Yes,0,High,Medium,Neutral,2,No,College,Moderate,Male,71,0.338187658680041,1.3149089371568181,1,1
90,Medium,Medium,No,4,Yes,1,Low,Medium,Neutral,3,No,High School,Moderate,Female,66,-0.6634866829312358,-1.1854219585213517,1,1
66,High,High,No,4,Yes,2,Low,Medium,Neutral,2,No,College,Near,Male,64,-0.3295952357274769,-1.6715974104587736,0,0
83,Low,Medium,No,6,Yes,0,High,Low,Positive,4,Yes,High School,Near,Female,63,-0.6634866829312358,-1.254875594512412,1,1
70,Medium,High,Yes,7,Yes,1,High,Medium,Negative,3,No,College,Near,Male,69,1.8406991710969562,-0.6297928705928695,1,1
69,Medium,Medium,Yes,8,Yes,2,Medium,High,Positive,3,No,High School,Near,Male,67,0.004296211476282077,1.4538162091389386,1,1
60,High,Medium,No,5,Yes,2,Medium,Medium,Neutral,3,No,College,Near,Female,61,-0.9973781301349948,-1.7410510464498339,1,1
65,High,Medium,No,5,Yes,2,Medium,Medium,Positive,3,No,College,Moderate,Female,68,0.8390248294856795,1.0370943931925771,1,1
72,Low,Medium,No,6,Yes,1,Low,Medium,Negative,3,No,High School,Near,Male,61,-1.1643238537368743,1.2454553011657579,1,0
65,Medium,Low,Yes,7,Yes,2,Medium,High,Positive,3,No,High School,Far,Female,64,0.17124193507816154,1.1065480291836374,1,0
99,Medium,Medium,No,9,Yes,2,Low,Medium,Neutral,5,No,Postgraduate,Near,Female,67,-1.9990524717462717,-1.4632365024855927,1,0
72,Low,Medium,Yes,8,Yes,1,Low,Medium,Positive,5,No,High School,Near,Female,63,-1.3312695773387537,0.6203725772462154,1,1
65,Low,Medium,Yes,6,Yes,1,Medium,High,Negative,4,No,High School,Near,Male,64,0.17124193507816154,1.5927234811210593,1,0
68,High,Medium,No,8,Yes,3,High,High,Neutral,1,No,College,Near,Male,67,0.6720791058837999,-1.3243292305034722,1,0
84,Medium,Medium,Yes,6,Yes,1,Medium,High,Neutral,2,Yes,College,Far,Female,65,0.17124193507816154,-1.6021437744677132,1,0
63,Low,High,No,7,Yes,1,Medium,Medium,Positive,3,No,High School,Moderate,Male,64,-0.1626495121255974,1.3149089371568181,0,1
94,Medium,High,Yes,7,Yes,3,Medium,Medium,Negative,2,Yes,College,Near,Male,70,-0.3295952357274769,0.4814653052640949,0,1
98,Medium,Medium,Yes,9,Yes,1,Medium,Medium,Positive,3,No,Postgraduate,Far,Male,68,-1.4982153009406332,0.4814653052640949,0,0
70,Medium,Medium,Yes,8,Yes,2,Medium,Medium,Positive,3,No,High School,Moderate,Male,65,-0.6634866829312358,1.5927234811210593,1,1
78,Medium,Medium,Yes,6,Yes,1,Medium,High,Positive,3,No,College,Near,Female,68,-0.4965409593293564,0.8981871212104565,0,1
61,Medium,Low,Yes,6,Yes,2,Low,Medium,Positive,3,No,High School,Moderate,Female,64,1.005970553087559,-0.3519783266286284,1,1
86,Low,Medium,Yes,7,Yes,3,Low,High,Positive,2,No,High School,Moderate,Male,68,0.338187658680041,-0.21307105464650783,1,0
77,Medium,Medium,No,5,Yes,2,Medium,High,Neutral,3,No,High School,Near,Male,63,-1.8321067481443922,-1.254875594512412,1,1
71,Low,Medium,Yes,7,Yes,1,Medium,Low,Positive,4,No,College,Moderate,Male,64,0.338187658680041,-0.6992465065839297,1,0
68,High,Medium,No,7,Yes,0,Medium,Medium,Neutral,3,No,College,Near,Male,64,-0.3295952357274769,-0.21307105464650783,1,1
86,Low,Medium,Yes,8,Yes,2,Medium,Medium,Positive,4,No,High School,Near,Male,67,-0.6634866829312358,-0.8381537785660502,1,1
77,High,Low,No,8,Yes,0,Medium,Medium,Neutral,3,No,High School,Near,Female,67,0.6720791058837999,1.4538162091389386,1,1
67,Medium,High,Yes,7,Yes,2,High,High,Neutral,4,Yes,Postgraduate,Far,Female,66,1.005970553087559,-1.6715974104587736,0,0
88,Medium,High,Yes,5,Yes,1,Low,High,Positive,4,No,College,Moderate,Male,72,1.005970553087559,0.27310439729091407,0,1
83,Medium,High,No,5,No,1,Medium,High,Neutral,2,Yes,High School,Near,Female,65,-0.8304324065331153,0.9676407572015168,1,0
94,Medium,Medium,Yes,6,Yes,1,Medium,Medium,Positive,4,No,High School,Near,Male,71,-0.3295952357274769,0.8287334852193963,1,2
65,High,Low,No,8,Yes,2,Medium,High,Positive,1,No,Postgraduate,Near,Female,66,0.338187658680041,0.4814653052640949,1,1
91,Medium,Low,Yes,8,Yes,0,Low,Medium,Neutral,3,No,High School,Moderate,Male,68,1.005970553087559,-0.2825246906375681,0,1
87,Medium,Medium,No,7,Yes,1,High,Medium,Negative,5,No,Postgraduate,Near,Female,70,-0.4965409593293564,1.4538162091389386,1,1
65,Medium,Medium,Yes,10,Yes,0,Low,Medium,Positive,3,No,High School,Moderate,Male,62,-0.1626495121255974,-0.6297928705928695,1,0
88,Low,High,Yes,9,Yes,2,Low,High,Negative,4,No,Postgraduate,Far,Male,68,-1.1643238537368743,0.8981871212104565,0,2
78,Medium,High,Yes,9,Yes,2,Low,Medium,Neutral,3,No,College,Moderate,Male,67,-1.1643238537368743,1.4538162091389386,1,2
98,Low,High,Yes,8,No,0,Medium,High,Neutral,3,No,Postgraduate,Near,Male,71,0.8390248294856795,-1.3243292305034722,0,1
66,Medium,High,Yes,8,Yes,0,Medium,Medium,Neutral,2,No,High School,Near,Male,68,1.339862000291318,1.523269845129999,1,1
86,Medium,Medium,Yes,8,Yes,1,Low,Medium,Negative,3,No,Postgraduate,Near,Male,69,0.004296211476282077,0.9676407572015168,1,1
75,Low,High,Yes,4,Yes,3,Medium,High,Positive,2,No,High School,Moderate,Male,70,1.005970553087559,0.4120116692730346,0,2
98,Medium,High,No,5,No,1,Low,High,Negative,4,No,High School,Moderate,Female,69,0.338187658680041,-0.4214319626196886,1,0
73,Medium,Medium,No,7,Yes,1,Low,Medium,Negative,4,No,College,Near,Male,65,-0.6634866829312358,1.3843625731478784,1,1
98,Medium,Low,Yes,7,No,3,Medium,Medium,Positive,3,No,College,Near,Female,70,0.338187658680041,-1.6021437744677132,1,1
96,Medium,Low,Yes,7,Yes,1,Low,Medium,Positive,3,No,High School,Moderate,Male,71,1.5068077238931974,-0.21307105464650783,1,1
71,Medium,Medium,Yes,7,Yes,1,Low,Low,Neutral,4,No,College,Near,Female,65,0.004296211476282077,0.8981871212104565,1,1
92,Low,Medium,No,4,Yes,2,Medium,Medium,Negative,1,No,Postgraduate,Near,Female,72,1.5068077238931974,1.1065480291836374,1,1
100,High,High,Yes,8,Yes,0,Medium,High,Positive,4,No,College,Moderate,Male,69,-2.6668353661537894,-1.0465146865392312,0,2
70,Medium,Medium,No,7,Yes,1,Medium,Medium,Positive,3,No,Postgraduate,Near,Female,66,0.8390248294856795,-1.6021437744677132,1,1
77,Low,Medium,Yes,7,Yes,4,Medium,Medium,Neutral,3,No,Postgraduate,Moderate,Male,68,0.17124193507816154,1.0370943931925771,0,1
81,High,Low,Yes,8,Yes,0,Medium,Medium,Neutral,3,No,High School,Moderate,Female,65,-0.3295952357274769,-0.2825246906375681,1,1
72,Medium,Medium,Yes,5,Yes,1,High,Medium,Neutral,5,Yes,College,Moderate,Male,64,0.17124193507816154,-1.254875594512412,1,1
61,Medium,Medium,Yes,7,Yes,1,High,Medium,Positive,3,No,College,Near,Male,60,-1.9990524717462717,-1.4632365024855927,1,1
69,Medium,High,Yes,7,Yes,1,Low,Medium,Negative,2,No,High School,Near,Male,65,-0.1626495121255974,0.4814653052640949,1,2
71,High,Medium,No,6,Yes,1,Low,Low,Positive,3,No,High School,Near,Male,66,0.338187658680041,0.27310439729091407,1,2
78,High,High,Yes,4,Yes,5,Medium,High,Neutral,3,No,College,Near,Male,74,1.5068077238931974,1.2454553011657579,1,0
67,Medium,Medium,Yes,5,Yes,2,Medium,Medium,Negative,3,No,High School,Far,Female,62,-0.4965409593293564,-1.6021437744677132,0,2
95,Medium,Medium,No,7,Yes,2,Low,Medium,Positive,4,No,College,Moderate,Male,70,-0.8304324065331153,1.2454553011657579,1,1
88,Medium,High,Yes,7,Yes,0,Medium,Medium,Neutral,3,No,High School,Near,Male,69,-0.4965409593293564,1.3149089371568181,1,0
63,Medium,High,Yes,7,Yes,3,Medium,High,Negative,4,No,College,Far,Male,67,0.8390248294856795,-0.21307105464650783,0,1
86,Low,Low,No,6,Yes,2,Medium,Medium,Neutral,0,No,High School,Moderate,Male,64,0.338187658680041,-1.4632365024855927,1,1
86,Medium,High,No,5,Yes,3,High,Medium,Neutral,3,No,College,Near,Male,71,-0.4965409593293564,1.523269845129999,1,2
98,Medium,Low,Yes,7,Yes,0,Medium,Medium,Negative,3,No,College,Near,Female,68,0.5051333822819205,-1.4632365024855927,1,0
60,High,Medium,No,7,Yes,0,Medium,High,Neutral,4,Yes,College,Near,Male,64,0.17124193507816154,0.3425580332819744,1,1
70,Medium,Low,Yes,8,Yes,1,Medium,Low,Neutral,4,Yes,High School,Far,Female,63,1.005970553087559,-0.004710146673327003,0,1
97,Medium,Medium,Yes,6,Yes,0,High,Medium,Positive,4,No,College,Near,Male,71,-0.6634866829312358,1.1760016651746976,0,0
97,High,Medium,Yes,4,Yes,0,Low,Medium,Positive,3,No,High School,Moderate,Male,69,-0.3295952357274769,-0.004710146673327003,1,0
89,High,Medium,Yes,4,Yes,3,High,Medium,Positive,2,No,College,Near,Female,100,-0.3295952357274769,-0.14361741865544755,0,1
91,Medium,Medium,No,6,Yes,3,Medium,Medium,Neutral,3,No,College,Moderate,Male,68,-1.4982153009406332,1.3149089371568181,1,1
64,Low,Medium,No,7,No,1,Medium,Medium,Negative,3,No,High School,Near,Male,62,0.338187658680041,1.5927234811210593,1,0
81,Medium,Medium,Yes,7,Yes,2,Medium,Medium,Positive,3,No,Postgraduate,Far,Female,68,0.338187658680041,0.13419712530879355,1,0
69,High,High,Yes,6,Yes,2,Low,Medium,Positive,3,No,High School,Far,Male,66,0.004296211476282077,-0.14361741865544755,0,1
67,Low,Medium,No,5,Yes,0,Medium,Medium,Positive,3,No,College,Near,Male,64,-0.1626495121255974,1.1760016651746976,1,2
92,Medium,Medium,No,4,Yes,2,Medium,High,Neutral,3,Yes,High School,Moderate,Male,67,-1.3312695773387537,1.1760016651746976,1,2
65,Medium,High,Yes,8,Yes,1,High,High,Neutral,4,Yes,Postgraduate,Moderate,Female,65,-0.4965409593293564,-0.6297928705928695,1,1
79,Medium,Medium,Yes,7,Yes,0,Low,High,Neutral,3,No,College,Far,Male,65,-0.3295952357274769,0.27310439729091407,0,1
98,High,Medium,No,6,Yes,0,Low,High,Positive,3,No,College,Near,Male,69,-0.8304324065331153,-1.1854219585213517,1,2
67,Medium,Medium,No,5,Yes,1,Low,Low,Negative,3,No,High School,Near,Male,63,-0.1626495121255974,0.4814653052640949,0,2
99,Medium,Low,Yes,6,Yes,3,Medium,Medium,Negative,4,No,Postgraduate,Moderate,Male,72,0.338187658680041,1.1760016651746976,1,0
100,Medium,Medium,No,7,Yes,2,High,High,Positive,5,No,Postgraduate,Moderate,Male,76,1.8406991710969562,-1.1159683225302914,1,1
82,Medium,High,Yes,7,Yes,3,Low,Medium,Positive,3,Yes,College,Near,Female,69,0.17124193507816154,-0.6297928705928695,1,2
67,Medium,Medium,Yes,7,Yes,3,Low,High,Positive,2,No,Postgraduate,Moderate,Female,67,0.338187658680041,-0.21307105464650783,1,2
73,High,Medium,Yes,9,Yes,2,Medium,High,Positive,3,No,College,Near,Male,69,0.004296211476282077,1.1760016651746976,1,1
77,High,Medium,Yes,6,Yes,0,Low,Medium,Neutral,2,No,High School,Moderate,Male,63,-1.9990524717462717,0.8287334852193963,1,1
72,Medium,Medium,No,9,Yes,3,Low,High,Positive,3,No,Postgraduate,Near,Male,67,0.004296211476282077,-0.6297928705928695,0,1
71,Low,High,Yes,7,Yes,2,Medium,Medium,Negative,5,No,College,Near,Male,66,0.004296211476282077,-0.9076074145571106,1,2
99,High,High,Yes,7,Yes,2,Medium,High,Neutral,2,No,Postgraduate,Near,Female,79,2.508482065504474,0.6898262132372758,0,0
66,Medium,Medium,No,8,Yes,1,High,Medium,Neutral,3,No,High School,Near,Female,64,-0.1626495121255974,-0.07416378266438728,1,1
89,High,High,Yes,6,Yes,1,High,High,Positive,3,No,High School,Near,Female,73,0.338187658680041,0.3425580332819744,1,1
60,Low,High,No,7,Yes,2,Low,High,Positive,4,Yes,High School,Near,Male,63,0.004296211476282077,0.4814653052640949,1,2
84,Medium,Medium,No,5,Yes,1,Low,High,Positive,2,No,High School,Near,Male,65,-1.1643238537368743,0.20365076129985382,1,1
97,Low,High,Yes,8,Yes,0,High,Medium,Positive,5,No,High School,Near,Female,73,1.1729162766894383,0.4120116692730346,1,1
72,High,High,Yes,8,Yes,2,Low,Medium,Positive,4,No,College,Moderate,Female,70,0.8390248294856795,1.3149089371568181,0,0
67,High,Medium,No,9,Yes,2,Low,High,Positive,3,Yes,High School,Near,Female,68,0.8390248294856795,1.2454553011657579,1,2
86,Medium,Medium,Yes,7,Yes,1,Medium,Medium,Negative,3,No,College,Near,Male,65,-0.8304324065331153,-1.254875594512412,1,1
89,Low,High,Yes,9,Yes,0,Low,Medium,Positive,1,No,College,Moderate,Female,71,1.339862000291318,0.27310439729091407,0,2
88,Low,Medium,No,6,Yes,2,Medium,Medium,Positive,2,No,College,Far,Male,64,-1.3312695773387537,-0.21307105464650783,1,0
73,Medium,High,Yes,8,Yes,4,High,Medium,Neutral,3,Yes,College,Moderate,Male,68,0.6720791058837999,-0.76870014257499,0,1
70,Medium,Medium,Yes,6,Yes,1,Low,High,Neutral,4,No,College,Near,Male,69,2.1745906183007153,0.4814653052640949,1,0
98,Medium,Medium,No,7,Yes,0,Medium,High,Positive,4,No,College,Moderate,Female,69,-0.9973781301349948,0.06474348931773327,0,1
97,Medium,Medium,No,8,Yes,1,Low,Medium,Neutral,4,No,High School,Far,Male,69,-0.4965409593293564,0.9676407572015168,1,1
78,Medium,Medium,Yes,10,Yes,1,High,Low,Positive,2,No,College,Near,Male,67,0.17124193507816154,-1.3937828664945324,0,1
94,Low,Medium,Yes,8,Yes,4,Medium,Medium,Neutral,6,No,High School,Far,Female,68,-0.4965409593293564,-0.6992465065839297,1,0
78,Medium,High,Yes,8,Yes,2,Low,Medium,Neutral,3,No,Postgraduate,Near,Male,64,-1.4982153009406332,-1.6715974104587736,1,1
77,Medium,Medium,No,6,Yes,0,Low,High,Positive,4,No,High School,Near,Female,66,0.004296211476282077,0.8287334852193963,1,0
66,High,Low,No,7,Yes,3,Low,High,Negative,3,No,High School,Near,Male,63,-0.9973781301349948,1.4538162091389386,1,1
77,Medium,Medium,Yes,7,Yes,0,Low,High,Neutral,2,No,High School,Moderate,Male,66,0.5051333822819205,0.27310439729091407,1,1
81,Medium,Medium,No,9,Yes,1,Low,High,Negative,3,No,Postgraduate,Near,Female,66,-0.9973781301349948,0.4120116692730346,0,1
61,Medium,High,Yes,7,Yes,3,Low,Medium,Positive,3,No,College,Near,Female,67,1.5068077238931974,-1.6021437744677132,0,0
78,High,High,No,9,Yes,1,Low,Medium,Negative,1,No,High School,Near,Male,65,-0.8304324065331153,-0.004710146673327003,1,0
91,Low,Medium,Yes,5,Yes,1,Medium,Medium,Neutral,3,No,High School,Near,Female,68,-0.3295952357274769,0.06474348931773327,1,1
87,Medium,Low,No,9,Yes,1,Low,High,Positive,2,No,High School,Near,Male,68,0.8390248294856795,-1.6021437744677132,0,2
85,High,Medium,No,6,Yes,0,High,Medium,Neutral,1,Yes,High School,Near,Male,65,-1.1643238537368743,0.9676407572015168,0,1
96,Medium,Medium,No,8,Yes,2,Medium,High,Neutral,0,No,College,Near,Male,71,0.17124193507816154,-0.76870014257499,1,2
61,Medium,High,No,6,Yes,1,Low,Medium,Negative,3,Yes,Postgraduate,Far,Male,65,1.339862000291318,0.759279849228336,0,2
82,Medium,Low,No,8,Yes,3,Low,High,Positive,1,Yes,Postgraduate,Near,Female,64,-1.6651610245425126,-0.3519783266286284,1,1
91,High,Medium,No,6,Yes,0,High,Medium,Neutral,2,No,Postgraduate,Near,Female,72,0.17124193507816154,1.7316307531031798,0,1
82,Medium,Medium,No,9,Yes,2,Low,Medium,Negative,2,Yes,High School,Near,Female,65,0.338187658680041,-0.9770610505481708,1,1
73,Medium,High,No,8,No,0,Low,High,Negative,5,No,Postgraduate,Near,Female,66,0.8390248294856795,-1.532690138476653,0,2
65,Low,High,No,6,Yes,0,Low,Medium,Negative,4,No,High School,Near,Male,61,-1.1643238537368743,1.6621771171121196,0,1
96,Low,High,Yes,8,Yes,2,Medium,High,Negative,3,No,College,Near,Female,68,-1.3312695773387537,-0.9076074145571106,1,1
79,High,High,Yes,8,Yes,3,Medium,Medium,Negative,3,Yes,Postgraduate,Moderate,Female,69,0.5051333822819205,0.4814653052640949,1,0
95,Medium,High,Yes,6,Yes,1,Low,Medium,Positive,3,No,College,Near,Female,72,0.338187658680041,-0.4214319626196886,1,1
83,Medium,High,Yes,5,Yes,2,Low,High,Positive,3,No,Postgraduate,Near,Female,71,0.338187658680041,0.4814653052640949,1,1
87,High,High,No,5,Yes,2,Low,High,Negative,3,No,High School,Near,Female,70,0.338187658680041,0.3425580332819744,1,0
92,Medium,High,Yes,5,Yes,1,Low,Medium,Neutral,2,No,High School,Moderate,Male,68,-0.6634866829312358,0.6898262132372758,1,0
86,Low,Medium,Yes,5,Yes,2,Low,High,Positive,2,No,High School,Moderate,Female,67,0.17124193507816154,-1.6715974104587736,1,1
76,Medium,Medium,Yes,8,Yes,1,Low,High,Neutral,4,No,High School,Near,Female,68,0.338187658680041,1.1760016651746976,1,1
81,Medium,Medium,Yes,8,Yes,3,Medium,Medium,Positive,2,No,Postgraduate,Near,Female,68,-0.6634866829312358,-0.07416378266438728,1,1
92,Medium,Medium,Yes,4,Yes,2,Medium,High,Positive,4,Yes,High School,Far,Male,72,1.8406991710969562,0.06474348931773327,1,1
75,Low,High,No,6,Yes,0,Medium,Medium,Neutral,2,No,College,Near,Male,65,0.5051333822819205,-0.2825246906375681,1,0
76,Medium,High,No,5,Yes,2,Medium,Medium,Positive,4,No,High School,Near,Female,66,-1.1643238537368743,1.6621771171121196,0,0
64,Medium,Medium,Yes,8,Yes,0,Low,High,Negative,3,No,High School,Near,Male,65,0.6720791058837999,1.0370943931925771,1,2
97,Medium,Medium,Yes,6,Yes,2,Medium,Medium,Negative,3,Yes,College,Near,Female,67,-0.9973781301349948,-0.6297928705928695,1,1
64,Medium,High,No,5,Yes,2,Medium,Medium,Neutral,4,No,College,Far,Male,66,0.8390248294856795,0.9676407572015168,1,0
86,Medium,Medium,No,7,Yes,1,Medium,High,Positive,4,No,High School,Far,Male,69,1.1729162766894383,-0.21307105464650783,1,0
77,Medium,Medium,Yes,8,Yes,0,High,High,Positive,3,No,College,Moderate,Male,66,-0.8304324065331153,1.3149089371568181,1,0
76,Medium,High,Yes,6,Yes,4,High,Low,Neutral,3,No,High School,Near,Male,69,1.005970553087559,-1.6021437744677132,1,1
87,High,Low,Yes,7,No,0,Low,Medium,Neutral,2,No,High School,Near,Male,67,0.338187658680041,-0.49088559861074893,1,1
63,High,Medium,Yes,6,Yes,1,Medium,Low,Positive,3,No,High School,Near,Male,66,0.8390248294856795,-0.2825246906375681,0,1
84,Medium,Medium,Yes,9,Yes,2,Low,Medium,Neutral,3,No,College,Far,Male,71,1.8406991710969562,0.8287334852193963,0,1
91,High,Low,No,6,Yes,5,Medium,High,Neutral,4,No,College,Moderate,Male,70,-0.1626495121255974,-1.1159683225302914,1,1
93,High,Medium,No,6,Yes,2,Medium,High,Positive,4,No,Postgraduate,Near,Male,71,-0.8304324065331153,-0.76870014257499,1,1
67,Medium,Medium,Yes,7,Yes,1,High,Medium,Positive,3,No,Postgraduate,Near,Male,66,-0.8304324065331153,0.759279849228336,0,2
96,Medium,Medium,No,7,No,3,Medium,High,Negative,2,No,High School,Near,Male,67,-0.8304324065331153,-1.4632365024855927,1,2
86,High,Low,No,8,Yes,1,Medium,Medium,Neutral,4,Yes,College,Far,Female,66,0.004296211476282077,-1.0465146865392312,1,1
95,Medium,High,No,9,Yes,0,Low,High,Positive,2,No,Postgraduate,Near,Male,72,0.338187658680041,0.8981871212104565,1,0
79,Medium,Medium,No,9,Yes,1,Medium,Medium,Positive,3,No,High School,Near,Male,68,0.338187658680041,1.3149089371568181,1,1
82,Medium,Medium,No,6,No,3,Low,High,Positive,3,No,High School,Near,Female,69,0.8390248294856795,0.759279849228336,1,1
97,Medium,Medium,Yes,7,Yes,2,Low,Low,Positive,3,No,Postgraduate,Near,Male,71,0.004296211476282077,0.06474348931773327,0,0
96,Medium,Medium,Yes,9,No,0,Medium,Medium,Neutral,2,No,Postgraduate,Far,Female,70,1.5068077238931974,-1.3937828664945324,1,0
78,Medium,Medium,No,9,Yes,2,High,Low,Neutral,4,No,College,Far,Female,67,-0.3295952357274769,1.1065480291836374,1,2
71,Medium,Medium,Yes,6,Yes,2,High,Medium,Positive,2,No,High School,Far,Male,69,2.6754277891063536,-1.3243292305034722,1,1
76,Low,High,No,8,Yes,2,Medium,Medium,Neutral,1,No,High School,Moderate,Male,65,0.6720791058837999,-0.4214319626196886,1,0
76,High,High,No,8,Yes,1,Low,Medium,Neutral,4,No,College,Near,Male,65,-0.8304324065331153,-1.532690138476653,1,1
71,Medium,Medium,Yes,8,Yes,2,Medium,High,Neutral,4,No,High School,Near,Male,64,-0.9973781301349948,0.6898262132372758,1,0
71,Low,Low,Yes,9,Yes,1,Low,Medium,Negative,2,No,College,Near,Male,63,0.5051333822819205,-0.004710146673327003,1,0
94,Low,Medium,Yes,5,Yes,3,Low,Low,Positive,2,No,High School,Moderate,Male,69,-0.1626495121255974,1.3843625731478784,1,1
63,Medium,Low,Yes,6,Yes,1,Low,High,Neutral,5,No,College,Near,Female,64,0.6720791058837999,-1.254875594512412,0,1
87,High,High,Yes,8,Yes,0,High,Medium,Positive,3,No,High School,Moderate,Male,72,0.5051333822819205,1.1065480291836374,0,2
67,Low,Medium,Yes,7,Yes,0,Medium,Medium,Neutral,4,No,High School,Near,Male,63,0.004296211476282077,0.06474348931773327,1,1
74,Low,High,Yes,4,Yes,3,Low,Medium,Positive,3,No,High School,Near,Female,64,-0.8304324065331153,-0.49088559861074893,1,0
62,Medium,High,Yes,5,Yes,3,High,Medium,Neutral,4,No,College,Moderate,Male,64,-1.4982153009406332,0.4814653052640949,0,1
71,Medium,Medium,Yes,8,Yes,5,Medium,Medium,Positive,1,No,Postgraduate,Far,Male,67,-0.4965409593293564,1.0370943931925771,1,1
91,Medium,Medium,No,8,Yes,2,Medium,High,Positive,0,No,Postgraduate,Near,Male,71,0.8390248294856795,-0.21307105464650783,1,0
95,Medium,Medium,No,5,Yes,1,Medium,Low,Positive,4,No,High School,Near,Male,70,0.17124193507816154,-0.9076074145571106,1,2
69,Medium,Low,Yes,9,Yes,0,High,Medium,Neutral,4,No,High School,Far,Female,61,-1.1643238537368743,1.4538162091389386,0,0
79,Medium,High,Yes,7,Yes,2,Low,Medium,Negative,4,No,College,Moderate,Male,67,0.17124193507816154,-0.6297928705928695,1,0
79,High,Medium,No,5,Yes,4,High,High,Negative,3,No,College,Near,Male,72,0.338187658680041,1.7316307531031798,1,1
95,Low,Low,Yes,6,Yes,1,Low,Medium,Negative,5,No,High School,Near,Male,66,-0.8304324065331153,0.8981871212104565,1,0
91,Medium,High,Yes,5,Yes,1,High,Low,Neutral,2,No,High School,Near,Male,70,0.17124193507816154,0.6203725772462154,1,1
81,High,Medium,Yes,6,No,3,Medium,Medium,Neutral,4,Yes,High School,Near,Male,67,0.004296211476282077,-1.6715974104587736,1,2
87,High,Low,Yes,4,Yes,2,Medium,High,Neutral,3,No,High School,Moderate,Female,67,-1.1643238537368743,-0.21307105464650783,1,1
94,Low,Medium,Yes,7,Yes,2,High,Medium,Neutral,2,No,College,Near,Female,71,0.338187658680041,-0.004710146673327003,1,2
60,High,Medium,Yes,8,Yes,1,Low,Medium,Positive,4,No,College,Near,Male,66,0.5051333822819205,-0.4214319626196886,0,1
76,Medium,Medium,Yes,5,Yes,1,Medium,Medium,Positive,4,No,High School,Near,Male,68,1.005970553087559,-1.254875594512412,1,1
96,Medium,Medium,Yes,7,Yes,3,High,Medium,Positive,3,No,College,Near,Female,74,1.005970553087559,-0.49088559861074893,0,1
90,Medium,Low,Yes,6,No,1,High,Medium,Neutral,3,No,High School,Near,Male,64,-1.3312695773387537,-1.4632365024855927,1,1
82,Medium,Medium,No,8,Yes,1,Low,Medium,Positive,3,No,College,Near,Male,65,-0.9973781301349948,-0.6992465065839297,0,1
81,Low,Medium,Yes,4,Yes,1,Low,Medium,Neutral,3,No,College,Near,Male,66,0.5051333822819205,-1.4632365024855927,1,1
74,Medium,High,Yes,8,Yes,0,Medium,High,Negative,3,Yes,High School,Near,Male,66,0.5051333822819205,0.8981871212104565,1,0
81,Medium,Low,No,4,Yes,2,Medium,Medium,Positive,5,No,High School,Near,Male,68,0.5051333822819205,0.6203725772462154,1,1
86,High,Medium,Yes,7,Yes,2,Medium,High,Positive,1,No,High School,Near,Female,78,3.84404785431951,1.523269845129999,1,1
77,Medium,High,Yes,6,Yes,1,Medium,Medium,Positive,2,No,High School,Moderate,Female,67,0.5051333822819205,-0.4214319626196886,0,0
89,Medium,High,Yes,6,Yes,3,Medium,Medium,Positive,3,No,High School,Near,Male,74,1.1729162766894383,0.9676407572015168,0,1
94,Medium,High,No,5,Yes,1,Low,High,Positive,2,No,Postgraduate,Near,Male,74,1.005970553087559,0.27310439729091407,1,2
66,Medium,Low,No,9,Yes,1,Medium,Medium,Neutral,2,Yes,High School,Near,Female,62,0.6720791058837999,0.4814653052640949,1,0
78,High,Medium,Yes,5,No,2,Medium,Medium,Neutral,4,No,High School,Far,Male,66,-0.3295952357274769,0.13419712530879355,1,1
76,Medium,Medium,Yes,5,Yes,3,Medium,High,Neutral,3,No,High School,Far,Female,69,0.8390248294856795,0.9676407572015168,1,2
87,Medium,High,Yes,10,Yes,2,Low,High,Positive,3,No,College,Near,Male,68,-0.8304324065331153,-1.6021437744677132,0,1
70,Medium,Low,No,7,Yes,0,Medium,Medium,Positive,2,Yes,High School,Moderate,Male,89,-0.1626495121255974,-1.4632365024855927,1,2
86,High,Low,No,5,No,2,High,Medium,Neutral,4,No,College,Near,Male,66,-0.4965409593293564,-1.3937828664945324,0,0
95,Low,Medium,Yes,7,No,2,Medium,High,Neutral,3,No,High School,Near,Female,68,0.004296211476282077,-0.76870014257499,1,0
77,Medium,Low,Yes,7,Yes,0,Medium,Medium,Positive,3,No,High School,Near,Male,69,2.3415363419025947,0.3425580332819744,1,0
96,Medium,Medium,Yes,4,No,0,Low,Medium,Positive,4,No,College,Near,Male,67,-1.8321067481443922,0.4814653052640949,1,2
100,High,High,Yes,6,Yes,2,Medium,Medium,Positive,5,No,High School,Near,Male,75,0.6720791058837999,0.759279849228336,0,0
64,Medium,High,No,7,Yes,0,Medium,Medium,Positive,4,Yes,High School,Moderate,Female,60,-1.6651610245425126,-0.76870014257499,1,2
69,High,Medium,Yes,9,Yes,2,Medium,High,Positive,4,Yes,College,Moderate,Female,66,-0.4965409593293564,0.5509189412551552,0,1
98,Low,High,Yes,7,Yes,1,High,Medium,Positive,3,No,College,Near,Female,73,1.1729162766894383,-1.3243292305034722,0,0
98,Medium,Low,No,7,Yes,1,Medium,High,Neutral,2,No,High School,Near,Female,68,0.004296211476282077,-1.7410510464498339,0,0
64,Medium,Medium,Yes,6,Yes,0,Medium,Medium,Neutral,3,No,High School,Near,Male,62,-0.9973781301349948,0.6898262132372758,1,1
61,Medium,Medium,No,9,Yes,2,Low,High,Positive,2,No,High School,Near,Male,62,-0.6634866829312358,0.759279849228336,1,0
66,High,Low,Yes,8,Yes,1,Medium,Medium,Neutral,4,No,High School,Far,Male,65,0.6720791058837999,0.4120116692730346,1,2
100,High,Low,Yes,8,Yes,2,Low,Medium,Negative,3,No,High School,Moderate,Male,69,-0.6634866829312358,-0.8381537785660502,1,2
67,Medium,Medium,No,7,Yes,3,Low,Medium,Neutral,2,No,High School,Far,Female,64,0.17124193507816154,1.4538162091389386,1,0
80,Medium,High,No,5,Yes,0,Low,Low,Positive,4,Yes,Postgraduate,Moderate,Female,67,0.004296211476282077,1.3149089371568181,0,1
94,High,High,Yes,9,Yes,0,Low,High,Neutral,2,No,High School,Near,Male,70,-0.6634866829312358,0.06474348931773327,1,1
61,Medium,Medium,No,7,Yes,2,Medium,High,Neutral,3,No,College,Near,Female,70,2.1745906183007153,1.6621771171121196,1,2
84,High,Low,No,7,Yes,3,Medium,High,Positive,3,No,High School,Near,Female,69,0.6720791058837999,-0.6992465065839297,1,0
71,High,Low,No,8,Yes,0,Medium,High,Positive,3,No,High School,Near,Male,61,-1.9990524717462717,-0.004710146673327003,1,1
94,Medium,Medium,No,7,Yes,0,Medium,Medium,Neutral,2,Yes,Postgraduate,Moderate,Male,69,0.17124193507816154,1.4538162091389386,0,0
71,High,Medium,Yes,5,Yes,1,Medium,Medium,Neutral,0,Yes,High School,Near,Male,63,-0.6634866829312358,-0.14361741865544755,1,1
87,Medium,Low,Yes,7,Yes,0,Medium,High,Neutral,4,Yes,High School,Near,Male,67,0.8390248294856795,-0.07416378266438728,1,0
87,Low,Medium,No,4,Yes,1,Medium,Medium,Neutral,6,No,High School,Moderate,Male,65,-0.8304324065331153,-1.4632365024855927,1,1
69,Medium,Medium,Yes,7,Yes,3,High,High,Neutral,4,No,High School,Moderate,Male,66,-0.1626495121255974,-0.9770610505481708,1,2
61,Low,Medium,No,9,Yes,4,Medium,Medium,Neutral,2,No,High School,Near,Male,63,0.5051333822819205,-1.1854219585213517,1,1
76,Medium,High,Yes,4,Yes,2,Medium,Medium,Negative,3,No,High School,Moderate,Female,68,0.8390248294856795,0.20365076129985382,0,1
72,High,High,No,7,Yes,0,Low,High,Neutral,4,No,Postgraduate,Near,Male,65,-1.1643238537368743,-0.6297928705928695,1,1
92,Low,Medium,Yes,8,Yes,1,Medium,Medium,Positive,3,No,High School,Near,Male,67,-0.3295952357274769,-1.4632365024855927,1,1
92,Low,Low,Yes,8,Yes,2,Medium,High,Neutral,3,No,Postgraduate,Near,Female,68,-0.4965409593293564,-0.004710146673327003,1,1
78,Medium,High,No,6,Yes,0,Low,Low,Neutral,3,Yes,College,Near,Male,64,-0.6634866829312358,0.5509189412551552,1,1
84,Medium,Medium,No,5,Yes,0,Medium,Medium,Positive,3,No,College,Moderate,Male,71,1.8406991710969562,0.8287334852193963,0,2
84,Medium,Medium,Yes,6,Yes,0,Medium,Medium,Neutral,5,No,High School,Near,Female,69,0.338187658680041,1.1760016651746976,1,0
93,Medium,Medium,Yes,9,Yes,1,Medium,Medium,Neutral,3,No,Postgraduate,Moderate,Male,67,-1.3312695773387537,-0.07416378266438728,1,0
77,Low,Medium,No,4,Yes,2,High,Low,Neutral,3,Yes,College,Moderate,Female,65,1.005970553087559,-0.3519783266286284,1,0
71,Low,Medium,No,5,Yes,1,Medium,Medium,Positive,2,No,High School,Near,Male,68,2.1745906183007153,0.6203725772462154,1,1
71,High,Medium,Yes,6,No,1,High,Medium,Positive,3,No,Postgraduate,Moderate,Male,67,1.005970553087559,-1.6715974104587736,0,0
81,Medium,Medium,Yes,6,Yes,3,Medium,High,Neutral,4,No,High School,Near,Male,67,-1.4982153009406332,0.4814653052640949,1,2
78,Medium,High,Yes,7,No,2,Low,High,Positive,3,No,High School,Near,Male,66,-0.4965409593293564,-0.3519783266286284,1,1
78,High,Medium,No,9,Yes,2,Medium,Medium,Neutral,4,No,College,Moderate,Female,70,1.339862000291318,-0.14361741865544755,1,2
64,High,Low,Yes,5,Yes,3,Medium,High,Positive,4,No,Postgraduate,Moderate,Female,65,-0.6634866829312358,-0.6992465065839297,0,1
89,Low,Low,Yes,7,Yes,4,Medium,Low,Positive,4,No,Postgraduate,Near,Female,69,0.5051333822819205,-1.3243292305034722,0,0
69,Medium,Medium,Yes,7,No,1,High,High,Positive,4,No,High School,Far,Female,65,0.8390248294856795,-0.3519783266286284,1,0
68,High,Medium,No,6,Yes,1,High,Medium,Neutral,3,Yes,College,Near,Male,63,-0.9973781301349948,-0.6992465065839297,1,1
77,Medium,Medium,No,5,Yes,2,Low,High,Neutral,2,No,Postgraduate,Far,Female,67,0.004296211476282077,1.5927234811210593,0,0
69,High,Medium,Yes,6,Yes,1,Low,Medium,Positive,3,No,High School,Near,Female,61,-3.167672536959428,1.523269845129999,1,1
83,Medium,Low,Yes,6,Yes,0,Medium,Medium,Positive,2,No,High School,Near,Female,65,-0.9973781301349948,0.4814653052640949,1,1
75,Low,High,Yes,8,Yes,1,Low,Low,Neutral,2,No,College,Near,Female,66,-0.3295952357274769,1.3843625731478784,1,1
78,Medium,High,Yes,8,Yes,0,High,Low,Neutral,3,No,College,Near,Male,66,-1.1643238537368743,0.8981871212104565,1,2
81,Medium,Low,Yes,5,Yes,1,High,High,Negative,1,No,High School,Near,Male,69,1.6737534474950768,-0.5603392346018092,1,1
68,Medium,Medium,No,6,Yes,2,Medium,Medium,Positive,3,No,College,Moderate,Female,63,-1.4982153009406332,0.3425580332819744,1,1
66,Low,High,No,6,Yes,1,High,Medium,Positive,6,No,Postgraduate,Near,Male,65,-0.4965409593293564,-0.9770610505481708,1,1
95,Low,Low,No,10,Yes,0,High,Medium,Neutral,4,Yes,High School,Near,Male,67,0.17124193507816154,0.6203725772462154,1,0
77,High,High,Yes,7,Yes,2,High,Medium,Negative,3,Yes,High School,Near,Female,69,1.5068077238931974,-1.6021437744677132,1,1
76,Low,Medium,Yes,5,Yes,4,Medium,Low,Negative,2,No,Postgraduate,Near,Male,65,-1.4982153009406332,1.1760016651746976,1,1
61,Medium,Medium,No,6,Yes,1,Low,Medium,Positive,3,No,High School,Moderate,Male,65,1.1729162766894383,0.27310439729091407,1,1
80,High,Low,Yes,6,Yes,0,Low,Medium,Neutral,2,No,College,Moderate,Male,65,0.004296211476282077,-1.532690138476653,1,1
82,Medium,High,Yes,8,Yes,2,Low,High,Negative,5,No,College,Far,Female,67,-0.9973781301349948,1.3149089371568181,1,0
82,Low,Medium,Yes,8,Yes,1,Medium,Medium,Negative,2,Yes,High School,Near,Male,66,0.5051333822819205,1.3149089371568181,1,1
88,Medium,High,No,7,Yes,4,Low,Medium,Positive,3,No,High School,Near,Female,72,0.17124193507816154,1.2454553011657579,1,1
67,Medium,High,No,7,Yes,3,Low,Medium,Positive,3,No,College,Near,Male,66,-0.6634866829312358,0.9676407572015168,1,2
70,Medium,Medium,Yes,7,No,2,Medium,High,Neutral,4,No,College,Far,Male,65,0.004296211476282077,0.6203725772462154,0,0
92,High,Medium,Yes,7,Yes,1,Low,Medium,Neutral,3,No,High School,Moderate,Male,69,-0.3295952357274769,-0.3519783266286284,1,1
98,Medium,Low,No,4,Yes,2,High,Low,Neutral,2,No,High School,Near,Female,68,0.17124193507816154,-1.254875594512412,1,1
65,Medium,Low,No,7,Yes,1,High,Medium,Neutral,1,No,Postgraduate,Near,Male,64,0.6720791058837999,-0.76870014257499,1,0
80,Low,High,No,6,Yes,3,Medium,Medium,Negative,4,No,College,Moderate,Female,69,1.6737534474950768,-0.5603392346018092,1,1
69,Medium,Low,Yes,5,Yes,0,High,Medium,Positive,1,Yes,High School,Moderate,Female,59,-1.1643238537368743,-0.49088559861074893,1,0
62,High,Medium,Yes,10,Yes,0,Medium,Medium,Positive,3,No,High School,Moderate,Female,68,2.1745906183007153,0.20365076129985382,0,1
73,Medium,Medium,No,7,No,0,High,Medium,Neutral,3,No,High School,Near,Female,60,-1.9990524717462717,-1.0465146865392312,0,1
66,Medium,High,No,7,Yes,1,High,Medium,Negative,3,No,High School,Far,Male,62,-0.1626495121255974,-1.1159683225302914,1,1
88,Low,Medium,Yes,6,Yes,0,Low,Low,Negative,3,No,College,Near,Male,67,0.6720791058837999,0.759279849228336,1,0
81,Low,High,Yes,8,Yes,4,Medium,Medium,Positive,5,No,High School,Far,Female,68,0.338187658680041,-1.7410510464498339,0,2
66,Medium,High,Yes,5,Yes,3,Medium,Medium,Positive,3,No,High School,Moderate,Female,64,-0.6634866829312358,-1.254875594512412,1,2
60,Medium,High,Yes,7,Yes,3,Low,High,Positive,3,No,High School,Moderate,Female,65,-0.1626495121255974,-0.21307105464650783,1,2
92,Low,Low,Yes,6,Yes,2,Medium,Medium,Positive,2,Yes,High School,Moderate,Female,65,-0.4965409593293564,-1.254875594512412,0,1
67,High,Medium,No,8,Yes,0,Low,Low,Neutral,3,No,High School,Near,Female,63,-0.6634866829312358,1.5927234811210593,1,1
84,Medium,Low,Yes,6,Yes,2,Medium,High,Positive,3,No,High School,Near,Male,70,0.8390248294856795,0.6203725772462154,1,0
73,Low,Medium,Yes,9,Yes,3,Medium,Medium,Positive,3,No,High School,Near,Female,66,0.338187658680041,-0.21307105464650783,1,0
83,Medium,High,Yes,7,Yes,4,High,Medium,Positive,3,No,High School,Near,Female,68,-0.6634866829312358,-1.3243292305034722,1,0
73,Low,Low,No,8,Yes,3,Medium,Medium,Positive,3,No,High School,Near,Female,66,0.8390248294856795,-0.4214319626196886,0,1
63,Low,Low,No,8,Yes,3,Medium,Medium,Negative,1,No,College,Near,Male,63,0.338187658680041,0.5509189412551552,0,1
69,High,Medium,Yes,9,Yes,1,Low,Medium,Negative,3,Yes,College,Moderate,Female,66,0.8390248294856795,1.5927234811210593,1,1
68,Medium,Medium,Yes,6,Yes,1,Medium,Medium,Neutral,3,No,High School,Near,Female,65,0.6720791058837999,-0.07416378266438728,1,1
77,Medium,Medium,Yes,8,Yes,1,Low,Medium,Positive,2,No,Postgraduate,Moderate,Male,66,-0.8304324065331153,0.6898262132372758,1,2
86,High,Low,Yes,4,Yes,2,High,Low,Positive,3,Yes,College,Moderate,Female,67,-0.4965409593293564,-1.0465146865392312,0,2
71,Medium,Medium,Yes,7,Yes,0,Low,Medium,Positive,3,No,High School,Near,Male,66,0.6720791058837999,0.4120116692730346,0,1
60,Low,Medium,No,6,Yes,4,Low,High,Negative,3,No,High School,Near,Female,63,0.6720791058837999,-0.9076074145571106,1,2
81,Medium,Medium,Yes,5,Yes,3,Medium,Medium,Positive,4,Yes,High School,Near,Male,66,0.004296211476282077,-1.0465146865392312,1,0
84,Medium,Medium,No,6,No,1,High,Medium,Positive,3,No,College,Moderate,Male,67,0.17124193507816154,-0.004710146673327003,1,0
99,Medium,Medium,Yes,6,No,1,Low,Medium,Positive,3,No,High School,Near,Male,71,1.339862000291318,-0.9770610505481708,1,1
84,Medium,High,Yes,7,Yes,1,Low,Medium,Neutral,2,No,High School,Near,Female,67,-0.6634866829312358,0.759279849228336,0,1
79,Medium,High,Yes,6,Yes,1,High,Low,Neutral,4,No,High School,Moderate,Male,69,0.5051333822819205,1.523269845129999,1,1
83,Medium,Medium,Yes,7,Yes,2,Low,Medium,Negative,4,Yes,Postgraduate,Near,Female,67,-0.1626495121255974,-0.3519783266286284,1,1
97,High,Medium,Yes,6,Yes,2,Medium,Medium,Positive,2,No,College,Moderate,Female,72,-0.1626495121255974,-0.6297928705928695,0,2
93,High,Low,No,6,Yes,2,Low,Medium,Negative,4,No,High School,Near,Female,70,1.1729162766894383,-1.1159683225302914,0,2
73,Medium,High,Yes,7,Yes,0,Low,Medium,Neutral,4,No,Postgraduate,Moderate,Male,67,0.8390248294856795,-0.3519783266286284,0,0
69,Low,High,Yes,7,Yes,0,Low,High,Negative,3,No,High School,Far,Female,64,0.8390248294856795,0.20365076129985382,1,1
71,Medium,Medium,No,8,Yes,1,Medium,High,Neutral,1,No,College,Moderate,Female,67,1.339862000291318,-0.4214319626196886,0,2
80,Low,High,No,8,Yes,3,Medium,Medium,Negative,4,No,Postgraduate,Near,Male,69,0.004296211476282077,0.4120116692730346,0,1
90,Low,Low,No,7,Yes,0,Low,Medium,Positive,3,No,College,Near,Male,68,0.6720791058837999,0.5509189412551552,0,1
80,Medium,Medium,No,8,Yes,2,Low,Low,Neutral,3,No,High School,Moderate,Male,63,-0.3295952357274769,-1.3937828664945324,1,0
63,Medium,High,Yes,7,Yes,4,High,High,Negative,3,No,College,Near,Female,68,0.338187658680041,0.6898262132372758,1,1
89,High,Medium,Yes,7,Yes,0,Medium,Medium,Positive,3,No,High School,Near,Male,70,-0.1626495121255974,1.3843625731478784,1,1
92,Medium,Low,Yes,8,Yes,0,Medium,Medium,Neutral,2,No,College,Moderate,Male,66,0.17124193507816154,-1.6715974104587736,1,0
72,High,High,No,6,Yes,0,Low,High,Negative,6,No,High School,Near,Female,68,0.6720791058837999,0.20365076129985382,1,2
87,High,Low,Yes,4,Yes,0,Low,Medium,Positive,3,No,College,Near,Male,67,-0.8304324065331153,0.3425580332819744,0,2
77,Low,High,Yes,5,Yes,0,Low,Medium,Neutral,5,No,High School,Far,Female,69,2.1745906183007153,0.6898262132372758,0,1
96,Medium,Low,Yes,9,Yes,0,Medium,Medium,Negative,3,Yes,College,Near,Female,66,-0.9973781301349948,-0.4214319626196886,0,2
94,Medium,Medium,Yes,7,Yes,3,Low,Medium,Neutral,3,No,High School,Near,Male,68,-1.1643238537368743,1.1065480291836374,1,0
81,Medium,Medium,Yes,7,Yes,2,Medium,Low,Neutral,2,Yes,Postgraduate,Moderate,Female,69,1.1729162766894383,0.13419712530879355,1,1
88,Medium,Medium,Yes,7,Yes,1,Medium,Medium,Positive,3,No,Postgraduate,Moderate,Male,70,0.8390248294856795,-0.3519783266286284,0,0
95,Medium,High,Yes,8,Yes,1,Medium,High,Neutral,3,No,College,Near,Male,74,0.6720791058837999,0.759279849228336,0,2
80,Medium,High,Yes,7,Yes,0,Low,High,Positive,0,No,College,Moderate,Female,70,0.6720791058837999,1.4538162091389386,1,2
73,Medium,Medium,Yes,7,Yes,1,Medium,High,Neutral,2,No,Postgraduate,Moderate,Male,66,0.004296211476282077,1.1065480291836374,1,0
90,High,Medium,Yes,8,Yes,1,Low,High,Negative,3,No,College,Near,Female,69,-0.8304324065331153,1.523269845129999,0,1
69,Medium,High,No,6,Yes,0,Low,Medium,Negative,3,No,Postgraduate,Near,Male,64,0.004296211476282077,-0.8381537785660502,1,0
76,Low,High,Yes,8,No,1,Low,Medium,Positive,1,No,High School,Near,Male,62,-0.6634866829312358,-1.3243292305034722,1,1
95,Low,High,No,7,Yes,0,Medium,Medium,Neutral,3,No,High School,Moderate,Female,70,1.005970553087559,0.13419712530879355,1,1
89,High,Medium,Yes,7,Yes,2,Medium,Medium,Negative,4,No,High School,Moderate,Male,68,-0.1626495121255974,-1.6021437744677132,1,1
76,Medium,Medium,Yes,6,Yes,0,Medium,High,Neutral,3,No,College,Near,Female,65,-0.8304324065331153,0.6203725772462154,1,0
69,High,High,No,7,Yes,3,Medium,Medium,Positive,3,No,High School,Moderate,Male,65,-0.3295952357274769,-0.9076074145571106,1,0
74,High,High,Yes,6,Yes,3,High,High,Positive,4,No,Postgraduate,Moderate,Female,71,0.338187658680041,-0.14361741865544755,1,0
71,High,Medium,Yes,9,Yes,2,Medium,Medium,Neutral,5,No,High School,Near,Male,66,-0.4965409593293564,0.5509189412551552,1,0
67,Medium,Medium,No,4,Yes,0,Low,Medium,Negative,3,No,College,Moderate,Male,61,-0.8304324065331153,-0.07416378266438728,1,1
90,Low,Medium,Yes,8,Yes,2,Medium,High,Negative,5,Yes,High School,Near,Male,67,0.17124193507816154,-0.9076074145571106,1,0
70,Low,High,Yes,4,Yes,0,Low,High,Neutral,2,No,College,Far,Male,65,0.17124193507816154,1.3149089371568181,0,1
78,Medium,High,No,8,Yes,0,Low,Medium,Negative,3,No,High School,Near,Female,65,-0.4965409593293564,0.8981871212104565,1,1
75,Medium,High,Yes,6,No,1,Low,Medium,Positive,5,No,High School,Moderate,Male,65,-0.4965409593293564,0.3425580332819744,0,1
99,Medium,Medium,No,8,Yes,4,Medium,Medium,Positive,4,No,High School,Moderate,Male,73,0.17124193507816154,0.6898262132372758,1,2
76,Medium,Medium,Yes,7,No,1,Medium,Low,Neutral,2,No,College,Near,Male,62,-1.4982153009406332,-0.2825246906375681,1,1
63,Medium,High,Yes,5,Yes,0,Medium,High,Negative,2,No,College,Moderate,Female,60,-1.3312695773387537,-0.4214319626196886,1,0
64,Low,Medium,Yes,9,Yes,1,Medium,Medium,Positive,3,No,College,Moderate,Female,61,-0.6634866829312358,-1.1854219585213517,1,0
84,Low,Medium,Yes,8,Yes,2,Low,Medium,Neutral,3,No,Postgraduate,Far,Male,67,-0.1626495121255974,1.0370943931925771,0,2
84,High,Medium,No,8,No,3,Medium,High,Neutral,4,No,College,Near,Male,70,0.338187658680041,-0.4214319626196886,0,1
77,Low,High,No,6,Yes,1,Medium,Medium,Positive,1,No,College,Near,Male,69,1.5068077238931974,0.6898262132372758,1,1
77,Medium,Low,Yes,8,No,0,Medium,Medium,Positive,5,No,College,Far,Female,66,0.8390248294856795,-0.6992465065839297,1,2
62,Medium,Medium,No,5,Yes,2,Low,High,Positive,3,No,College,Moderate,Male,64,-0.1626495121255974,1.0370943931925771,1,0
81,High,Medium,Yes,4,Yes,1,High,Medium,Positive,2,No,Postgraduate,Moderate,Male,68,0.004296211476282077,-1.3937828664945324,0,1
80,High,Medium,Yes,5,Yes,1,Low,Medium,Positive,4,No,Postgraduate,Far,Female,67,-0.9973781301349948,0.4120116692730346,1,1
66,Medium,Medium,No,6,Yes,0,Medium,Medium,Neutral,1,No,College,Near,Female,64,0.004296211476282077,1.0370943931925771,1,2
64,Medium,Medium,Yes,6,Yes,2,Low,Medium,Positive,2,No,College,Near,Male,65,-0.3295952357274769,0.5509189412551552,1,2
65,Low,High,Yes,6,Yes,2,High,Medium,Positive,3,Yes,Postgraduate,Near,Female,66,0.338187658680041,0.6898262132372758,1,1
64,Medium,Medium,Yes,6,Yes,2,Medium,Medium,Positive,4,Yes,High School,Near,Female,63,-0.8304324065331153,0.06474348931773327,0,2
84,High,Medium,Yes,6,Yes,2,Low,Low,Negative,2,No,High School,Moderate,Female,68,0.5051333822819205,0.20365076129985382,1,0
68,Medium,High,Yes,4,Yes,1,Medium,Medium,Negative,4,No,High School,Far,Male,66,1.5068077238931974,-1.532690138476653,0,1
70,Medium,Medium,No,7,No,3,Low,Low,Neutral,5,No,High School,Near,Male,63,-0.1626495121255974,-0.8381537785660502,1,0
67,Low,Medium,No,7,Yes,1,Low,Medium,Positive,3,No,High School,Moderate,Female,63,0.338187658680041,0.759279849228336,1,0
98,High,Medium,Yes,6,Yes,1,Medium,Medium,Positive,4,No,College,Far,Male,74,0.6720791058837999,1.523269845129999,1,1
94,Medium,High,Yes,9,Yes,1,Medium,High,Positive,2,No,College,Moderate,Male,70,-0.3295952357274769,0.13419712530879355,1,0
69,High,High,Yes,7,Yes,2,Low,Medium,Neutral,3,No,High School,Near,Male,68,0.17124193507816154,0.759279849228336,0,1
73,Medium,Medium,Yes,7,Yes,0,Medium,Medium,Neutral,4,No,Postgraduate,Moderate,Female,66,0.004296211476282077,0.6203725772462154,1,1
68,Medium,Low,No,8,Yes,0,Medium,Medium,Positive,4,No,High School,Far,Male,63,0.17124193507816154,1.7316307531031798,1,0
80,Low,High,No,5,Yes,4,Low,Medium,Positive,3,No,College,Far,Female,67,-0.8304324065331153,1.0370943931925771,1,1
61,Medium,Medium,No,7,Yes,1,Medium,Low,Neutral,3,No,High School,Moderate,Male,62,0.004296211476282077,0.4120116692730346,1,1
87,High,High,No,8,Yes,1,Medium,High,Positive,3,No,Postgraduate,Moderate,Male,71,0.5051333822819205,-1.3243292305034722,1,1
81,High,Medium,No,7,Yes,2,Medium,Medium,Neutral,4,No,Postgraduate,Near,Male,72,1.5068077238931974,-0.49088559861074893,1,1
96,Medium,Medium,Yes,5,No,1,High,Medium,Positive,2,No,Postgraduate,Near,Male,72,1.005970553087559,-0.8381537785660502,0,1
67,Medium,Medium,Yes,6,Yes,0,Low,High,Neutral,3,No,High School,Far,Female,68,2.1745906183007153,1.2454553011657579,1,2
92,Medium,Low,Yes,7,Yes,1,Medium,Medium,Negative,5,No,High School,Near,Female,66,-0.8304324065331153,-0.21307105464650783,1,0
92,Medium,Medium,No,4,Yes,0,Low,Medium,Positive,3,No,High School,Near,Male,70,0.8390248294856795,0.13419712530879355,1,1
65,Medium,Low,Yes,5,No,2,Low,Medium,Positive,4,No,Postgraduate,Near,Male,66,0.17124193507816154,1.5927234811210593,0,2
76,Medium,Medium,Yes,10,Yes,1,High,Medium,Positive,3,No,Postgraduate,Near,Female,72,2.1745906183007153,1.1760016651746976,0,0
67,High,Medium,Yes,8,Yes,0,High,High,Neutral,4,No,High School,Moderate,Female,64,-0.8304324065331153,0.9676407572015168,1,0
70,High,Medium,No,9,Yes,1,Medium,Medium,Negative,3,No,High School,Near,Female,63,-0.8304324065331153,-1.254875594512412,0,1
71,Medium,Medium,No,8,Yes,0,Low,Medium,Negative,2,No,Postgraduate,Far,Female,61,-0.6634866829312358,-1.6715974104587736,1,1
82,High,High,Yes,8,Yes,0,Low,Medium,Negative,2,No,High School,Far,Male,62,-2.165998195348151,-1.3243292305034722,0,1
76,Medium,High,No,7,Yes,1,Medium,High,Positive,4,No,High School,Near,Female,68,-0.4965409593293564,0.8287334852193963,1,2
98,Low,Medium,Yes,8,Yes,1,Medium,Medium,Positive,3,No,High School,Near,Male,68,-0.8304324065331153,-0.2825246906375681,1,0
65,Low,Medium,No,9,Yes,1,Medium,Medium,Positive,5,No,High School,Moderate,Male,63,0.17124193507816154,-1.3243292305034722,1,2
99,Medium,Low,Yes,8,Yes,1,Medium,Medium,Neutral,4,No,High School,Moderate,Female,70,0.338187658680041,0.8287334852193963,0,0
69,High,Low,Yes,7,Yes,1,Low,Medium,Neutral,3,No,Postgraduate,Near,Female,68,1.8406991710969562,-1.0465146865392312,1,1
91,High,Medium,Yes,7,Yes,1,Low,Medium,Neutral,5,No,High School,Near,Female,72,1.005970553087559,0.27310439729091407,0,1
74,Medium,Medium,Yes,8,Yes,4,Low,Low,Positive,3,No,College,Near,Male,67,-0.4965409593293564,0.8287334852193963,1,1
66,Low,High,No,6,No,1,Low,Medium,Neutral,1,No,College,Near,Male,61,-0.8304324065331153,0.3425580332819744,0,1
94,Low,Medium,No,8,No,0,Low,Medium,Neutral,3,No,Postgraduate,Near,Male,69,0.5051333822819205,1.7316307531031798,1,1
72,Medium,Low,Yes,6,Yes,2,Low,High,Negative,2,No,High School,Moderate,Female,61,-1.3312695773387537,-0.21307105464650783,0,2
86,High,High,Yes,6,Yes,3,Medium,Medium,Positive,3,No,College,Moderate,Male,75,1.8406991710969562,-0.6297928705928695,1,1
83,High,Low,No,5,Yes,0,High,Low,Neutral,2,No,College,Moderate,Female,68,1.1729162766894383,-1.0465146865392312,1,1
79,Medium,Low,Yes,6,Yes,1,Medium,High,Neutral,4,No,High School,Near,Male,65,-0.4965409593293564,-0.004710146673327003,1,0
80,High,Medium,Yes,6,Yes,4,Medium,Medium,Negative,3,No,College,Moderate,Female,67,-1.6651610245425126,1.2454553011657579,1,2
89,Medium,High,Yes,10,Yes,3,Medium,Low,Negative,6,No,High School,Near,Female,75,1.339862000291318,1.523269845129999,1,2
64,Low,Medium,No,6,Yes,1,Medium,Medium,Positive,3,No,College,Near,Male,64,-0.1626495121255974,1.6621771171121196,1,1
87,Medium,Medium,No,8,Yes,1,Low,High,Neutral,4,No,High School,Moderate,Male,70,1.1729162766894383,0.13419712530879355,1,1
96,High,High,No,6,No,0,Medium,Medium,Neutral,4,No,High School,Moderate,Female,67,-1.6651610245425126,0.3425580332819744,1,1
62,Medium,Medium,Yes,7,Yes,2,Medium,Medium,Neutral,3,No,High School,Near,Male,63,-0.6634866829312358,0.27310439729091407,1,0
66,High,High,No,7,Yes,1,Medium,Medium,Negative,4,No,College,Near,Female,65,0.004296211476282077,-0.14361741865544755,1,1
89,Medium,Medium,Yes,4,Yes,1,Medium,Medium,Positive,3,No,High School,Far,Female,67,0.004296211476282077,-1.1854219585213517,1,1
77,Low,High,Yes,5,Yes,2,High,Medium,Neutral,3,No,College,Near,Male,86,-0.4965409593293564,-1.532690138476653,1,1
76,Low,High,No,6,Yes,3,Medium,High,Neutral,3,Yes,High School,Moderate,Female,67,0.6720791058837999,-0.21307105464650783,1,2
65,High,Medium,No,5,Yes,1,High,Medium,Positive,4,No,Postgraduate,Far,Male,63,-0.9973781301349948,-1.1159683225302914,1,0
80,Medium,Medium,No,7,Yes,0,Medium,Low,Neutral,3,No,College,Moderate,Female,66,-0.1626495121255974,1.3149089371568181,1,1
65,High,High,No,7,Yes,2,Low,Medium,Neutral,1,No,High School,Near,Male,65,0.17124193507816154,0.8981871212104565,0,0
79,Medium,Medium,No,5,Yes,1,Medium,Medium,Neutral,3,No,High School,Near,Female,67,0.5051333822819205,0.4120116692730346,0,1
91,Medium,Medium,No,7,Yes,0,High,High,Neutral,4,No,College,Near,Male,69,0.6720791058837999,-1.6021437744677132,1,0
70,High,High,No,6,Yes,2,Medium,Low,Positive,2,No,Postgraduate,Near,Male,66,-1.1643238537368743,0.4120116692730346,1,1
79,Medium,Medium,Yes,7,Yes,1,High,Medium,Neutral,2,No,High School,Moderate,Male,64,-1.4982153009406332,0.4120116692730346,1,1
100,High,Low,Yes,6,Yes,1,Low,Medium,Negative,2,No,Postgraduate,Near,Female,73,1.339862000291318,-0.21307105464650783,1,1
87,Low,Medium,No,8,Yes,1,Low,Medium,Neutral,1,No,College,Far,Male,66,0.338187658680041,0.5509189412551552,1,0
94,Medium,Medium,No,9,Yes,1,Low,Medium,Negative,4,No,Postgraduate,Near,Female,68,-0.6634866829312358,1.2454553011657579,1,0
77,High,Low,Yes,8,Yes,0,Medium,High,Positive,4,No,College,Moderate,Male,70,1.5068077238931974,0.8981871212104565,1,0
91,High,Medium,No,9,Yes,2,Low,Low,Negative,2,No,High School,Near,Female,69,0.17124193507816154,-0.07416378266438728,0,1
62,Medium,High,Yes,5,Yes,4,High,Medium,Negative,4,No,High School,Near,Female,67,1.1729162766894383,-0.8381537785660502,1,0
65,Medium,Low,No,6,Yes,0,Medium,Medium,Positive,3,No,College,Moderate,Male,62,0.004296211476282077,-0.07416378266438728,0,0
68,Medium,Low,No,8,Yes,1,Low,Medium,Positive,2,No,High School,Near,Male,68,2.007644894698836,1.523269845129999,1,2
76,Medium,High,Yes,9,Yes,1,Low,Medium,Neutral,4,No,Postgraduate,Near,Male,72,1.8406991710969562,1.1065480291836374,0,1
94,Low,Medium,No,8,Yes,3,Medium,Low,Positive,5,No,Postgraduate,Near,Male,69,-0.1626495121255974,-1.6715974104587736,0,1
74,Low,Low,No,5,Yes,3,High,High,Negative,2,No,High School,Near,Male,66,1.005970553087559,0.9676407572015168,0,0
86,High,High,No,6,Yes,1,Low,Medium,Positive,3,No,High School,Moderate,Female,70,0.6720791058837999,-1.1159683225302914,1,1
88,High,Medium,No,8,Yes,0,Medium,Medium,Positive,3,No,High School,Far,Male,71,1.339862000291318,0.27310439729091407,1,1
83,Medium,Medium,Yes,7,Yes,0,Low,Low,Negative,3,No,College,Near,Female,65,-0.9973781301349948,1.0370943931925771,1,1
74,High,Medium,Yes,6,Yes,3,Low,High,Positive,3,No,College,Near,Female,70,0.6720791058837999,0.20365076129985382,1,1
83,Low,Low,No,7,No,2,Medium,High,Negative,4,Yes,High School,Moderate,Male,65,1.005970553087559,-0.3519783266286284,1,2
74,Medium,High,No,7,Yes,1,High,High,Neutral,3,No,High School,Far,Female,62,-1.8321067481443922,-0.6297928705928695,0,0
63,High,Medium,Yes,5,Yes,2,High,Medium,Neutral,2,No,High School,Far,Male,62,-1.1643238537368743,-0.6992465065839297,0,1
100,High,Medium,Yes,8,Yes,1,Medium,High,Neutral,3,No,Postgraduate,Moderate,Female,70,-1.9990524717462717,1.1760016651746976,1,1
65,Medium,High,Yes,6,No,5,Low,Medium,Neutral,3,No,College,Near,Male,66,-0.3295952357274769,1.1065480291836374,0,1
63,High,Low,Yes,7,Yes,4,Low,Medium,Positive,4,No,High School,Near,Female,67,0.6720791058837999,1.1065480291836374,0,0
95,Medium,Low,No,9,Yes,1,Medium,High,Positive,3,No,High School,Near,Female,72,1.5068077238931974,-0.76870014257499,1,1
72,High,Low,Yes,7,Yes,0,Low,High,Negative,3,No,Postgraduate,Near,Female,66,0.004296211476282077,1.0370943931925771,0,0
86,Medium,Low,Yes,8,Yes,2,Medium,Medium,Negative,2,Yes,College,Moderate,Female,68,1.6737534474950768,-1.6021437744677132,1,1
73,High,Medium,No,5,Yes,1,Low,Medium,Negative,4,No,High School,Moderate,Male,62,-1.3312695773387537,-1.0465146865392312,1,1
76,Low,Medium,Yes,8,Yes,2,High,High,Positive,3,Yes,Postgraduate,Moderate,Male,64,-1.6651610245425126,0.06474348931773327,0,1
70,Medium,Medium,No,8,Yes,0,Low,Medium,Neutral,5,No,Postgraduate,Near,Female,65,0.004296211476282077,-0.3519783266286284,1,1
74,Medium,Low,Yes,6,Yes,4,Medium,High,Negative,3,No,Postgraduate,Moderate,Male,66,0.338187658680041,-1.3243292305034722,1,0
76,Medium,Low,No,7,Yes,2,Low,High,Neutral,3,No,High School,Near,Female,64,0.004296211476282077,-1.6021437744677132,0,1
89,Medium,High,Yes,7,Yes,4,Low,Medium,Neutral,3,No,College,Near,Male,67,-1.9990524717462717,0.4120116692730346,1,0
80,High,Medium,Yes,7,Yes,4,Medium,Medium,Negative,4,No,College,Near,Female,69,-0.1626495121255974,-0.6297928705928695,1,0
98,High,Medium,Yes,8,Yes,0,Medium,Low,Positive,5,No,Postgraduate,Moderate,Male,68,-1.3312695773387537,-1.6715974104587736,1,1
62,Medium,Medium,No,6,Yes,2,Low,Low,Neutral,4,No,High School,Near,Male,64,0.6720791058837999,-0.21307105464650783,1,2
80,High,Medium,Yes,7,Yes,2,High,Medium,Neutral,2,No,High School,Moderate,Female,68,0.338187658680041,-0.6992465065839297,0,1
83,Low,Low,Yes,9,Yes,1,Medium,Low,Positive,3,No,High School,Near,Male,64,-0.9973781301349948,0.27310439729091407,1,1
97,Medium,High,No,9,Yes,0,High,Medium,Negative,1,No,Postgraduate,Near,Male,71,-0.4965409593293564,1.4538162091389386,1,2
62,High,High,Yes,8,Yes,3,Low,Medium,Negative,2,No,High School,Far,Male,61,-0.9973781301349948,-0.6992465065839297,1,0
83,Low,Medium,No,7,Yes,4,Low,Medium,Negative,3,No,College,Near,Male,68,0.004296211476282077,1.7316307531031798,1,1
94,High,Medium,Yes,10,Yes,2,High,Medium,Neutral,5,No,High School,Near,Male,73,1.005970553087559,-1.4632365024855927,1,0
70,High,Medium,Yes,9,No,3,Medium,Medium,Positive,1,No,College,Near,Male,64,-0.9973781301349948,-1.4632365024855927,1,1
95,Medium,Medium,Yes,7,Yes,3,Low,Medium,Positive,4,Yes,Postgraduate,Far,Male,72,0.5051333822819205,0.759279849228336,1,1
61,Medium,Medium,Yes,7,Yes,5,Medium,Medium,Neutral,3,No,High School,Near,Male,65,-0.4965409593293564,0.8287334852193963,1,2
89,Medium,Medium,Yes,6,Yes,1,Medium,High,Positive,4,No,High School,Near,Female,68,-0.8304324065331153,-0.2825246906375681,1,1
97,High,Low,Yes,8,Yes,2,Low,High,Positive,3,No,High School,Near,Male,71,-0.1626495121255974,-0.76870014257499,1,1
86,Medium,Low,Yes,8,No,3,Medium,Medium,Negative,3,Yes,Postgraduate,Near,Male,65,-0.9973781301349948,1.0370943931925771,1,1
78,Medium,Medium,No,8,Yes,2,Medium,Medium,Positive,2,No,High School,Near,Male,66,-0.4965409593293564,1.5927234811210593,0,0
62,Low,High,No,7,Yes,4,Medium,Low,Positive,1,No,Postgraduate,Moderate,Female,63,-1.1643238537368743,1.6621771171121196,1,1
97,Medium,High,No,5,Yes,1,Medium,Medium,Neutral,3,No,High School,Moderate,Male,74,2.007644894698836,0.4814653052640949,1,1
79,High,Low,Yes,7,No,2,Medium,High,Neutral,4,Yes,High School,Near,Female,66,0.004296211476282077,0.8287334852193963,0,0
61,Medium,Low,No,8,Yes,2,Medium,High,Neutral,3,No,College,Moderate,Male,63,-0.6634866829312358,1.1065480291836374,1,2
88,High,Medium,Yes,6,Yes,2,High,Medium,Neutral,4,No,High School,Moderate,Male,72,0.17124193507816154,1.0370943931925771,0,2
79,Medium,High,No,7,Yes,1,High,High,Positive,2,No,College,Far,Female,69,-0.1626495121255974,1.7316307531031798,1,0
65,Medium,High,Yes,9,Yes,1,Medium,High,Positive,4,No,College,Near,Male,67,-0.1626495121255974,1.1065480291836374,1,1
69,Low,High,No,5,Yes,3,Low,Medium,Neutral,3,No,High School,Near,Male,66,0.6720791058837999,0.5509189412551552,0,0
63,High,Medium,No,7,Yes,0,Low,High,Negative,5,No,High School,Moderate,Female,64,0.8390248294856795,-0.4214319626196886,0,1
83,Low,Medium,No,9,Yes,4,Medium,High,Negative,2,No,College,Near,Female,67,-0.4965409593293564,0.3425580332819744,1,1
85,Medium,Low,No,7,Yes,4,Low,Medium,Positive,3,No,College,Near,Female,69,-0.4965409593293564,1.3149089371568181,1,2
80,Medium,Low,Yes,6,Yes,2,Low,High,Negative,2,No,College,Near,Female,65,-0.3295952357274769,-0.6992465065839297,1,1
93,Medium,Medium,No,7,Yes,0,Medium,Medium,Neutral,2,No,College,Near,Female,64,-2.3329439189500305,-1.6021437744677132,1,2
94,Medium,Low,Yes,8,No,1,High,Low,Neutral,4,No,High School,Near,Female,65,-1.4982153009406332,-0.6297928705928695,1,2
85,Medium,High,Yes,7,Yes,2,Low,High,Positive,1,Yes,High School,Near,Male,72,1.339862000291318,1.5927234811210593,0,1
61,Low,High,Yes,8,Yes,2,Low,High,Negative,2,No,High School,Moderate,Female,66,1.6737534474950768,1.0370943931925771,1,1
88,Medium,Low,No,7,Yes,2,Low,Medium,Neutral,3,No,College,Near,Female,66,-0.1626495121255974,-1.1159683225302914,1,1
77,High,High,Yes,7,Yes,1,Low,Low,Positive,3,No,College,Moderate,Male,67,0.5051333822819205,-1.6715974104587736,0,1
83,Medium,Medium,Yes,8,Yes,1,High,Medium,Negative,3,Yes,Postgraduate,Moderate,Male,69,0.338187658680041,0.5509189412551552,0,2
86,Low,High,Yes,7,Yes,3,Low,Medium,Negative,3,No,High School,Near,Male,73,3.0093192363101124,0.27310439729091407,1,0
74,Medium,High,No,6,Yes,3,Medium,Medium,Neutral,3,No,College,Near,Female,69,1.1729162766894383,-1.4632365024855927,1,1
97,Medium,Low,No,8,Yes,1,Low,Medium,Neutral,4,Yes,High School,Near,Male,68,-0.1626495121255974,1.5927234811210593,0,1
65,Low,Medium,Yes,7,Yes,1,Low,Medium,Positive,3,No,High School,Moderate,Female,61,-0.9973781301349948,0.4120116692730346,1,1
87,Medium,Low,Yes,6,No,0,Low,Medium,Positive,4,No,High School,Near,Male,63,-1.6651610245425126,0.5509189412551552,1,1
60,Medium,High,Yes,8,Yes,0,Low,Medium,Positive,2,No,High School,Far,Female,63,0.17124193507816154,1.2454553011657579,1,0
97,Low,Medium,Yes,9,Yes,1,Low,High,Neutral,2,No,College,Near,Male,68,-0.8304324065331153,-0.5603392346018092,1,1
65,Medium,High,No,7,Yes,2,Low,Medium,Neutral,3,No,Postgraduate,Near,Female,63,-1.4982153009406332,0.20365076129985382,1,1
64,High,Medium,Yes,7,Yes,3,Medium,Medium,Positive,4,Yes,Postgraduate,Near,Female,66,-0.6634866829312358,0.27310439729091407,0,1
73,High,Medium,Yes,5,Yes,2,Low,Medium,Negative,4,No,High School,Moderate,Female,65,-0.9973781301349948,1.5927234811210593,1,1
75,High,High,No,7,Yes,0,Low,Medium,Neutral,1,Yes,College,Near,Female,68,1.6737534474950768,-1.254875594512412,1,2
69,Medium,Medium,Yes,7,Yes,0,Low,Medium,Negative,4,No,College,Near,Female,66,0.8390248294856795,0.8981871212104565,1,2
83,Low,Low,No,7,No,2,Medium,Medium,Positive,5,No,Postgraduate,Moderate,Male,66,0.004296211476282077,0.27310439729091407,1,0
78,High,Medium,No,6,Yes,2,Low,Medium,Negative,4,No,High School,Near,Male,70,1.5068077238931974,1.1760016651746976,0,1
61,Low,Low,Yes,8,Yes,0,Medium,Medium,Negative,2,No,High School,Near,Female,61,0.004296211476282077,1.1760016651746976,1,1
73,Medium,Low,Yes,7,Yes,2,Low,High,Negative,3,No,High School,Moderate,Male,61,-0.8304324065331153,-1.6715974104587736,0,1
92,Medium,Medium,Yes,10,Yes,1,Low,High,Negative,4,No,High School,Moderate,Male,71,1.5068077238931974,-0.8381537785660502,0,2
88,Low,Medium,Yes,7,Yes,1,Medium,Medium,Negative,2,No,High School,Near,Male,67,0.5051333822819205,-1.1159683225302914,1,1
89,High,High,Yes,4,Yes,2,Medium,High,Negative,3,No,College,Near,Male,70,-0.9973781301349948,-0.14361741865544755,1,1
88,High,Medium,No,5,Yes,2,Low,Medium,Negative,4,No,College,Moderate,Male,69,-0.1626495121255974,1.3843625731478784,0,1
72,High,High,No,8,Yes,2,Medium,Medium,Neutral,4,No,High School,Near,Female,65,-0.8304324065331153,-1.7410510464498339,1,1
64,High,Low,Yes,6,Yes,0,Medium,Medium,Positive,2,No,High School,Moderate,Male,61,-1.3312695773387537,-0.07416378266438728,1,2
71,Medium,Low,No,6,Yes,3,Low,Medium,Positive,4,No,Postgraduate,Near,Male,68,1.005970553087559,1.3149089371568181,1,0
93,High,Low,Yes,5,Yes,2,Low,Medium,Positive,2,No,High School,Near,Male,74,1.8406991710969562,1.4538162091389386,1,1
99,Medium,Medium,No,6,Yes,1,Medium,Medium,Negative,3,No,High School,Near,Female,67,-1.3312695773387537,0.5509189412551552,1,0
80,Medium,Medium,Yes,7,Yes,5,High,Medium,Negative,1,No,High School,Near,Female,70,0.5051333822819205,1.1065480291836374,1,0
60,Low,Medium,Yes,8,Yes,1,High,High,Neutral,2,Yes,High School,Moderate,Female,59,-0.6634866829312358,-0.6297928705928695,0,0
66,High,High,No,5,Yes,0,Medium,High,Neutral,2,No,College,Near,Male,64,-0.4965409593293564,-0.76870014257499,0,0
73,High,Medium,Yes,8,Yes,2,Medium,High,Positive,4,No,College,Near,Female,66,-0.6634866829312358,-1.6021437744677132,1,1
83,Low,Low,Yes,5,Yes,1,Medium,Medium,Neutral,3,No,High School,Far,Female,63,-0.8304324065331153,-0.004710146673327003,1,1
63,Low,Low,Yes,8,Yes,0,High,Medium,Neutral,3,No,College,Near,Female,61,0.004296211476282077,-0.14361741865544755,1,0
98,Low,High,Yes,8,Yes,2,Low,Medium,Neutral,4,No,High School,Moderate,Female,68,-0.8304324065331153,-0.4214319626196886,1,0
75,Medium,Medium,No,6,Yes,3,Medium,Medium,Positive,3,No,High School,Far,Male,65,0.338187658680041,-1.3243292305034722,0,0
97,Medium,High,No,5,Yes,1,Medium,Medium,Neutral,4,No,High School,Far,Male,69,0.004296211476282077,-0.9076074145571106,0,1
91,High,Low,Yes,8,Yes,2,Low,Medium,Neutral,4,No,High School,Moderate,Male,68,-0.1626495121255974,-1.0465146865392312,0,1
90,Medium,Low,Yes,6,Yes,2,High,High,Positive,2,No,High School,Near,Male,69,-0.8304324065331153,1.523269845129999,1,0
84,Medium,Low,Yes,7,Yes,1,Low,High,Neutral,2,No,College,Far,Female,67,-0.4965409593293564,1.5927234811210593,1,2
85,High,High,No,8,Yes,1,High,Medium,Neutral,1,No,College,Moderate,Female,70,0.8390248294856795,-1.7410510464498339,1,2
86,Medium,Medium,Yes,8,Yes,1,Low,Medium,Neutral,3,No,Postgraduate,Moderate,Female,68,0.5051333822819205,-1.1159683225302914,1,0
85,Medium,Medium,No,6,Yes,0,High,Medium,Positive,4,No,College,Near,Male,67,-0.9973781301349948,1.3149089371568181,1,0
82,High,Medium,No,7,Yes,4,Low,Medium,Neutral,3,No,High School,Far,Male,67,0.17124193507816154,-1.6021437744677132,1,1
99,High,Medium,Yes,6,Yes,0,Medium,Medium,Positive,3,No,College,Moderate,Male,75,0.8390248294856795,1.523269845129999,1,2
89,Low,Low,Yes,8,Yes,3,Low,Medium,Negative,4,No,College,Moderate,Male,63,-1.6651610245425126,-0.4214319626196886,1,0
91,Low,Medium,No,9,Yes,1,Low,Medium,Positive,5,No,High School,Near,Male,70,0.5051333822819205,0.13419712530879355,1,2
95,Medium,Low,Yes,6,Yes,2,High,High,Positive,4,No,High School,Near,Female,70,-0.6634866829312358,0.8981871212104565,1,0
69,Medium,High,Yes,7,Yes,1,Medium,Medium,Neutral,4,Yes,High School,Far,Male,64,0.5051333822819205,-0.9076074145571106,1,1
63,Medium,Low,No,8,Yes,0,Medium,Low,Neutral,3,No,College,Near,Female,59,-0.8304324065331153,-1.3937828664945324,1,0
79,Medium,Low,No,7,Yes,1,High,Low,Neutral,3,No,High School,Near,Male,63,-1.8321067481443922,1.0370943931925771,1,2
81,High,Medium,Yes,8,No,2,Medium,Medium,Positive,4,No,Postgraduate,Moderate,Female,67,-1.6651610245425126,1.6621771171121196,1,1
93,Low,High,Yes,7,Yes,0,Medium,Medium,Negative,2,Yes,High School,Near,Male,68,0.004296211476282077,0.5509189412551552,0,1
78,Medium,Medium,Yes,5,Yes,0,Medium,High,Negative,3,No,Postgraduate,Near,Male,68,0.338187658680041,1.1065480291836374,0,0
83,Medium,Medium,No,7,Yes,2,Low,High,Neutral,2,No,High School,Near,Female,97,-0.8304324065331153,1.523269845129999,0,1
81,Medium,Low,No,9,Yes,1,Low,Low,Positive,4,No,College,Near,Female,66,0.6720791058837999,-0.9770610505481708,1,1
62,Medium,Low,No,7,Yes,3,Medium,Medium,Neutral,3,No,Postgraduate,Near,Male,61,-1.6651610245425126,-0.49088559861074893,1,2
85,High,Medium,No,9,Yes,2,High,Medium,Positive,3,No,College,Near,Male,70,0.004296211476282077,-0.9770610505481708,1,2
93,Low,Low,Yes,4,Yes,1,Medium,Low,Positive,1,No,Postgraduate,Near,Male,65,-1.1643238537368743,-1.532690138476653,1,2
66,Low,Medium,Yes,8,Yes,3,Medium,Medium,Positive,2,No,High School,Moderate,Female,64,-0.6634866829312358,0.8287334852193963,1,2
84,Medium,High,Yes,6,Yes,2,Medium,Medium,Positive,4,No,High School,Far,Female,69,0.004296211476282077,-1.254875594512412,1,2
84,Medium,High,No,6,Yes,1,Medium,Medium,Negative,2,No,High School,Near,Male,64,-0.8304324065331153,-1.3937828664945324,0,0
67,Low,Low,Yes,9,Yes,2,Low,High,Negative,2,No,Postgraduate,Near,Male,61,-0.3295952357274769,-0.49088559861074893,0,0
65,Low,Medium,No,7,Yes,3,High,Medium,Positive,2,No,High School,Near,Female,64,1.005970553087559,-1.532690138476653,1,0
99,Medium,High,No,6,Yes,0,Medium,Medium,Neutral,3,No,High School,Moderate,Male,68,-0.4965409593293564,-1.1159683225302914,1,1
76,Medium,High,No,8,Yes,1,High,High,Positive,3,Yes,High School,Far,Female,67,0.8390248294856795,-1.532690138476653,1,2
69,High,Low,No,4,Yes,3,Low,Low,Positive,3,Yes,High School,Near,Male,62,-1.1643238537368743,1.3149089371568181,1,1
67,Medium,Medium,Yes,9,Yes,2,Low,High,Neutral,2,No,High School,Near,Female,66,0.5051333822819205,0.9676407572015168,1,1
87,Medium,High,Yes,10,Yes,1,Low,Medium,Neutral,4,No,High School,Moderate,Male,72,1.5068077238931974,1.2454553011657579,1,2
84,Medium,Medium,Yes,8,Yes,4,High,High,Positive,3,No,College,Moderate,Male,68,-2.49988964255191,1.2454553011657579,1,2
86,Medium,High,Yes,8,Yes,4,High,Medium,Positive,3,No,High School,Near,Male,71,-0.8304324065331153,1.523269845129999,1,1
64,Medium,Medium,Yes,7,Yes,3,Medium,Medium,Positive,2,No,High School,Moderate,Female,65,0.5051333822819205,-1.1159683225302914,1,2
96,Medium,Low,Yes,5,No,2,Medium,Low,Neutral,3,No,High School,Moderate,Female,68,-0.1626495121255974,1.3843625731478784,0,0
76,Medium,Low,No,9,Yes,2,Low,High,Neutral,5,No,High School,Far,Female,65,0.338187658680041,0.06474348931773327,1,1
73,High,Low,Yes,8,Yes,1,Medium,Medium,Neutral,4,No,High School,Near,Female,64,-0.6634866829312358,-1.1854219585213517,1,1
78,Medium,Low,No,8,Yes,2,Medium,Medium,Positive,4,Yes,High School,Far,Male,65,0.17124193507816154,0.5509189412551552,1,1
76,High,High,Yes,8,Yes,0,Low,High,Negative,4,Yes,High School,Near,Male,65,-0.1626495121255974,-0.6297928705928695,0,0
95,High,Medium,No,7,Yes,3,Medium,High,Negative,3,No,College,Moderate,Female,73,1.1729162766894383,-1.6021437744677132,0,2
97,Medium,High,Yes,6,Yes,1,Low,High,Positive,3,No,Postgraduate,Near,Male,72,0.338187658680041,-1.4632365024855927,1,1
72,Low,Medium,Yes,10,Yes,1,Medium,Medium,Negative,1,No,College,Near,Male,64,0.338187658680041,-0.2825246906375681,0,1
95,Medium,Medium,Yes,7,Yes,0,Low,Medium,Positive,4,Yes,Postgraduate,Moderate,Male,69,-0.3295952357274769,1.1065480291836374,1,0
91,Medium,Medium,No,6,Yes,1,High,Medium,Positive,3,No,High School,Near,Male,69,-0.4965409593293564,-0.6297928705928695,0,2
97,Medium,High,Yes,9,No,0,Medium,Medium,Positive,2,No,High School,Near,Male,70,-0.4965409593293564,0.8981871212104565,1,1
70,Low,Medium,No,7,Yes,1,Low,Medium,Positive,3,No,High School,Near,Female,83,0.338187658680041,-1.532690138476653,1,0
83,High,Medium,No,7,Yes,3,Low,Medium,Neutral,5,No,Postgraduate,Near,Female,68,-0.4965409593293564,-0.3519783266286284,0,0
71,Low,High,Yes,9,Yes,1,Low,High,Neutral,3,Yes,College,Near,Female,84,0.338187658680041,-1.3243292305034722,1,2
93,Medium,Medium,Yes,8,Yes,1,Medium,High,Negative,3,No,Postgraduate,Far,Female,75,2.007644894698836,1.2454553011657579,1,2
60,Low,High,No,8,Yes,1,Medium,Medium,Neutral,5,No,Postgraduate,Near,Female,67,0.8390248294856795,1.5927234811210593,1,1
83,Medium,High,Yes,5,Yes,0,High,Medium,Positive,4,No,Postgraduate,Near,Male,69,-0.3295952357274769,-0.6297928705928695,0,1
74,High,Medium,No,8,No,3,Medium,Medium,Positive,4,No,High School,Near,Male,71,1.1729162766894383,1.6621771171121196,1,2
73,Medium,Low,Yes,5,Yes,1,Medium,Medium,Positive,5,No,College,Near,Female,66,-0.3295952357274769,0.8981871212104565,1,1
86,Medium,High,No,6,Yes,1,Medium,Medium,Positive,2,No,College,Near,Male,65,-1.9990524717462717,-1.7410510464498339,1,2
94,High,Medium,No,7,Yes,1,High,Medium,Positive,5,No,College,Near,Male,70,-0.9973781301349948,-0.07416378266438728,0,1
84,High,Low,No,7,Yes,1,Low,High,Negative,4,No,Postgraduate,Near,Male,66,-1.8321067481443922,1.1760016651746976,1,2
94,High,Medium,Yes,8,Yes,3,Medium,High,Positive,4,No,Postgraduate,Near,Male,74,-0.3295952357274769,0.13419712530879355,1,1
71,High,Medium,No,8,Yes,0,High,Medium,Neutral,4,No,High School,Moderate,Male,66,0.004296211476282077,0.13419712530879355,0,1
81,Medium,High,No,8,Yes,0,Low,Medium,Neutral,2,No,High School,Moderate,Male,68,1.6737534474950768,-0.21307105464650783,1,0
78,Medium,High,Yes,5,Yes,2,Low,Medium,Positive,1,No,College,Near,Male,68,0.338187658680041,-0.3519783266286284,1,1
60,Medium,High,No,10,Yes,0,Medium,Medium,Positive,3,Yes,College,Near,Female,62,-0.1626495121255974,-1.6715974104587736,1,1
82,Medium,High,Yes,7,Yes,2,Medium,Medium,Neutral,2,No,Postgraduate,Moderate,Male,71,0.8390248294856795,0.4120116692730346,0,1
86,Medium,Low,No,9,Yes,2,Low,Medium,Negative,2,No,College,Near,Female,63,-2.165998195348151,0.8981871212104565,1,1
84,High,High,No,4,Yes,2,Medium,Low,Neutral,3,No,High School,Far,Male,69,0.17124193507816154,1.0370943931925771,1,1
89,Medium,Medium,Yes,7,Yes,3,Medium,Medium,Negative,0,No,College,Near,Male,71,0.8390248294856795,0.4120116692730346,1,2
83,High,Low,Yes,5,Yes,1,Medium,Medium,Positive,2,No,Postgraduate,Near,Male,66,-1.4982153009406332,-0.5603392346018092,1,1
63,Medium,High,No,6,Yes,0,Low,Medium,Positive,2,No,Postgraduate,Moderate,Male,64,1.1729162766894383,-1.6715974104587736,1,0
65,Medium,Medium,Yes,7,Yes,3,Low,Medium,Positive,2,No,High School,Moderate,Female,65,0.338187658680041,1.3843625731478784,1,0
84,Medium,High,No,6,Yes,4,Medium,Low,Positive,2,No,High School,Near,Female,69,-0.3295952357274769,-0.2825246906375681,1,1
71,Medium,Low,No,9,Yes,2,Medium,High,Positive,3,No,High School,Near,Female,66,0.6720791058837999,0.3425580332819744,0,1
63,Medium,High,Yes,10,Yes,1,Medium,Medium,Negative,4,No,High School,Near,Female,67,2.3415363419025947,-1.0465146865392312,1,0
77,Medium,Low,Yes,6,Yes,4,Low,Medium,Negative,5,No,High School,Far,Male,65,0.17124193507816154,-1.254875594512412,1,1
82,Low,Low,Yes,6,Yes,3,Low,Medium,Negative,2,No,College,Moderate,Male,65,0.17124193507816154,-1.4632365024855927,1,2
73,High,Medium,No,5,Yes,1,Low,Medium,Positive,4,No,High School,Near,Male,67,-0.4965409593293564,1.0370943931925771,0,2
89,Low,Medium,Yes,9,Yes,1,Medium,Medium,Neutral,3,No,College,Near,Male,66,-0.8304324065331153,0.4814653052640949,1,0
86,Medium,Medium,Yes,7,Yes,1,High,Low,Positive,1,No,High School,Near,Male,69,0.8390248294856795,0.4120116692730346,1,0
73,Medium,High,No,7,Yes,1,Low,Medium,Negative,2,No,College,Near,Male,64,-0.8304324065331153,1.4538162091389386,1,0
90,Medium,Medium,Yes,7,Yes,1,High,High,Neutral,4,No,High School,Near,Male,70,0.004296211476282077,-1.1854219585213517,0,2
86,High,Medium,Yes,7,Yes,3,Low,Medium,Positive,3,No,Postgraduate,Moderate,Male,68,-0.4965409593293564,-1.1159683225302914,1,0
85,High,Low,Yes,6,Yes,1,Medium,Medium,Negative,1,No,High School,Near,Male,68,0.5051333822819205,-1.1159683225302914,1,0
82,High,Medium,Yes,7,Yes,1,High,Medium,Positive,3,No,High School,Near,Female,69,0.338187658680041,-0.2825246906375681,0,0
60,Medium,Medium,Yes,7,Yes,3,High,Medium,Positive,2,No,High School,Moderate,Female,68,1.005970553087559,1.3149089371568181,1,2
88,Medium,Medium,Yes,8,Yes,5,Medium,Medium,Neutral,2,Yes,College,Near,Female,70,-0.4965409593293564,1.3149089371568181,1,1
75,High,Medium,Yes,5,Yes,2,Low,High,Neutral,3,No,High School,Near,Female,67,-0.3295952357274769,0.3425580332819744,1,1
98,High,High,Yes,7,No,3,Low,Medium,Positive,3,No,College,Near,Male,72,-0.9973781301349948,0.5509189412551552,1,1
93,High,Low,No,6,Yes,1,Low,Medium,Neutral,4,No,High School,Near,Male,69,-0.4965409593293564,1.3843625731478784,1,1
84,High,Medium,No,7,Yes,1,Medium,Low,Positive,3,No,High School,Moderate,Male,69,0.338187658680041,0.4120116692730346,0,1
70,Low,Medium,Yes,8,No,3,Low,Medium,Positive,4,No,College,Moderate,Female,64,0.8390248294856795,-0.9770610505481708,1,0
68,Low,Medium,Yes,6,Yes,2,Medium,Medium,Neutral,3,No,High School,Near,Female,63,-0.9973781301349948,0.6898262132372758,1,1
74,High,High,Yes,9,Yes,3,Medium,High,Neutral,3,Yes,High School,Near,Male,70,0.8390248294856795,0.8981871212104565,1,1
79,High,Medium,Yes,4,Yes,0,Medium,Medium,Positive,3,No,High School,Near,Male,70,1.339862000291318,0.4814653052640949,0,1
72,High,Medium,Yes,9,Yes,1,Medium,Medium,Negative,2,No,College,Near,Female,66,0.338187658680041,-0.76870014257499,1,0
81,Medium,Medium,No,9,Yes,1,Low,Medium,Neutral,4,No,Postgraduate,Near,Female,70,1.8406991710969562,-0.3519783266286284,1,0
67,Medium,High,Yes,6,Yes,0,High,Medium,Positive,2,No,Postgraduate,Near,Female,66,-0.8304324065331153,-0.07416378266438728,1,2
99,Medium,Medium,Yes,6,Yes,1,Low,Medium,Negative,5,No,College,Near,Male,68,-1.1643238537368743,-1.254875594512412,1,1
64,Medium,Medium,No,5,Yes,1,Medium,Medium,Positive,4,No,College,Near,Male,61,-1.8321067481443922,-0.14361741865544755,1,1
97,Medium,Medium,No,8,Yes,1,High,Medium,Negative,4,No,College,Moderate,Female,72,1.5068077238931974,-1.1854219585213517,0,1
97,High,Low,No,7,Yes,1,Medium,Medium,Negative,2,No,High School,Moderate,Female,69,0.6720791058837999,-0.004710146673327003,1,0
81,Medium,Low,Yes,6,Yes,0,Medium,Low,Neutral,4,No,High School,Far,Female,63,0.004296211476282077,-1.532690138476653,1,0
89,Medium,High,Yes,5,Yes,2,Medium,Medium,Neutral,5,No,High School,Near,Male,72,0.338187658680041,1.523269845129999,0,1
77,Medium,Medium,Yes,10,Yes,1,High,Medium,Neutral,4,No,College,Moderate,Male,65,-1.1643238537368743,-0.9076074145571106,0,1
85,Medium,High,Yes,6,Yes,1,High,Medium,Negative,5,No,High School,Moderate,Female,74,2.508482065504474,-0.14361741865544755,1,2
74,Medium,Low,Yes,7,Yes,1,High,Medium,Negative,4,No,High School,Far,Male,62,0.17124193507816154,-1.6021437744677132,1,0
72,High,Medium,No,7,Yes,0,Low,Medium,Neutral,4,No,Postgraduate,Near,Male,65,0.17124193507816154,-1.0465146865392312,0,0
83,Low,High,No,6,Yes,1,Low,High,Neutral,4,No,High School,Moderate,Female,68,0.6720791058837999,0.6898262132372758,1,0
80,Medium,Low,Yes,6,Yes,3,Medium,Medium,Positive,2,Yes,High School,Near,Male,66,0.5051333822819205,-1.3243292305034722,1,1
83,High,Medium,Yes,6,Yes,3,High,Medium,Negative,4,No,Postgraduate,Moderate,Male,71,0.17124193507816154,0.4120116692730346,1,0
71,Medium,High,No,8,Yes,1,Medium,Medium,Neutral,2,Yes,Postgraduate,Near,Female,62,-0.8304324065331153,-1.7410510464498339,1,0
75,Low,High,Yes,6,Yes,1,Low,Medium,Positive,2,No,High School,Moderate,Female,65,0.5051333822819205,-0.14361741865544755,1,0
63,Medium,High,No,9,Yes,0,High,Medium,Neutral,3,No,Postgraduate,Moderate,Male,68,1.8406991710969562,0.759279849228336,1,0
62,Medium,High,No,6,Yes,4,Medium,High,Positive,3,No,High School,Near,Male,70,1.339862000291318,1.4538162091389386,1,1
70,Low,Medium,No,8,Yes,1,Medium,Medium,Positive,2,No,High School,Near,Female,67,1.6737534474950768,-0.004710146673327003,0,1
63,Medium,Medium,No,4,Yes,2,Low,Medium,Negative,4,No,High School,Near,Female,63,-0.4965409593293564,1.1760016651746976,1,1
64,High,High,Yes,6,Yes,0,Low,High,Negative,2,No,High School,Near,Female,63,-0.9973781301349948,1.0370943931925771,0,0
93,Medium,High,No,6,Yes,0,Medium,High,Neutral,3,No,High School,Near,Male,69,-0.1626495121255974,-0.6992465065839297,1,1
62,Low,Medium,Yes,5,Yes,3,Medium,Medium,Neutral,3,No,Postgraduate,Near,Male,66,0.004296211476282077,1.3149089371568181,1,2
86,Medium,Medium,Yes,7,Yes,2,Low,Medium,Positive,3,No,High School,Moderate,Female,70,1.1729162766894383,0.4814653052640949,1,0
71,Medium,Medium,Yes,7,Yes,2,Low,High,Positive,3,No,College,Near,Female,63,-1.6651610245425126,-1.3937828664945324,1,2
95,Low,Medium,Yes,4,Yes,0,Medium,Medium,Positive,4,Yes,College,Moderate,Female,72,1.5068077238931974,1.523269845129999,0,1
79,High,Medium,Yes,10,Yes,1,Medium,Medium,Neutral,3,Yes,College,Moderate,Male,65,-0.1626495121255974,-1.1159683225302914,1,0
72,Medium,High,Yes,7,Yes,2,High,Medium,Positive,4,No,Postgraduate,Far,Male,67,-0.4965409593293564,-0.07416378266438728,1,0
81,Medium,Medium,Yes,7,No,1,High,Medium,Positive,3,Yes,High School,Moderate,Male,63,-0.9973781301349948,-0.14361741865544755,0,0
75,High,Medium,No,9,Yes,3,Low,High,Negative,5,No,High School,Near,Female,65,-1.6651610245425126,0.4120116692730346,1,1
83,Medium,Medium,Yes,8,Yes,2,Low,Medium,Neutral,1,Yes,High School,Moderate,Female,67,0.8390248294856795,0.5509189412551552,1,1
65,Medium,Low,Yes,7,Yes,0,Medium,Medium,Neutral,0,Yes,Postgraduate,Near,Male,80,0.004296211476282077,-0.9076074145571106,1,2
100,Medium,Medium,Yes,4,Yes,2,Low,Medium,Neutral,3,No,College,Far,Male,68,-1.3312695773387537,-0.49088559861074893,1,1
77,Medium,Medium,Yes,8,Yes,2,Low,High,Negative,2,No,College,Moderate,Male,63,-1.3312695773387537,-1.254875594512412,1,1
74,Medium,Medium,No,6,Yes,1,Medium,Medium,Positive,3,No,College,Moderate,Male,64,-0.3295952357274769,-1.3243292305034722,0,1
88,Medium,Medium,No,9,Yes,3,Medium,Low,Positive,3,No,High School,Near,Female,73,1.6737534474950768,1.1065480291836374,1,1
75,Medium,Medium,Yes,6,Yes,2,Medium,High,Negative,1,Yes,Postgraduate,Near,Female,66,-0.3295952357274769,0.8981871212104565,1,0
93,Medium,Medium,Yes,6,Yes,2,Low,Medium,Negative,3,No,College,Moderate,Male,66,-1.4982153009406332,-0.21307105464650783,1,0
78,High,High,No,5,Yes,0,Medium,Medium,Neutral,4,No,High School,Moderate,Male,66,-0.1626495121255974,-1.3937828664945324,1,1
89,Medium,High,Yes,5,Yes,4,Medium,Low,Neutral,2,No,High School,Near,Female,69,-0.3295952357274769,-0.21307105464650783,1,0
64,Medium,High,Yes,7,Yes,1,Medium,High,Negative,4,No,High School,Far,Male,59,-2.6668353661537894,-0.6992465065839297,1,1
94,Medium,Medium,No,7,Yes,0,Low,Medium,Neutral,1,No,High School,Near,Male,68,0.004296211476282077,0.9676407572015168,0,1
89,Medium,Medium,No,6,Yes,1,Low,Medium,Neutral,3,No,Postgraduate,Moderate,Female,67,-0.1626495121255974,-1.3937828664945324,0,1
68,Medium,Medium,Yes,10,Yes,1,Medium,Medium,Neutral,4,Yes,High School,Moderate,Female,64,0.6720791058837999,-0.14361741865544755,1,0
66,Low,High,Yes,8,Yes,0,Low,Low,Negative,4,No,High School,Near,Female,65,1.8406991710969562,0.3425580332819744,0,0
73,Medium,Medium,No,7,Yes,1,Low,Medium,Positive,4,No,College,Near,Male,68,1.1729162766894383,1.6621771171121196,1,0
99,Medium,High,Yes,4,Yes,0,Medium,Medium,Positive,3,No,Postgraduate,Moderate,Male,70,-0.3295952357274769,-1.4632365024855927,1,0
70,Medium,Medium,No,8,Yes,2,Medium,High,Neutral,0,No,High School,Near,Male,62,-1.1643238537368743,-1.3243292305034722,1,1
78,High,Low,Yes,10,Yes,1,Low,Medium,Positive,2,No,High School,Near,Male,72,2.508482065504474,1.6621771171121196,0,1
61,Medium,Low,Yes,7,Yes,1,Medium,Medium,Positive,4,No,High School,Moderate,Female,62,0.004296211476282077,-0.3519783266286284,0,0
76,High,High,Yes,6,Yes,1,Low,Medium,Negative,4,No,Postgraduate,Moderate,Male,68,0.004296211476282077,0.8287334852193963,1,0
83,High,Medium,No,7,Yes,3,Low,High,Negative,4,No,High School,Near,Female,69,0.004296211476282077,0.9676407572015168,0,1
98,High,Medium,No,5,Yes,3,High,High,Positive,5,No,High School,Near,Male,73,0.17124193507816154,-0.6297928705928695,1,0
81,High,High,No,8,Yes,3,Medium,Medium,Negative,5,No,Postgraduate,Near,Male,69,-0.1626495121255974,-0.9770610505481708,0,0
93,Medium,Medium,Yes,9,Yes,1,Medium,Medium,Neutral,3,No,High School,Moderate,Female,67,-0.4965409593293564,-0.76870014257499,1,1
82,Medium,Low,No,6,Yes,2,Low,Low,Neutral,3,No,Postgraduate,Near,Male,65,-0.4965409593293564,0.8981871212104565,0,0
62,Low,Low,No,6,Yes,2,Medium,Medium,Positive,3,No,Postgraduate,Moderate,Male,63,0.004296211476282077,1.1760016651746976,1,2
73,High,Medium,Yes,7,Yes,2,Low,Medium,Positive,2,No,High School,Moderate,Male,66,-0.4965409593293564,0.6898262132372758,1,1
83,Medium,Medium,No,6,Yes,1,Low,High,Positive,2,No,College,Near,Male,66,-0.6634866829312358,-0.21307105464650783,1,1
98,Medium,High,No,5,Yes,0,Low,High,Neutral,2,No,Postgraduate,Near,Male,70,0.17124193507816154,-0.8381537785660502,1,0
94,Medium,Medium,No,6,Yes,2,High,Medium,Neutral,3,No,Postgraduate,Far,Male,69,-0.3295952357274769,-0.2825246906375681,1,0
69,Medium,High,No,6,Yes,1,High,Medium,Positive,4,No,High School,Near,Female,70,1.5068077238931974,1.4538162091389386,1,0
69,Medium,Low,No,9,No,2,Medium,High,Negative,3,No,High School,Moderate,Female,58,-2.6668353661537894,1.2454553011657579,0,0
68,Medium,Medium,No,9,Yes,3,High,Medium,Positive,3,No,High School,Far,Male,67,1.1729162766894383,-0.6297928705928695,0,1
97,High,High,Yes,9,Yes,1,Low,Medium,Positive,3,No,High School,Far,Male,73,1.1729162766894383,-0.6297928705928695,1,0
94,High,Low,No,8,Yes,0,Medium,Medium,Neutral,2,No,High School,Near,Female,66,-1.9990524717462717,0.9676407572015168,1,2
91,High,High,Yes,7,Yes,0,Medium,Medium,Neutral,3,No,High School,Near,Male,70,-0.3295952357274769,-0.2825246906375681,1,2
76,High,High,No,6,Yes,1,Medium,Medium,Positive,2,No,Postgraduate,Far,Female,67,-0.3295952357274769,0.27310439729091407,0,1
80,Low,Low,No,9,Yes,1,Low,Low,Positive,3,Yes,High School,Moderate,Female,60,-1.3312695773387537,-0.2825246906375681,0,2
79,High,Medium,No,8,Yes,1,Low,Low,Positive,3,No,College,Near,Male,65,-0.8304324065331153,-0.9076074145571106,1,0
70,Medium,Medium,No,5,Yes,0,Medium,High,Positive,2,No,Postgraduate,Near,Female,63,-1.1643238537368743,-1.1159683225302914,0,1
80,High,High,Yes,6,Yes,1,Medium,High,Positive,3,No,High School,Near,Female,72,1.8406991710969562,-1.254875594512412,0,0
61,Low,Medium,Yes,5,Yes,0,Low,Medium,Neutral,5,No,High School,Moderate,Female,62,1.005970553087559,-1.6715974104587736,0,2
65,Medium,Medium,Yes,4,Yes,6,Medium,High,Neutral,3,No,Postgraduate,Near,Male,70,1.339862000291318,-0.76870014257499,1,1
95,High,Low,Yes,8,Yes,2,Low,High,Negative,1,No,College,Moderate,Male,70,0.6720791058837999,-1.1159683225302914,1,1
90,Medium,Medium,No,5,Yes,0,Low,Medium,Neutral,4,No,High School,Moderate,Female,64,-1.1643238537368743,-0.8381537785660502,1,1
77,Medium,Medium,Yes,6,Yes,3,Low,Medium,Neutral,4,No,High School,Moderate,Male,64,-0.4965409593293564,-1.4632365024855927,1,0
81,Medium,Low,Yes,7,Yes,0,Medium,High,Positive,5,No,High School,Moderate,Female,67,0.5051333822819205,-0.5603392346018092,0,1
75,Medium,High,Yes,7,Yes,1,Medium,High,Negative,1,No,High School,Moderate,Male,64,-1.1643238537368743,0.06474348931773327,1,2
90,Medium,Medium,Yes,6,Yes,1,High,High,Positive,4,No,High School,Near,Male,72,0.6720791058837999,1.523269845129999,1,0
91,Medium,Low,No,9,Yes,0,Medium,Medium,Negative,3,No,College,Near,Female,66,-0.1626495121255974,-0.5603392346018092,0,1
91,Medium,Medium,No,5,Yes,2,Medium,Medium,Negative,4,No,High School,Moderate,Female,66,-0.3295952357274769,-1.6021437744677132,1,1
89,Medium,High,Yes,5,Yes,0,Low,High,Positive,2,No,Postgraduate,Near,Female,71,0.6720791058837999,-0.49088559861074893,1,1
68,Low,Low,No,8,Yes,5,Low,Medium,Negative,5,No,Postgraduate,Near,Female,66,0.5051333822819205,1.1065480291836374,1,1
74,Medium,Low,Yes,6,Yes,2,Low,High,Neutral,2,No,High School,Near,Male,64,-0.3295952357274769,-0.5603392346018092,1,2
79,Medium,Low,No,6,Yes,0,Medium,Medium,Negative,2,No,College,Near,Male,66,1.1729162766894383,-0.6992465065839297,0,0
73,Medium,Low,Yes,5,Yes,1,Low,Medium,Negative,3,No,High School,Moderate,Female,62,-0.9973781301349948,1.4538162091389386,1,0
90,Medium,Medium,No,8,Yes,4,Low,Medium,Neutral,4,No,High School,Moderate,Male,70,0.6720791058837999,-0.6992465065839297,1,1
73,Medium,Medium,Yes,7,Yes,3,Medium,High,Neutral,3,No,High School,Near,Female,69,0.6720791058837999,1.6621771171121196,0,1
66,High,Medium,No,7,Yes,2,Low,Medium,Neutral,4,No,High School,Moderate,Male,65,-0.3295952357274769,1.1760016651746976,0,1
76,High,Medium,Yes,6,Yes,2,Medium,High,Neutral,3,No,High School,Near,Male,70,0.338187658680041,0.6203725772462154,1,2
99,High,High,Yes,6,No,0,High,Medium,Positive,3,No,High School,Moderate,Male,70,-1.3312695773387537,0.3425580332819744,1,1
69,Medium,Medium,Yes,7,Yes,1,High,High,Positive,2,No,College,Near,Male,67,1.005970553087559,-0.9770610505481708,1,1
84,Medium,High,Yes,8,Yes,2,Low,High,Positive,3,No,High School,Moderate,Female,69,-0.1626495121255974,0.8287334852193963,1,0
77,Low,Medium,No,9,Yes,0,Low,High,Neutral,5,Yes,High School,Near,Female,62,-0.4965409593293564,-0.5603392346018092,1,0
63,Medium,High,Yes,9,Yes,1,Low,Medium,Positive,4,No,High School,Near,Female,67,1.005970553087559,-0.07416378266438728,0,1
80,High,Medium,No,8,No,0,Low,Medium,Positive,6,No,College,Moderate,Male,65,-0.6634866829312358,-1.3937828664945324,1,2
88,Medium,Medium,No,8,Yes,0,Low,Medium,Positive,4,No,High School,Near,Male,65,-1.3312695773387537,-0.6992465065839297,1,1
81,Medium,High,Yes,5,Yes,1,Low,Medium,Neutral,3,No,Postgraduate,Far,Male,65,-1.4982153009406332,0.06474348931773327,1,1
95,Medium,Low,Yes,6,No,3,Low,Medium,Positive,2,No,High School,Moderate,Male,69,0.6720791058837999,-0.14361741865544755,1,1
72,Medium,Medium,No,8,Yes,4,Medium,Medium,Neutral,4,No,High School,Near,Male,63,-1.3312695773387537,-0.5603392346018092,1,0
63,Low,High,Yes,7,Yes,3,Medium,Medium,Negative,2,No,College,Moderate,Male,66,1.8406991710969562,-0.07416378266438728,1,0
97,Medium,High,Yes,8,Yes,0,Medium,Medium,Positive,2,Yes,High School,Near,Male,67,-1.9990524717462717,0.8287334852193963,1,1
75,Medium,Medium,No,8,Yes,1,Medium,Medium,Negative,3,No,College,Near,Male,69,1.6737534474950768,-0.14361741865544755,1,2
83,Medium,Medium,Yes,8,Yes,1,Low,High,Neutral,2,No,High School,Far,Male,67,0.17124193507816154,-0.004710146673327003,1,2
92,Medium,Medium,Yes,5,Yes,1,Medium,High,Neutral,4,No,High School,Near,Male,70,-0.1626495121255974,0.6898262132372758,0,1
73,High,High,Yes,7,Yes,2,High,Medium,Negative,2,No,High School,Moderate,Male,67,-0.4965409593293564,1.1760016651746976,0,1
89,High,Medium,No,6,Yes,2,Low,Medium,Neutral,4,No,High School,Near,Male,70,0.338187658680041,0.06474348931773327,1,1
65,High,High,Yes,6,Yes,0,Low,Low,Negative,3,No,High School,Moderate,Female,65,0.004296211476282077,1.523269845129999,0,1
72,Medium,Low,No,4,No,0,Medium,High,Negative,3,Yes,College,Near,Male,63,1.1729162766894383,-0.49088559861074893,1,1
66,Medium,Medium,Yes,7,Yes,0,High,Medium,Neutral,3,No,High School,Near,Female,64,0.17124193507816154,-0.8381537785660502,1,1
92,High,Medium,Yes,4,Yes,1,High,Medium,Negative,3,No,High School,Far,Male,69,0.17124193507816154,0.6898262132372758,1,0
69,Low,Medium,No,8,No,1,Low,Medium,Positive,4,No,High School,Near,Female,60,-0.3295952357274769,-1.1159683225302914,1,0
89,Low,Medium,Yes,9,Yes,3,Low,Medium,Positive,3,No,High School,Moderate,Male,69,0.004296211476282077,1.3843625731478784,1,1
98,Medium,Low,Yes,8,Yes,4,High,Medium,Positive,2,No,High School,Near,Female,72,0.338187658680041,-0.4214319626196886,0,1
81,Medium,Low,Yes,7,Yes,1,Low,Medium,Neutral,2,No,College,Near,Male,63,-1.6651610245425126,0.6898262132372758,1,0
82,Low,Medium,No,9,Yes,0,Low,Medium,Positive,2,No,College,Moderate,Female,63,-1.3312695773387537,0.27310439729091407,0,2
78,High,Low,Yes,7,Yes,0,Medium,Medium,Neutral,4,Yes,High School,Near,Male,66,0.6720791058837999,-1.532690138476653,1,2
73,Medium,Medium,No,6,Yes,6,Medium,High,Neutral,5,No,College,Near,Male,70,0.17124193507816154,0.6898262132372758,1,1
79,Medium,High,Yes,7,Yes,1,High,Medium,Negative,4,No,College,Far,Female,68,-0.1626495121255974,1.0370943931925771,1,1
84,Medium,Medium,Yes,10,Yes,2,Medium,Medium,Positive,3,No,High School,Moderate,Male,69,0.004296211476282077,1.6621771171121196,0,0
99,Medium,Medium,Yes,5,Yes,0,Medium,High,Neutral,4,No,College,Near,Female,72,0.338187658680041,-0.2825246906375681,1,2
98,Low,High,No,5,Yes,1,Low,Low,Positive,3,Yes,College,Near,Male,67,-0.4965409593293564,-0.004710146673327003,0,0
94,Low,Medium,No,8,Yes,1,High,Medium,Positive,4,No,High School,Moderate,Male,68,-0.8304324065331153,1.3149089371568181,1,0
96,Medium,High,No,7,Yes,1,Medium,Medium,Negative,2,No,Postgraduate,Far,Female,70,0.17124193507816154,-0.8381537785660502,0,1
79,High,Medium,Yes,6,Yes,5,Medium,High,Positive,3,No,Postgraduate,Far,Male,68,-0.9973781301349948,-1.1159683225302914,1,1
86,Medium,Medium,Yes,5,Yes,2,Medium,Medium,Positive,3,No,College,Moderate,Male,69,0.338187658680041,-1.254875594512412,1,2
96,Medium,Medium,No,4,Yes,1,Medium,Medium,Negative,5,No,College,Near,Female,68,-1.6651610245425126,1.6621771171121196,0,1
76,Medium,Medium,No,5,Yes,0,Medium,Medium,Positive,5,No,College,Far,Female,66,1.005970553087559,-0.76870014257499,1,0
98,Medium,Medium,No,9,Yes,1,Low,Medium,Negative,4,No,Postgraduate,Moderate,Female,72,0.5051333822819205,0.8981871212104565,1,2
77,Medium,Medium,Yes,7,Yes,2,Medium,High,Neutral,3,No,High School,Near,Male,67,0.338187658680041,-0.21307105464650783,1,1
84,Low,High,No,4,No,3,High,High,Positive,2,No,High School,Near,Male,70,1.005970553087559,-0.9076074145571106,1,1
88,High,Medium,Yes,9,Yes,1,Medium,High,Neutral,3,Yes,High School,Near,Male,73,1.6737534474950768,1.4538162091389386,0,1
98,Medium,Low,Yes,9,Yes,1,High,Low,Neutral,6,No,Postgraduate,Moderate,Male,73,1.005970553087559,-0.14361741865544755,1,2
70,Medium,Medium,No,9,Yes,1,Medium,Low,Neutral,2,No,High School,Near,Female,60,-1.8321067481443922,0.20365076129985382,1,0
90,Medium,High,No,6,Yes,2,Medium,High,Neutral,3,No,College,Near,Male,67,-1.3312695773387537,-0.9770610505481708,1,0
81,High,Medium,Yes,7,Yes,3,High,High,Positive,4,No,High School,Near,Male,69,-0.6634866829312358,-0.6297928705928695,0,1
71,Medium,Low,No,7,Yes,1,Medium,Medium,Negative,5,No,High School,Near,Male,65,0.004296211476282077,0.8287334852193963,1,2
91,Low,High,Yes,9,Yes,2,Low,Medium,Neutral,4,No,High School,Near,Female,70,0.5051333822819205,-0.5603392346018092,1,0
82,High,High,Yes,6,Yes,3,Medium,Medium,Neutral,3,No,College,Moderate,Female,68,-0.6634866829312358,-0.004710146673327003,1,0
86,Medium,Low,No,6,Yes,1,Low,High,Negative,2,No,College,Near,Female,66,0.17124193507816154,-1.3243292305034722,0,1
73,Low,High,Yes,8,Yes,1,Low,High,Positive,4,No,College,Far,Male,65,-0.8304324065331153,1.2454553011657579,1,1
79,Low,Medium,Yes,9,Yes,1,Low,Medium,Neutral,2,No,College,Moderate,Female,64,-0.6634866829312358,0.8287334852193963,1,1
85,High,High,Yes,7,Yes,1,Low,Medium,Neutral,0,No,College,Far,Female,67,-1.3312695773387537,0.8981871212104565,1,2
76,High,Medium,Yes,8,Yes,3,Medium,Medium,Neutral,5,No,High School,Moderate,Male,65,-0.9973781301349948,-1.1159683225302914,0,0
68,High,High,Yes,7,Yes,1,Medium,Low,Positive,4,No,High School,Near,Male,64,-1.3312695773387537,-0.004710146673327003,0,1
98,High,High,No,7,Yes,0,Medium,Low,Positive,1,Yes,High School,Near,Male,67,-0.9973781301349948,-1.6715974104587736,1,1
80,Medium,Low,Yes,6,Yes,2,High,Medium,Neutral,4,No,Postgraduate,Near,Male,70,1.005970553087559,-0.6297928705928695,1,1
89,Medium,Low,Yes,5,No,3,Low,Low,Neutral,3,No,High School,Far,Female,63,-0.9973781301349948,-0.5603392346018092,0,0
76,Medium,Medium,No,6,Yes,1,Low,Medium,Neutral,2,No,College,Near,Male,71,2.6754277891063536,1.4538162091389386,0,1
74,High,Low,No,6,Yes,2,High,Low,Positive,3,No,High School,Near,Male,68,0.5051333822819205,1.7316307531031798,0,0
76,Medium,Medium,No,7,Yes,0,Medium,High,Positive,2,No,College,Moderate,Female,67,0.17124193507816154,0.4120116692730346,0,1
76,High,High,Yes,9,Yes,1,Medium,High,Neutral,2,No,Postgraduate,Far,Female,67,-0.8304324065331153,0.06474348931773327,1,1
82,Low,Medium,Yes,7,Yes,0,Medium,High,Positive,2,No,Postgraduate,Moderate,Female,68,0.6720791058837999,-0.21307105464650783,1,1
82,High,Medium,No,6,Yes,1,Low,Medium,Positive,3,No,Postgraduate,Moderate,Male,66,-0.4965409593293564,-1.6715974104587736,1,1
80,Medium,Medium,Yes,8,Yes,0,Medium,Medium,Negative,4,No,College,Near,Male,68,0.17124193507816154,1.0370943931925771,1,1
65,High,Medium,Yes,7,Yes,0,Medium,Medium,Positive,2,No,High School,Moderate,Male,70,2.508482065504474,0.6203725772462154,1,2
80,Low,Low,No,8,Yes,5,Low,Low,Positive,3,No,College,Near,Male,67,-0.1626495121255974,0.4814653052640949,1,1
67,Low,Medium,Yes,6,Yes,2,High,High,Neutral,3,No,High School,Moderate,Male,67,1.1729162766894383,1.0370943931925771,0,1
65,Low,High,No,9,Yes,2,Low,Medium,Negative,2,No,High School,Near,Male,62,-0.6634866829312358,1.4538162091389386,1,0
97,Medium,High,No,9,Yes,0,Low,Low,Negative,3,Yes,High School,Near,Male,67,0.004296211476282077,-0.4214319626196886,1,0
84,Medium,High,No,7,Yes,4,Low,Medium,Negative,4,No,High School,Far,Male,70,1.8406991710969562,-0.2825246906375681,1,0
86,High,High,No,8,Yes,4,Low,High,Neutral,4,No,College,Near,Male,72,-0.6634866829312358,1.6621771171121196,0,1
76,Medium,Medium,Yes,9,Yes,2,High,Medium,Negative,3,No,High School,Moderate,Female,70,1.8406991710969562,0.5509189412551552,0,1
96,Low,High,No,6,Yes,2,Low,Medium,Neutral,2,No,High School,Moderate,Female,94,0.6720791058837999,1.2454553011657579,1,1
86,Medium,Medium,No,7,No,2,High,Medium,Positive,3,No,High School,Moderate,Male,66,-0.4965409593293564,-0.9770610505481708,1,1
91,Low,Low,Yes,7,Yes,2,Low,High,Neutral,3,No,High School,Near,Male,69,0.6720791058837999,-0.6297928705928695,1,2
75,High,Medium,No,5,Yes,0,High,Low,Neutral,2,No,Postgraduate,Near,Male,68,1.005970553087559,-0.3519783266286284,0,0
98,High,Low,No,8,Yes,2,Low,Medium,Positive,1,No,High School,Moderate,Male,71,0.6720791058837999,-0.6297928705928695,1,2
93,High,Medium,No,9,Yes,4,Low,High,Neutral,4,No,High School,Moderate,Male,69,-1.4982153009406332,1.3149089371568181,1,1
94,Medium,Medium,No,7,Yes,2,Medium,Medium,Neutral,3,Yes,High School,Near,Female,67,-0.6634866829312358,0.06474348931773327,1,0
67,Low,Medium,Yes,8,Yes,2,Low,Medium,Negative,2,No,Postgraduate,Near,Female,64,-0.1626495121255974,1.5927234811210593,0,1
71,Medium,Medium,Yes,9,Yes,1,Medium,Low,Negative,5,Yes,College,Near,Female,63,0.004296211476282077,-0.6297928705928695,0,1
71,Medium,High,Yes,6,Yes,2,Medium,Medium,Neutral,3,No,College,Far,Female,66,0.6720791058837999,-1.6021437744677132,0,1
71,High,Medium,Yes,8,No,2,High,Medium,Positive,1,No,Postgraduate,Near,Female,66,0.17124193507816154,-1.254875594512412,1,0
94,Low,High,Yes,6,Yes,3,High,High,Neutral,4,No,College,Near,Male,69,-1.3312695773387537,-0.9770610505481708,1,1
61,Low,Low,Yes,6,Yes,4,Medium,Medium,Positive,4,No,High School,Moderate,Female,64,0.338187658680041,0.4814653052640949,1,0
63,High,Medium,No,8,Yes,1,Low,Medium,Neutral,3,Yes,High School,Near,Male,62,0.6720791058837999,-1.1159683225302914,1,0
71,Medium,Medium,Yes,7,Yes,3,Low,Medium,Positive,5,Yes,High School,Far,Female,66,0.5051333822819205,-0.4214319626196886,1,2
68,Medium,High,Yes,8,Yes,4,Low,High,Neutral,3,No,High School,Near,Male,70,1.005970553087559,1.0370943931925771,0,1
69,High,Medium,Yes,7,Yes,2,Low,Medium,Neutral,4,No,High School,Near,Male,67,0.8390248294856795,-1.3243292305034722,0,1
92,Low,Medium,No,8,Yes,0,High,Low,Positive,1,No,Postgraduate,Near,Female,68,0.5051333822819205,-1.4632365024855927,1,1
83,High,Low,No,9,Yes,0,Low,Medium,Positive,3,Yes,High School,Near,Male,67,0.004296211476282077,0.13419712530879355,1,2
60,Medium,Medium,No,9,Yes,0,Medium,High,Positive,4,No,Postgraduate,Near,Male,62,-1.6651610245425126,0.6898262132372758,1,1
77,Low,Medium,Yes,8,Yes,1,High,Medium,Neutral,1,Yes,College,Near,Male,67,0.5051333822819205,1.4538162091389386,0,1
76,Medium,High,Yes,8,Yes,0,Low,Medium,Positive,5,No,High School,Near,Male,68,0.17124193507816154,0.5509189412551552,1,1
65,Low,Medium,No,7,Yes,2,Medium,High,Neutral,4,No,High School,Moderate,Female,64,0.338187658680041,1.523269845129999,0,0
87,Medium,Low,Yes,7,No,2,Medium,Medium,Neutral,4,No,High School,Near,Female,64,-1.3312695773387537,-0.9076074145571106,1,1
88,Medium,Medium,No,8,Yes,2,High,Low,Neutral,3,No,Postgraduate,Far,Male,66,-0.9973781301349948,-0.5603392346018092,1,1
89,Medium,Low,Yes,7,Yes,2,Low,High,Positive,2,No,Postgraduate,Moderate,Male,72,1.005970553087559,1.1760016651746976,1,1
89,Medium,High,Yes,8,Yes,2,Medium,Medium,Positive,3,No,High School,Near,Female,72,0.004296211476282077,1.1065480291836374,1,1
60,Medium,High,Yes,9,Yes,2,Medium,Low,Positive,3,Yes,High School,Near,Male,66,0.6720791058837999,0.5509189412551552,1,2
98,Low,Medium,No,7,Yes,4,Medium,Medium,Positive,1,No,College,Near,Male,72,0.004296211476282077,-0.004710146673327003,0,2
93,High,Medium,Yes,4,Yes,1,Medium,Medium,Positive,3,No,High School,Near,Male,69,0.004296211476282077,-1.6715974104587736,1,0
96,High,High,Yes,10,Yes,2,Medium,Medium,Neutral,3,Yes,High School,Near,Female,72,1.005970553087559,-0.76870014257499,0,0
61,Low,Low,Yes,6,Yes,1,Medium,High,Neutral,4,No,High School,Near,Male,60,-0.4965409593293564,-1.1854219585213517,1,1
97,Medium,Medium,Yes,7,Yes,0,High,Medium,Neutral,2,No,High School,Moderate,Male,69,0.17124193507816154,-1.532690138476653,1,1
92,Medium,High,No,8,Yes,0,Low,Low,Positive,3,Yes,High School,Near,Male,68,-0.4965409593293564,0.9676407572015168,1,1
93,Low,Medium,Yes,9,Yes,3,Low,High,Neutral,2,No,College,Near,Male,69,-0.4965409593293564,-1.254875594512412,0,2
64,Medium,Low,Yes,10,Yes,1,Low,Medium,Positive,5,No,High School,Near,Male,62,-0.3295952357274769,-0.49088559861074893,1,0
90,Medium,Medium,Yes,6,Yes,2,Low,High,Positive,2,No,High School,Moderate,Male,71,0.17124193507816154,1.6621771171121196,1,0
98,Medium,High,Yes,9,Yes,1,High,Medium,Negative,2,No,High School,Near,Male,70,-0.4965409593293564,-0.3519783266286284,0,0
87,Low,Low,Yes,7,Yes,2,Medium,High,Negative,4,No,High School,Moderate,Male,68,1.339862000291318,-1.254875594512412,0,1
83,High,Medium,Yes,10,Yes,1,High,High,Negative,2,No,College,Near,Male,68,-0.8304324065331153,0.6203725772462154,1,1
98,Medium,High,No,9,No,1,High,Medium,Positive,2,No,College,Far,Female,70,-0.1626495121255974,1.0370943931925771,0,0
78,Medium,High,No,7,Yes,0,Low,Medium,Neutral,3,No,High School,Near,Female,65,-0.4965409593293564,-0.76870014257499,0,1
84,High,Medium,Yes,6,Yes,0,Medium,High,Positive,3,No,Postgraduate,Far,Male,73,1.5068077238931974,1.0370943931925771,1,1
79,High,Medium,No,4,Yes,0,Low,High,Negative,4,No,College,Moderate,Male,66,0.17124193507816154,-0.76870014257499,1,0
97,Medium,Medium,No,8,No,2,High,Low,Neutral,3,No,High School,Near,Male,71,1.005970553087559,0.6898262132372758,1,0
63,High,Medium,Yes,9,Yes,2,Medium,Medium,Neutral,3,No,High School,Near,Female,62,-1.4982153009406332,-1.3243292305034722,1,2
80,Medium,Medium,Yes,8,Yes,2,Low,Medium,Positive,3,No,High School,Near,Female,68,0.338187658680041,-0.2825246906375681,0,2
87,Medium,High,No,4,Yes,1,Low,High,Positive,4,No,College,Far,Male,70,0.8390248294856795,0.06474348931773327,1,0
92,Medium,Low,No,5,Yes,0,Medium,Medium,Neutral,2,No,Postgraduate,Moderate,Female,68,0.004296211476282077,0.759279849228336,1,0
83,High,Low,Yes,8,Yes,2,Low,High,Neutral,2,No,College,Near,Female,71,1.005970553087559,0.5509189412551552,1,1
96,Medium,Medium,Yes,10,Yes,2,Medium,Low,Negative,4,No,High School,Near,Female,70,-0.4965409593293564,1.2454553011657579,1,1
98,Medium,Medium,Yes,7,Yes,1,Low,Medium,Positive,3,No,High School,Near,Male,72,1.339862000291318,-1.1159683225302914,1,1
63,Medium,High,Yes,9,Yes,2,Medium,High,Negative,2,No,College,Moderate,Male,69,2.3415363419025947,0.5509189412551552,1,1
76,Medium,High,No,5,Yes,1,Low,Low,Negative,2,No,College,Moderate,Male,63,-0.3295952357274769,-1.3243292305034722,1,1
61,Medium,Medium,No,7,Yes,0,Medium,Medium,Neutral,2,No,Postgraduate,Near,Female,62,-0.4965409593293564,-0.07416378266438728,1,2
73,Medium,Medium,No,7,Yes,2,Low,High,Neutral,3,No,High School,Near,Female,68,1.5068077238931974,0.06474348931773327,0,1
81,Low,Medium,Yes,9,Yes,2,Medium,Medium,Positive,5,No,Postgraduate,Near,Male,70,1.5068077238931974,-1.6715974104587736,1,0
96,Medium,Medium,Yes,6,Yes,1,Medium,Medium,Positive,4,No,High School,Near,Male,69,-0.4965409593293564,-1.4632365024855927,0,1
94,Medium,Medium,No,10,Yes,2,Low,Medium,Negative,2,No,High School,Near,Male,68,-0.4965409593293564,1.1760016651746976,0,0
65,High,Medium,Yes,7,Yes,2,High,Medium,Positive,1,No,High School,Near,Male,65,-0.3295952357274769,-0.76870014257499,1,1
64,Medium,Low,No,5,Yes,3,Low,Medium,Positive,2,Yes,High School,Near,Male,59,-1.3312695773387537,-0.5603392346018092,0,1
84,Medium,Medium,No,5,Yes,3,Low,Medium,Positive,3,No,College,Far,Male,66,-0.9973781301349948,0.4814653052640949,1,1
81,High,Medium,No,6,Yes,0,Low,Medium,Positive,4,No,High School,Moderate,Male,64,-0.9973781301349948,-0.9770610505481708,1,0
71,Low,Medium,No,8,No,5,Low,High,Positive,4,No,High School,Far,Female,63,-0.8304324065331153,-1.0465146865392312,1,2
96,Medium,Medium,No,6,Yes,5,Low,High,Neutral,3,No,College,Near,Male,72,0.004296211476282077,-0.2825246906375681,1,1
97,Medium,High,Yes,6,Yes,0,Low,Medium,Negative,3,Yes,High School,Moderate,Male,67,0.17124193507816154,-1.532690138476653,1,0
76,Medium,Medium,No,8,Yes,2,Low,Medium,Positive,2,No,Postgraduate,Moderate,Male,94,1.5068077238931974,1.4538162091389386,1,0
96,Medium,High,Yes,4,Yes,2,Medium,Medium,Negative,3,No,High School,Near,Female,70,-0.9973781301349948,1.523269845129999,1,0
75,Low,Medium,No,6,Yes,0,Low,High,Neutral,3,No,High School,Near,Male,66,1.005970553087559,-0.21307105464650783,1,1
89,Low,Medium,Yes,5,Yes,4,Medium,Medium,Positive,2,No,Postgraduate,Moderate,Female,69,-0.1626495121255974,-1.0465146865392312,1,0
79,Medium,Low,Yes,6,Yes,2,Low,Medium,Positive,2,No,High School,Far,Male,64,0.004296211476282077,-0.07416378266438728,1,0
65,Medium,Medium,No,7,Yes,1,Low,High,Positive,3,Yes,High School,Near,Female,63,0.6720791058837999,-1.3937828664945324,0,0
97,High,High,No,7,Yes,1,Low,High,Neutral,4,No,Postgraduate,Near,Female,71,-1.1643238537368743,-0.3519783266286284,1,1
78,High,Medium,No,7,Yes,1,Medium,Medium,Negative,3,Yes,High School,Moderate,Male,65,0.338187658680041,-1.4632365024855927,1,1
89,Low,Medium,Yes,9,Yes,1,Medium,Medium,Negative,5,No,College,Far,Female,68,0.17124193507816154,0.6898262132372758,1,0
75,Medium,Medium,No,7,Yes,1,Low,Medium,Negative,3,Yes,High School,Moderate,Male,64,0.5051333822819205,-0.76870014257499,1,2
61,Low,Low,Yes,10,Yes,1,High,High,Positive,2,No,College,Near,Male,64,0.338187658680041,0.06474348931773327,1,2
64,Medium,Medium,Yes,8,Yes,2,Medium,Medium,Negative,5,Yes,High School,Near,Male,66,2.508482065504474,-1.6715974104587736,1,1
80,High,Medium,No,6,Yes,1,Medium,High,Positive,4,No,College,Near,Male,68,-0.6634866829312358,0.06474348931773327,1,1
88,Medium,Medium,No,10,Yes,3,Low,High,Neutral,5,No,College,Moderate,Female,67,-0.4965409593293564,-1.7410510464498339,1,1
73,Low,High,Yes,7,Yes,1,Medium,Medium,Positive,3,No,High School,Moderate,Female,66,-0.6634866829312358,1.4538162091389386,0,1
88,Medium,Medium,Yes,10,Yes,2,Medium,Medium,Neutral,3,No,High School,Near,Male,68,-0.4965409593293564,-0.004710146673327003,1,1
88,Low,Medium,No,7,Yes,3,Low,Low,Neutral,3,No,Postgraduate,Near,Male,66,-0.6634866829312358,-1.3937828664945324,1,1
88,Medium,Medium,No,7,Yes,3,High,Medium,Neutral,4,No,College,Far,Male,71,1.1729162766894383,-0.5603392346018092,1,1
80,Medium,High,Yes,8,Yes,4,Low,Medium,Positive,4,No,High School,Moderate,Female,71,1.5068077238931974,-1.6021437744677132,1,1
97,Medium,High,No,7,Yes,0,Low,Medium,Negative,4,No,College,Far,Male,68,-0.4965409593293564,0.13419712530879355,0,1
80,High,Low,No,9,Yes,3,Medium,Medium,Neutral,3,Yes,High School,Near,Female,64,-0.8304324065331153,-1.3243292305034722,1,2
78,Medium,Medium,Yes,10,Yes,3,Medium,Medium,Negative,4,No,High School,Moderate,Male,67,0.5051333822819205,-0.07416378266438728,1,0
68,High,Medium,Yes,4,Yes,0,Medium,Medium,Positive,2,No,High School,Moderate,Male,64,-0.4965409593293564,-0.6992465065839297,0,2
72,High,Low,Yes,8,Yes,3,Low,Medium,Positive,2,No,High School,Near,Female,68,0.6720791058837999,0.8981871212104565,1,2
62,Medium,Low,No,6,Yes,0,Low,High,Positive,3,Yes,Postgraduate,Far,Male,62,0.17124193507816154,-0.07416378266438728,0,2
85,Medium,Low,Yes,4,Yes,0,Medium,High,Neutral,1,No,College,Near,Male,64,-1.4982153009406332,1.1760016651746976,1,0
70,Low,High,No,8,Yes,3,Low,High,Positive,3,No,Postgraduate,Moderate,Male,70,1.5068077238931974,1.523269845129999,1,0
72,Medium,Medium,No,8,Yes,0,Low,Medium,Neutral,4,No,College,Far,Male,68,1.8406991710969562,1.5927234811210593,1,2
91,Medium,Medium,No,8,Yes,2,Medium,High,Neutral,3,No,College,Near,Female,69,-0.6634866829312358,-0.8381537785660502,1,2
73,Low,Medium,Yes,8,Yes,3,Low,Medium,Positive,4,No,College,Moderate,Male,65,-0.3295952357274769,0.8981871212104565,1,0
70,Medium,High,Yes,8,Yes,2,High,Medium,Neutral,3,No,High School,Near,Male,67,0.338187658680041,-0.21307105464650783,1,1
67,High,Medium,No,6,Yes,2,Medium,Medium,Positive,2,No,College,Moderate,Male,65,0.338187658680041,-0.2825246906375681,1,0
91,High,Medium,No,7,Yes,0,Medium,Medium,Positive,2,No,High School,Moderate,Male,71,0.6720791058837999,1.2454553011657579,1,0
65,Medium,Low,Yes,8,Yes,2,Low,Medium,Positive,3,No,High School,Moderate,Female,65,2.007644894698836,-1.254875594512412,1,0
78,Medium,Medium,Yes,9,Yes,2,Low,Medium,Positive,5,No,High School,Moderate,Female,66,-0.1626495121255974,-0.07416378266438728,1,0
80,High,Medium,No,7,Yes,0,Low,Low,Neutral,5,No,High School,Near,Female,65,-0.8304324065331153,0.3425580332819744,1,1
87,Medium,Medium,Yes,7,Yes,2,Medium,Medium,Neutral,1,No,College,Near,Male,65,-1.3312695773387537,-1.532690138476653,0,0
85,Low,Medium,No,7,Yes,1,Medium,High,Positive,3,No,High School,Near,Male,68,-0.6634866829312358,1.2454553011657579,1,2
92,Medium,Medium,Yes,5,Yes,2,Medium,Medium,Negative,2,Yes,College,Moderate,Male,68,0.004296211476282077,-0.6297928705928695,1,1
62,High,Medium,No,8,Yes,0,Medium,High,Neutral,2,Yes,College,Near,Female,67,1.8406991710969562,0.5509189412551552,0,1
72,Low,Medium,Yes,5,Yes,3,High,Medium,Negative,3,No,High School,Moderate,Male,65,-0.4965409593293564,1.4538162091389386,1,2
71,Medium,Low,No,8,Yes,2,Medium,High,Neutral,2,No,College,Near,Male,66,0.17124193507816154,0.759279849228336,1,1
66,Medium,Medium,Yes,7,Yes,0,Medium,Low,Neutral,4,No,High School,Moderate,Female,63,0.004296211476282077,1.3149089371568181,1,0
72,High,High,Yes,5,Yes,1,High,Medium,Neutral,5,No,Postgraduate,Near,Male,70,1.1729162766894383,-1.532690138476653,0,1
72,High,High,Yes,5,Yes,1,Low,Medium,Positive,5,No,College,Moderate,Male,72,2.508482065504474,-0.004710146673327003,1,1
81,Medium,High,No,6,Yes,2,Low,Medium,Positive,2,No,High School,Moderate,Male,67,-0.4965409593293564,0.20365076129985382,0,1
87,High,Low,Yes,6,Yes,0,Medium,Medium,Positive,3,No,College,Far,Male,67,-0.4965409593293564,0.6203725772462154,1,1
75,Low,Medium,Yes,9,Yes,1,Low,Medium,Positive,5,No,High School,Moderate,Male,66,1.005970553087559,-1.3243292305034722,1,1
89,Low,Medium,No,7,No,1,Low,Low,Neutral,3,No,High School,Moderate,Male,66,0.6720791058837999,0.5509189412551552,1,1
73,High,Medium,Yes,8,Yes,2,Low,High,Neutral,4,No,High School,Far,Male,69,1.8406991710969562,-1.254875594512412,1,1
72,Medium,Low,Yes,9,Yes,0,Low,High,Neutral,4,Yes,High School,Moderate,Male,62,0.6720791058837999,-1.532690138476653,0,1
82,Low,Medium,No,9,Yes,2,Low,Medium,Positive,4,No,College,Near,Female,66,-0.3295952357274769,-0.14361741865544755,1,0
61,Medium,Medium,No,7,Yes,0,Low,Medium,Positive,3,No,Postgraduate,Moderate,Male,64,0.6720791058837999,0.3425580332819744,1,2
63,High,Medium,Yes,6,Yes,1,Low,High,Positive,2,No,High School,Moderate,Female,67,1.1729162766894383,1.5927234811210593,1,1
77,High,High,No,8,Yes,2,Medium,Medium,Positive,1,No,College,Near,Male,71,0.8390248294856795,0.6898262132372758,1,1
98,High,Medium,Yes,6,Yes,1,Medium,Medium,Positive,2,No,High School,Moderate,Male,73,0.5051333822819205,0.3425580332819744,1,1
89,Medium,Low,Yes,10,Yes,0,Medium,High,Neutral,3,No,High School,Moderate,Female,68,1.005970553087559,-0.9770610505481708,1,0
64,High,Low,Yes,8,Yes,2,High,High,Neutral,1,No,Postgraduate,Far,Male,66,1.1729162766894383,-1.1854219585213517,1,1
94,Medium,High,Yes,7,Yes,3,Low,High,Positive,4,No,Postgraduate,Far,Male,75,1.339862000291318,0.3425580332819744,1,1
89,Medium,High,Yes,8,Yes,1,Low,High,Positive,3,No,Postgraduate,Near,Female,72,0.6720791058837999,-0.9770610505481708,1,1
84,High,Low,Yes,7,Yes,1,High,Medium,Neutral,3,No,High School,Near,Male,68,-0.1626495121255974,0.6898262132372758,0,1
93,Medium,Medium,Yes,6,No,1,Low,Medium,Positive,3,No,High School,Near,Male,68,0.17124193507816154,-1.3243292305034722,1,1
76,Low,High,Yes,8,Yes,1,Medium,Medium,Positive,4,No,High School,Near,Male,69,1.1729162766894383,-0.5603392346018092,1,1
69,Medium,Medium,Yes,7,Yes,1,Low,High,Negative,2,No,College,Moderate,Female,63,-0.8304324065331153,0.9676407572015168,1,1
80,Medium,High,Yes,10,Yes,0,Medium,High,Positive,2,No,High School,Near,Female,70,0.338187658680041,1.1760016651746976,1,1
82,Low,Medium,Yes,6,Yes,1,High,Low,Positive,3,No,Postgraduate,Moderate,Male,66,-0.3295952357274769,-0.5603392346018092,0,0
82,Low,Low,Yes,8,Yes,3,Medium,High,Positive,4,No,High School,Moderate,Male,66,0.004296211476282077,-1.0465146865392312,1,1
83,Medium,High,No,6,Yes,1,Low,High,Neutral,2,No,Postgraduate,Moderate,Male,72,1.339862000291318,1.5927234811210593,0,1
98,Low,Medium,No,6,Yes,1,Medium,Low,Neutral,3,No,Postgraduate,Near,Male,71,0.17124193507816154,0.8981871212104565,1,1
96,High,Medium,No,4,Yes,3,Low,Medium,Neutral,2,No,College,Near,Male,72,0.004296211476282077,1.0370943931925771,0,1
95,Medium,Medium,No,8,Yes,4,High,High,Neutral,1,No,College,Near,Male,69,-1.3312695773387537,-0.9770610505481708,0,2
92,Low,High,Yes,6,Yes,2,Low,High,Positive,2,No,High School,Near,Male,71,0.6720791058837999,-0.2825246906375681,1,0
98,Medium,Low,No,9,Yes,3,High,Low,Negative,2,No,Postgraduate,Far,Male,69,0.6720791058837999,-1.532690138476653,0,1
64,High,Medium,No,8,Yes,1,Medium,High,Neutral,3,No,College,Moderate,Female,68,2.1745906183007153,-1.3937828664945324,1,1
71,Low,Low,Yes,7,Yes,2,Low,Medium,Negative,4,No,College,Near,Male,61,-0.3295952357274769,-0.9770610505481708,1,0
80,Medium,High,No,5,Yes,2,Medium,Low,Neutral,1,No,Postgraduate,Moderate,Male,68,0.17124193507816154,-0.6992465065839297,0,2
94,High,Medium,Yes,8,Yes,0,Low,Medium,Neutral,3,No,Postgraduate,Near,Male,72,0.17124193507816154,1.7316307531031798,1,0
80,Medium,Medium,Yes,6,Yes,0,Medium,Medium,Positive,3,No,College,Moderate,Female,70,1.5068077238931974,-0.2825246906375681,1,1
90,High,Medium,Yes,5,Yes,0,Medium,High,Positive,5,No,Postgraduate,Near,Female,73,-0.1626495121255974,0.6898262132372758,0,2
66,Medium,High,No,8,Yes,3,Medium,Medium,Positive,3,No,High School,Moderate,Female,67,0.338187658680041,1.3843625731478784,0,0
70,Medium,High,No,5,Yes,2,Low,Medium,Negative,4,Yes,College,Near,Male,65,0.6720791058837999,-0.9076074145571106,0,1
89,Medium,Medium,No,4,Yes,1,High,Medium,Positive,2,No,High School,Near,Female,68,0.17124193507816154,-1.254875594512412,0,1
67,Low,High,Yes,9,Yes,3,Medium,Medium,Positive,3,No,High School,Near,Male,65,-0.4965409593293564,-0.9076074145571106,1,2
74,High,Medium,No,6,Yes,1,Low,High,Positive,1,No,High School,Near,Male,97,0.17124193507816154,1.3149089371568181,1,1
71,High,Low,Yes,4,Yes,1,Medium,Medium,Negative,3,No,College,Moderate,Male,66,1.005970553087559,0.5509189412551552,1,0
74,High,High,Yes,6,Yes,2,Medium,Medium,Neutral,3,No,High School,Near,Female,67,-0.9973781301349948,-0.14361741865544755,0,2
88,High,Medium,No,6,Yes,2,High,Medium,Neutral,1,No,High School,Moderate,Female,70,0.17124193507816154,1.1065480291836374,1,1
75,High,Medium,Yes,9,Yes,3,Low,Medium,Positive,4,No,High School,Moderate,Female,66,-0.6634866829312358,-0.9076074145571106,1,1
82,Medium,High,Yes,5,Yes,1,Low,High,Neutral,4,No,High School,Moderate,Female,69,1.1729162766894383,-0.9076074145571106,0,0
64,High,Medium,Yes,5,Yes,2,Low,High,Neutral,4,No,College,Moderate,Male,62,-1.4982153009406332,0.20365076129985382,0,0
92,Medium,Low,Yes,8,Yes,1,High,Low,Negative,3,No,High School,Near,Male,68,-0.4965409593293564,1.0370943931925771,1,2
75,Medium,High,Yes,6,Yes,1,Low,Medium,Positive,2,No,College,Near,Male,67,0.338187658680041,-0.8381537785660502,1,0
86,Medium,Medium,Yes,7,Yes,0,Medium,Medium,Negative,4,No,High School,Far,Female,68,1.5068077238931974,-0.9770610505481708,1,1
89,High,Medium,Yes,6,Yes,1,Low,High,Neutral,2,No,High School,Moderate,Male,69,0.004296211476282077,-0.07416378266438728,0,1
68,Medium,Medium,Yes,10,Yes,1,High,Medium,Positive,1,Yes,High School,Moderate,Female,62,-0.4965409593293564,-1.254875594512412,0,1
95,High,Medium,Yes,5,Yes,2,Low,Medium,Neutral,3,No,Postgraduate,Moderate,Male,75,1.8406991710969562,0.8287334852193963,1,1
85,Medium,Medium,No,7,Yes,2,High,Low,Positive,3,No,High School,Near,Male,65,-1.4982153009406332,0.27310439729091407,1,0
77,High,Medium,No,9,Yes,2,Medium,High,Negative,3,No,College,Moderate,Male,63,-2.165998195348151,0.06474348931773327,1,1
67,High,Medium,No,6,Yes,1,Medium,Medium,Positive,2,No,College,Far,Male,66,0.5051333822819205,1.3149089371568181,1,0
98,Low,High,No,6,No,3,Medium,Medium,Positive,5,No,College,Near,Female,71,-0.4965409593293564,0.8287334852193963,0,2
90,High,Medium,Yes,8,Yes,0,Medium,Medium,Positive,3,Yes,College,Moderate,Male,66,-0.9973781301349948,-1.254875594512412,1,1
68,Medium,Medium,No,9,Yes,2,Medium,Medium,Neutral,4,No,College,Near,Male,66,0.6720791058837999,-0.2825246906375681,1,1
74,Medium,High,No,6,Yes,1,Medium,High,Negative,4,No,High School,Near,Male,66,0.17124193507816154,-0.6297928705928695,0,0
92,High,High,Yes,9,Yes,1,High,Low,Positive,3,No,High School,Moderate,Male,71,-0.4965409593293564,1.0370943931925771,1,1
88,Medium,Medium,Yes,7,Yes,3,Medium,High,Positive,3,Yes,High School,Moderate,Male,68,-1.3312695773387537,0.759279849228336,1,2
91,Medium,Medium,No,8,Yes,1,Medium,High,Positive,3,No,College,Moderate,Male,71,0.8390248294856795,-0.07416378266438728,0,2
78,Medium,Medium,Yes,9,Yes,0,High,High,Negative,3,No,Postgraduate,Far,Female,68,0.6720791058837999,1.1065480291836374,1,0
89,Low,Medium,No,8,Yes,2,Low,High,Positive,4,No,High School,Near,Male,68,-0.1626495121255974,-0.2825246906375681,1,1
75,Medium,Medium,No,7,Yes,2,Medium,High,Neutral,2,Yes,High School,Moderate,Male,68,1.8406991710969562,1.0370943931925771,1,0
68,Medium,Medium,Yes,6,Yes,2,Low,Medium,Positive,2,No,College,Near,Male,62,-0.9973781301349948,-1.6021437744677132,1,1
85,High,Low,Yes,10,Yes,0,Medium,High,Neutral,5,No,High School,Near,Male,65,-1.4982153009406332,-1.254875594512412,1,2
99,Low,High,No,6,Yes,2,Low,Low,Neutral,3,No,Postgraduate,Near,Male,71,-0.6634866829312358,0.8981871212104565,1,2
72,Medium,High,Yes,7,Yes,0,Low,Medium,Negative,6,Yes,College,Moderate,Male,63,0.004296211476282077,-1.3243292305034722,1,0
78,High,Medium,No,8,Yes,1,High,Low,Positive,4,No,High School,Near,Male,68,0.17124193507816154,0.6203725772462154,1,0
87,High,Low,Yes,8,Yes,1,Medium,High,Positive,4,No,High School,Moderate,Female,69,-0.1626495121255974,0.759279849228336,1,0
82,High,High,No,10,Yes,1,Low,High,Neutral,2,Yes,College,Moderate,Male,69,0.338187658680041,0.5509189412551552,0,1
94,Medium,High,Yes,7,Yes,3,Medium,Medium,Positive,3,No,Postgraduate,Near,Female,71,-1.3312695773387537,1.1065480291836374,0,0
90,Medium,High,No,7,Yes,0,Low,Medium,Neutral,1,No,Postgraduate,Moderate,Female,71,1.5068077238931974,0.06474348931773327,1,1
62,Medium,Medium,Yes,9,Yes,0,Medium,Medium,Neutral,3,Yes,High School,Near,Male,62,0.004296211476282077,1.3843625731478784,0,0
100,Low,Low,Yes,7,Yes,2,Medium,Medium,Negative,2,No,High School,Near,Male,70,1.1729162766894383,0.20365076129985382,1,0
90,High,High,No,8,Yes,1,Low,Low,Neutral,3,No,College,Moderate,Male,70,0.338187658680041,-0.004710146673327003,0,2
95,Medium,Medium,Yes,7,Yes,2,High,Medium,Positive,2,No,College,Near,Male,73,0.5051333822819205,-0.004710146673327003,1,1
86,Medium,High,Yes,8,Yes,3,Medium,Medium,Positive,2,No,High School,Moderate,Female,71,0.5051333822819205,1.4538162091389386,0,0
94,Medium,Low,Yes,8,Yes,2,Low,Medium,Positive,0,No,Postgraduate,Moderate,Female,69,0.5051333822819205,-0.9076074145571106,1,1
64,Medium,High,Yes,6,Yes,0,High,Low,Neutral,3,Yes,Postgraduate,Near,Male,66,0.6720791058837999,0.6898262132372758,0,2
74,Medium,Low,Yes,4,Yes,1,Low,Medium,Neutral,3,No,High School,Moderate,Male,65,1.339862000291318,-0.9076074145571106,0,1
95,High,Medium,No,4,Yes,2,Medium,High,Neutral,1,No,College,Near,Male,71,0.17124193507816154,-1.3937828664945324,0,1
68,Medium,Medium,Yes,4,Yes,2,Medium,High,Negative,2,No,High School,Near,Male,68,0.6720791058837999,1.5927234811210593,1,2
63,Medium,High,Yes,7,Yes,2,Low,Medium,Positive,3,No,High School,Near,Female,64,-0.1626495121255974,-1.3243292305034722,0,1
92,Low,Low,Yes,4,Yes,2,Low,Medium,Negative,3,No,Postgraduate,Near,Male,71,1.5068077238931974,0.6203725772462154,1,1
93,Low,Medium,No,7,Yes,0,Medium,High,Positive,2,No,High School,Near,Male,67,-0.6634866829312358,-0.2825246906375681,1,1
67,Medium,Low,No,7,Yes,2,Medium,Medium,Negative,3,No,High School,Far,Female,66,1.8406991710969562,1.1760016651746976,1,2
94,Low,High,Yes,8,Yes,1,Low,Medium,Positive,4,No,High School,Near,Male,71,0.004296211476282077,0.9676407572015168,1,1
87,Low,Medium,No,8,Yes,0,Low,Medium,Negative,2,No,High School,Moderate,Male,62,-1.4982153009406332,-1.254875594512412,1,2
81,High,Medium,No,8,Yes,3,Low,Medium,Positive,2,Yes,High School,Near,Male,67,0.17124193507816154,-0.14361741865544755,1,1
93,Medium,Low,Yes,8,Yes,3,Low,Medium,Neutral,2,No,College,Near,Male,67,-0.6634866829312358,-1.6715974104587736,1,1
77,Low,Medium,Yes,7,Yes,0,Medium,Medium,Negative,3,No,High School,Near,Female,66,0.8390248294856795,-0.2825246906375681,1,1
68,Low,Medium,Yes,7,Yes,1,Low,High,Positive,3,No,Postgraduate,Moderate,Female,64,-0.6634866829312358,0.6898262132372758,0,2
71,Low,Medium,Yes,6,Yes,2,Low,Medium,Neutral,3,Yes,College,Near,Male,62,-0.4965409593293564,-0.9076074145571106,1,1
80,Medium,High,No,7,Yes,1,Medium,Medium,Neutral,3,No,College,Near,Female,65,-1.8321067481443922,1.1065480291836374,1,0
81,Medium,Low,Yes,5,Yes,0,Medium,Medium,Neutral,1,No,College,Near,Male,63,-0.4965409593293564,-1.532690138476653,1,0
92,Medium,Medium,Yes,9,Yes,2,High,Medium,Neutral,4,Yes,College,Moderate,Female,64,-2.49988964255191,-1.6021437744677132,0,1
92,Low,High,Yes,6,Yes,1,Medium,Medium,Neutral,3,No,High School,Near,Female,65,-1.6651610245425126,-1.6715974104587736,0,0
83,Medium,High,No,7,Yes,0,Low,Medium,Neutral,2,No,College,Moderate,Male,68,0.8390248294856795,-0.76870014257499,1,1
91,Medium,High,Yes,7,Yes,2,Low,Medium,Positive,3,No,High School,Near,Female,72,0.8390248294856795,-0.14361741865544755,1,1
68,Medium,Medium,Yes,9,Yes,0,Low,Medium,Positive,3,No,College,Moderate,Male,64,0.5051333822819205,-1.3937828664945324,1,1
62,High,Medium,No,4,Yes,1,Low,Medium,Neutral,3,No,High School,Near,Male,62,-0.9973781301349948,1.7316307531031798,1,0
95,Medium,Low,Yes,7,No,3,Low,Medium,Neutral,2,No,High School,Near,Female,69,0.004296211476282077,1.7316307531031798,0,0
63,Low,Low,Yes,8,Yes,3,Medium,Medium,Neutral,4,No,Postgraduate,Near,Female,64,0.004296211476282077,0.06474348931773327,1,1
70,High,Medium,No,10,Yes,1,Low,Medium,Negative,2,No,High School,Far,Female,61,-1.1643238537368743,0.20365076129985382,1,1
88,Medium,High,No,7,Yes,2,Low,Low,Positive,2,No,High School,Near,Female,72,1.5068077238931974,1.4538162091389386,1,0
76,Medium,Low,Yes,6,Yes,1,Medium,Medium,Negative,3,No,College,Far,Male,66,0.8390248294856795,0.8981871212104565,0,0
95,High,Low,No,10,Yes,2,High,Medium,Positive,3,No,High School,Near,Male,69,-0.1626495121255974,-1.1854219585213517,1,0
72,Medium,Medium,No,8,No,2,Low,Low,Neutral,2,No,College,Near,Female,65,0.004296211476282077,1.0370943931925771,0,2
60,High,Medium,Yes,9,Yes,2,Low,Medium,Positive,3,No,High School,Near,Male,64,0.17124193507816154,-0.9076074145571106,1,1
72,Low,Medium,Yes,5,Yes,3,High,Low,Positive,4,No,High School,Near,Female,62,-1.9990524717462717,-0.21307105464650783,0,1
83,Medium,Medium,No,8,Yes,1,Low,Medium,Positive,4,No,High School,Far,Male,66,-0.1626495121255974,0.13419712530879355,1,2
75,Low,Low,Yes,5,Yes,0,Low,Medium,Positive,1,No,College,Moderate,Female,62,-0.6634866829312358,0.759279849228336,1,1
81,Medium,Medium,Yes,5,Yes,3,Low,High,Negative,4,No,Postgraduate,Moderate,Male,66,-0.9973781301349948,-1.1854219585213517,1,2
95,Medium,High,No,8,Yes,2,High,Medium,Neutral,3,No,College,Moderate,Female,70,-0.3295952357274769,-1.4632365024855927,1,1
96,Medium,Medium,Yes,8,Yes,3,Low,Medium,Positive,3,No,High School,Near,Male,75,1.8406991710969562,1.2454553011657579,1,0
71,Low,High,Yes,6,Yes,3,High,Medium,Neutral,2,No,High School,Far,Female,67,0.6720791058837999,1.1065480291836374,1,1
78,Low,Medium,Yes,9,Yes,4,Medium,Medium,Positive,2,No,College,Near,Male,66,-0.4965409593293564,0.06474348931773327,1,0
82,Medium,High,No,6,Yes,2,Medium,Medium,Positive,3,No,Postgraduate,Moderate,Male,71,0.5051333822819205,0.5509189412551552,0,1
98,High,Medium,Yes,7,Yes,2,Medium,High,Neutral,2,No,High School,Near,Female,75,1.339862000291318,0.759279849228336,0,1
100,High,High,No,7,Yes,1,Medium,Medium,Neutral,2,No,High School,Far,Female,72,1.005970553087559,-0.07416378266438728,1,0
69,High,Medium,No,7,Yes,2,Low,Medium,Negative,2,No,High School,Moderate,Female,64,0.004296211476282077,-0.8381537785660502,0,0
89,Medium,Medium,Yes,9,No,1,Low,Medium,Neutral,3,No,High School,Far,Male,65,-0.6634866829312358,-0.07416378266438728,1,1
75,Low,Medium,No,5,Yes,1,Low,Medium,Positive,3,No,High School,Near,Male,67,0.6720791058837999,1.5927234811210593,1,2
60,Medium,Medium,No,6,Yes,2,Low,High,Negative,2,No,High School,Near,Male,63,0.338187658680041,1.1760016651746976,1,0
60,Medium,Low,Yes,5,Yes,1,Medium,Medium,Negative,2,No,High School,Near,Male,62,0.8390248294856795,-0.14361741865544755,1,0
78,Low,High,Yes,10,Yes,2,Medium,Medium,Positive,4,No,College,Moderate,Female,69,0.6720791058837999,-0.9770610505481708,1,2
80,Medium,Medium,Yes,7,Yes,1,Low,Medium,Positive,2,No,Postgraduate,Moderate,Male,70,1.005970553087559,1.3149089371568181,0,1
61,Low,Medium,Yes,6,Yes,0,Medium,High,Neutral,4,No,Postgraduate,Near,Male,63,-0.4965409593293564,0.4814653052640949,1,2
87,Medium,Medium,Yes,7,Yes,2,Low,Medium,Neutral,2,No,Postgraduate,Near,Male,71,1.339862000291318,-0.3519783266286284,1,1
72,Medium,Low,Yes,8,Yes,0,Low,Medium,Neutral,4,No,High School,Near,Male,63,0.17124193507816154,-1.3243292305034722,1,1
82,Low,Medium,Yes,8,Yes,0,High,Medium,Positive,2,No,College,Moderate,Male,71,2.007644894698836,0.8981871212104565,1,0
72,Medium,Medium,Yes,6,Yes,0,Low,Medium,Positive,4,No,College,Near,Male,63,-0.6634866829312358,-0.6297928705928695,0,0
67,Medium,High,Yes,6,Yes,0,Low,Medium,Neutral,4,No,High School,Moderate,Male,68,1.6737534474950768,0.3425580332819744,1,2
76,Medium,Low,Yes,5,No,0,Low,High,Neutral,3,No,High School,Near,Male,65,0.17124193507816154,0.20365076129985382,1,2
69,High,High,Yes,7,Yes,0,High,High,Negative,3,No,High School,Near,Female,66,-0.6634866829312358,0.6898262132372758,0,1
81,Low,Medium,Yes,9,Yes,3,Low,Medium,Neutral,4,No,College,Far,Male,66,-0.4965409593293564,0.13419712530879355,1,1
68,High,High,No,6,Yes,0,Medium,High,Positive,3,No,High School,Near,Male,66,-0.3295952357274769,0.4814653052640949,1,0
80,Low,Low,Yes,8,Yes,0,Medium,High,Positive,2,No,High School,Near,Female,65,0.5051333822819205,-1.4632365024855927,0,1
66,Medium,High,No,6,Yes,0,High,Medium,Positive,2,No,High School,Near,Female,66,0.5051333822819205,0.5509189412551552,1,1
87,Medium,Medium,Yes,5,Yes,4,Medium,Medium,Positive,3,Yes,High School,Near,Female,67,-0.4965409593293564,-1.0465146865392312,0,1
90,High,Medium,No,8,Yes,0,Medium,Medium,Neutral,3,No,High School,Moderate,Female,68,0.004296211476282077,-0.3519783266286284,0,1
64,Medium,Low,Yes,10,Yes,2,High,High,Neutral,3,No,High School,Near,Male,68,2.1745906183007153,0.06474348931773327,0,0
79,Low,Medium,No,8,Yes,3,Low,Medium,Negative,3,No,College,Moderate,Female,69,1.6737534474950768,0.6203725772462154,0,1
63,Medium,Low,Yes,6,Yes,1,Medium,Medium,Neutral,2,No,Postgraduate,Near,Male,64,0.5051333822819205,0.8287334852193963,1,0
84,Medium,Medium,No,6,Yes,0,Medium,Medium,Positive,3,No,High School,Moderate,Male,67,0.004296211476282077,0.6898262132372758,0,1
71,Medium,Medium,Yes,10,Yes,1,Medium,Medium,Negative,4,No,High School,Moderate,Female,63,0.17124193507816154,-1.3937828664945324,1,0
81,Low,High,Yes,7,Yes,3,Low,Medium,Negative,3,No,College,Near,Male,67,0.6720791058837999,-0.4214319626196886,1,1
81,Medium,High,Yes,6,No,2,High,High,Neutral,2,No,High School,Far,Female,64,-0.9973781301349948,-0.76870014257499,1,0
97,Low,Medium,No,7,Yes,0,High,Medium,Neutral,2,Yes,High School,Near,Female,66,-0.3295952357274769,-0.3519783266286284,1,0
82,High,Medium,No,7,Yes,2,Low,High,Neutral,4,No,High School,Near,Male,65,-1.6651610245425126,0.4814653052640949,0,0
83,Medium,Medium,Yes,8,No,4,Medium,Medium,Neutral,2,No,Postgraduate,Moderate,Female,68,0.338187658680041,-1.0465146865392312,1,0
76,Low,High,No,9,Yes,0,Low,Medium,Positive,5,No,High School,Near,Male,66,0.6720791058837999,-0.004710146673327003,0,0
98,High,High,No,9,Yes,0,High,Low,Negative,3,No,College,Near,Male,71,-0.4965409593293564,1.3149089371568181,1,0
91,Medium,High,Yes,7,No,2,Medium,High,Negative,4,No,College,Near,Female,74,1.5068077238931974,0.8287334852193963,0,1
71,Medium,High,No,7,Yes,2,Low,Medium,Positive,3,No,Postgraduate,Near,Male,65,-1.1643238537368743,0.759279849228336,1,0
94,Low,High,Yes,8,Yes,0,Medium,Medium,Neutral,4,No,High School,Near,Female,68,-1.4982153009406332,1.1760016651746976,1,2
77,Medium,High,Yes,6,No,2,High,Medium,Positive,2,No,College,Near,Male,68,0.17124193507816154,-0.3519783266286284,0,0
93,Medium,Medium,No,8,Yes,1,Medium,High,Neutral,4,Yes,College,Near,Male,72,1.005970553087559,0.8981871212104565,1,1
93,High,High,Yes,7,Yes,3,Low,Medium,Negative,2,No,Postgraduate,Moderate,Female,74,1.6737534474950768,-1.532690138476653,0,1
68,Low,High,No,8,Yes,0,Low,Medium,Neutral,2,No,College,Near,Male,61,-0.4965409593293564,-1.532690138476653,1,1
88,Low,Low,No,10,Yes,0,Low,Low,Positive,3,No,High School,Far,Male,65,1.005970553087559,-0.5603392346018092,0,0
72,High,Low,No,8,Yes,0,Low,Medium,Neutral,5,No,High School,Near,Male,63,0.004296211476282077,-1.0465146865392312,1,0
72,High,Medium,Yes,7,Yes,1,Medium,High,Positive,2,No,High School,Moderate,Female,66,-0.1626495121255974,0.06474348931773327,1,1
72,Low,High,Yes,6,Yes,2,Low,Medium,Negative,3,No,High School,Near,Male,66,0.8390248294856795,-1.1159683225302914,1,1
89,High,Medium,Yes,7,Yes,2,Low,High,Neutral,4,No,High School,Near,Female,73,0.6720791058837999,1.6621771171121196,0,1
69,Medium,Medium,No,5,Yes,0,Medium,High,Negative,4,No,College,Near,Male,63,-1.4982153009406332,1.2454553011657579,1,1
60,High,High,Yes,8,Yes,0,Medium,Medium,Positive,4,Yes,High School,Near,Female,68,1.5068077238931974,1.6621771171121196,1,1
89,High,Low,Yes,4,Yes,3,Low,High,Positive,2,Yes,Postgraduate,Moderate,Female,73,1.339862000291318,1.0370943931925771,1,2
67,Low,High,Yes,8,Yes,0,High,Low,Negative,3,No,High School,Moderate,Male,63,-0.6634866829312358,1.5927234811210593,0,1
64,Medium,High,Yes,8,Yes,2,Medium,Medium,Negative,4,No,High School,Near,Male,65,0.338187658680041,-0.49088559861074893,1,1
70,Low,High,Yes,7,Yes,0,Low,Medium,Positive,4,No,High School,Near,Female,66,0.5051333822819205,-0.004710146673327003,1,2
75,Low,Low,Yes,6,Yes,0,High,High,Negative,3,No,Postgraduate,Near,Female,65,0.338187658680041,-0.9076074145571106,1,1
79,Low,High,Yes,7,Yes,0,Medium,High,Negative,2,No,College,Near,Male,66,-0.4965409593293564,0.4814653052640949,1,1
62,High,Medium,No,4,Yes,3,Low,Medium,Neutral,3,No,College,Near,Female,65,-0.6634866829312358,0.9676407572015168,1,2
99,Medium,Medium,No,8,Yes,2,Low,High,Negative,2,No,Postgraduate,Far,Female,70,0.004296211476282077,-0.004710146673327003,0,1
89,Medium,Medium,No,7,Yes,1,Medium,Medium,Neutral,3,No,High School,Near,Female,70,1.1729162766894383,-0.6992465065839297,1,1
73,High,Medium,Yes,9,Yes,0,High,High,Positive,3,No,High School,Moderate,Female,68,0.5051333822819205,-0.004710146673327003,0,1
73,Medium,High,No,8,No,1,Low,High,Neutral,3,No,Postgraduate,Moderate,Male,64,-0.3295952357274769,-1.532690138476653,1,1
78,Medium,Medium,No,7,Yes,1,Medium,Medium,Negative,3,No,Postgraduate,Moderate,Female,68,0.8390248294856795,0.759279849228336,1,1
85,Low,High,No,8,Yes,2,Low,Medium,Neutral,3,No,High School,Near,Male,62,-2.8337810897556692,-0.14361741865544755,0,0
66,Medium,Medium,Yes,6,Yes,1,Medium,Medium,Positive,3,No,College,Moderate,Male,68,1.1729162766894383,1.3843625731478784,1,1
68,Low,Medium,No,6,Yes,1,High,Medium,Neutral,3,No,College,Moderate,Male,61,-1.6651610245425126,1.4538162091389386,1,0
94,High,Medium,Yes,7,No,1,Low,Medium,Positive,3,No,Postgraduate,Near,Male,69,-0.3295952357274769,-1.3243292305034722,1,0
70,Medium,Medium,Yes,7,Yes,3,Low,Medium,Neutral,3,No,High School,Near,Male,65,-1.1643238537368743,1.7316307531031798,1,1
75,Medium,High,Yes,6,Yes,2,Low,Medium,Neutral,2,No,College,Far,Male,65,-1.3312695773387537,1.5927234811210593,1,1
95,Medium,High,No,7,Yes,3,Low,Medium,Neutral,2,No,High School,Moderate,Male,72,1.1729162766894383,0.4120116692730346,1,0
87,Medium,Medium,Yes,7,Yes,3,Low,High,Positive,3,Yes,College,Near,Female,70,-0.4965409593293564,1.1065480291836374,1,2
74,Medium,High,Yes,10,No,1,Medium,Medium,Negative,4,No,High School,Near,Male,65,0.338187658680041,-1.6715974104587736,0,1
87,Medium,Medium,No,7,Yes,3,Low,Medium,Negative,3,No,High School,Near,Male,69,0.004296211476282077,1.6621771171121196,1,1
61,High,Low,Yes,6,Yes,1,Medium,Medium,Positive,3,No,College,Near,Male,65,0.5051333822819205,-0.14361741865544755,1,1
89,Low,Medium,Yes,7,Yes,3,Low,Medium,Neutral,2,No,High School,Near,Male,69,0.004296211476282077,1.3843625731478784,0,0
79,Low,Medium,Yes,9,Yes,2,Low,High,Neutral,3,No,Postgraduate,Near,Male,65,-1.3312695773387537,-0.4214319626196886,1,1
93,Medium,High,Yes,9,Yes,0,Low,Medium,Neutral,3,No,College,Moderate,Male,72,1.005970553087559,0.9676407572015168,1,1
98,High,Low,Yes,10,Yes,0,Low,High,Positive,3,No,Postgraduate,Moderate,Female,70,-0.4965409593293564,-0.2825246906375681,0,1
97,Medium,Medium,Yes,7,Yes,0,Low,Medium,Negative,2,No,High School,Moderate,Female,64,-1.4982153009406332,-0.49088559861074893,0,0
96,Medium,Low,No,8,Yes,0,Medium,Medium,Negative,3,No,High School,Near,Female,67,-0.4965409593293564,1.523269845129999,1,0
80,Medium,Low,No,5,Yes,0,High,High,Neutral,2,No,High School,Moderate,Male,69,1.5068077238931974,0.6898262132372758,1,2
74,Low,Medium,Yes,6,Yes,4,Medium,Medium,Positive,3,No,Postgraduate,Near,Male,70,0.8390248294856795,1.1760016651746976,0,0
79,Medium,Medium,Yes,5,Yes,1,Low,High,Neutral,3,No,High School,Near,Male,65,-0.3295952357274769,0.13419712530879355,1,0
88,High,High,Yes,8,Yes,1,Low,Medium,Positive,3,No,High School,Far,Female,69,-0.3295952357274769,1.4538162091389386,1,0
95,High,Medium,Yes,7,Yes,5,Medium,Medium,Neutral,2,No,College,Near,Male,74,-0.3295952357274769,0.8287334852193963,1,2
68,Low,Medium,Yes,7,Yes,1,Low,Medium,Neutral,1,No,Postgraduate,Near,Male,66,2.007644894698836,-1.4632365024855927,0,1
97,Medium,Medium,Yes,6,Yes,1,Low,Low,Positive,4,No,College,Near,Male,72,0.338187658680041,0.8981871212104565,0,2
93,Medium,Low,Yes,8,No,0,Low,High,Positive,1,No,High School,Near,Male,67,0.5051333822819205,-1.6715974104587736,0,2
99,Low,High,Yes,4,Yes,2,High,Low,Neutral,4,No,Postgraduate,Moderate,Female,75,1.005970553087559,1.1065480291836374,1,2
95,Medium,Low,Yes,7,Yes,3,Medium,Medium,Positive,2,No,College,Far,Female,70,0.17124193507816154,-0.5603392346018092,1,1
71,Low,Low,No,7,Yes,1,Medium,Low,Neutral,4,No,Postgraduate,Moderate,Female,63,-0.3295952357274769,0.3425580332819744,1,1
64,Medium,Medium,No,4,Yes,2,Medium,Medium,Positive,4,No,High School,Moderate,Male,65,-0.1626495121255974,0.8287334852193963,0,2
64,Medium,High,No,8,Yes,3,Medium,Low,Negative,3,No,High School,Moderate,Female,64,0.004296211476282077,0.4814653052640949,1,1
72,Medium,High,No,7,Yes,2,Medium,High,Negative,2,No,High School,Moderate,Female,65,0.004296211476282077,0.6203725772462154,1,0
85,Medium,Medium,Yes,8,Yes,2,Medium,Medium,Negative,4,No,High School,Near,Female,70,0.6720791058837999,1.3843625731478784,1,1
92,Medium,Low,No,10,Yes,0,Low,Medium,Positive,2,No,Postgraduate,Far,Male,67,0.004296211476282077,-0.4214319626196886,1,1
96,Medium,Medium,Yes,7,No,0,Low,Medium,Negative,2,Yes,High School,Near,Female,67,0.6720791058837999,0.13419712530879355,1,0
85,Medium,High,No,8,Yes,1,Medium,Medium,Positive,3,No,Postgraduate,Far,Female,68,0.004296211476282077,-1.1159683225302914,1,1
60,Medium,Medium,No,9,Yes,4,Medium,Medium,Negative,4,No,College,Near,Male,65,0.004296211476282077,-0.14361741865544755,1,2
67,High,Medium,Yes,8,Yes,2,Medium,Medium,Positive,1,No,Postgraduate,Moderate,Female,61,-1.9990524717462717,-1.1854219585213517,1,0
64,Medium,Low,Yes,6,Yes,2,Low,Medium,Negative,3,No,High School,Moderate,Female,63,0.8390248294856795,0.4814653052640949,1,0
75,Medium,Low,Yes,5,Yes,2,Low,Medium,Positive,2,No,High School,Far,Male,80,0.338187658680041,-0.6297928705928695,1,0
80,Medium,Medium,Yes,8,Yes,2,Low,Low,Neutral,1,No,Postgraduate,Moderate,Male,69,1.005970553087559,1.2454553011657579,1,1
62,Medium,Low,No,6,Yes,1,Low,Medium,Negative,3,No,High School,Near,Male,55,-2.8337810897556692,-0.5603392346018092,1,1
74,Medium,Medium,No,9,Yes,2,Medium,Medium,Neutral,4,No,Postgraduate,Near,Female,70,2.1745906183007153,-0.76870014257499,0,1
67,Medium,Medium,Yes,6,Yes,1,Low,Medium,Neutral,3,No,College,Near,Female,65,-0.1626495121255974,-0.004710146673327003,1,2
86,Low,Medium,Yes,7,Yes,1,Medium,Medium,Neutral,3,No,High School,Near,Male,68,1.1729162766894383,-1.1159683225302914,1,0
79,Medium,Low,Yes,5,Yes,3,Low,Medium,Negative,5,No,High School,Near,Male,64,-0.9973781301349948,-1.0465146865392312,1,1
80,Medium,Medium,No,6,Yes,1,Low,High,Neutral,3,No,College,Near,Male,69,0.6720791058837999,0.9676407572015168,1,1
77,Low,High,No,6,Yes,1,Medium,High,Neutral,4,Yes,High School,Near,Female,89,-0.9973781301349948,-0.004710146673327003,1,1
98,Medium,Low,Yes,6,Yes,1,Medium,Medium,Positive,3,No,High School,Far,Male,67,-0.6634866829312358,-1.0465146865392312,0,1
69,Medium,Medium,No,7,No,2,High,Low,Neutral,5,No,College,Far,Male,92,1.8406991710969562,-1.6021437744677132,1,1
81,High,High,No,6,No,1,Low,High,Positive,3,No,High School,Near,Female,67,-0.1626495121255974,-0.14361741865544755,0,0
89,Low,Medium,Yes,10,Yes,3,Medium,Medium,Positive,3,No,College,Near,Male,70,0.17124193507816154,0.8287334852193963,1,0
82,High,Low,No,8,Yes,1,Low,High,Neutral,3,No,College,Near,Male,68,0.8390248294856795,-0.49088559861074893,1,1
97,Medium,Low,Yes,9,Yes,0,Low,Medium,Positive,2,No,Postgraduate,Near,Male,70,0.5051333822819205,-0.9076074145571106,0,1
75,Medium,Medium,Yes,7,Yes,3,Medium,Medium,Positive,4,Yes,Postgraduate,Near,Male,67,0.17124193507816154,-0.3519783266286284,1,0
79,Medium,Medium,Yes,7,Yes,0,High,Medium,Neutral,3,No,High School,Near,Male,69,0.338187658680041,1.5927234811210593,1,2
64,Medium,Medium,No,6,Yes,0,Low,High,Negative,4,No,High School,Near,Female,67,2.3415363419025947,-0.2825246906375681,0,2
84,High,High,Yes,10,Yes,0,Low,Medium,Positive,4,No,High School,Near,Female,69,0.004296211476282077,-0.8381537785660502,0,1
72,Medium,High,No,7,No,0,High,Medium,Neutral,1,Yes,High School,Near,Female,63,0.17124193507816154,0.20365076129985382,1,0
66,Medium,Medium,No,6,Yes,3,Medium,Medium,Positive,3,No,College,Near,Female,69,1.005970553087559,1.1065480291836374,1,1
82,Medium,High,No,6,Yes,1,Low,Medium,Negative,3,No,High School,Moderate,Male,66,1.1729162766894383,-1.6715974104587736,1,0
81,Medium,Medium,No,8,Yes,0,Medium,Medium,Positive,3,No,High School,Moderate,Male,68,1.1729162766894383,0.20365076129985382,1,1
63,Medium,Medium,Yes,9,Yes,4,Medium,Medium,Positive,4,No,Postgraduate,Near,Male,69,0.6720791058837999,1.1760016651746976,0,1
88,High,Low,Yes,9,Yes,4,Medium,Medium,Negative,3,No,High School,Near,Female,66,-1.1643238537368743,-0.9770610505481708,0,0
85,Medium,Medium,Yes,6,Yes,1,Medium,Medium,Neutral,4,No,High School,Near,Female,72,1.6737534474950768,1.4538162091389386,0,0
68,Low,Medium,Yes,6,Yes,1,High,Medium,Negative,3,No,College,Near,Male,62,-1.1643238537368743,0.27310439729091407,0,1
79,Medium,Medium,No,9,Yes,1,Low,Medium,Positive,2,No,High School,Near,Male,67,0.338187658680041,0.06474348931773327,0,1
89,High,Low,No,10,Yes,0,Low,Medium,Positive,2,No,College,Near,Male,67,-0.8304324065331153,1.5927234811210593,0,0
81,High,High,Yes,7,No,1,Medium,Medium,Positive,3,No,High School,Near,Male,67,0.004296211476282077,-1.3243292305034722,0,0
76,Medium,Low,No,9,Yes,2,Low,High,Neutral,3,Yes,College,Near,Female,65,0.338187658680041,0.8287334852193963,1,0
73,High,Low,No,5,Yes,1,Medium,Medium,Positive,3,No,Postgraduate,Moderate,Male,67,0.338187658680041,1.1065480291836374,1,1
84,Low,Low,No,6,No,3,Low,Medium,Positive,1,No,High School,Near,Female,66,0.5051333822819205,-0.07416378266438728,1,1
98,Low,Low,Yes,5,Yes,0,Low,High,Negative,2,No,College,Near,Male,70,1.6737534474950768,-1.7410510464498339,1,2
87,Low,High,No,8,Yes,2,High,Medium,Positive,5,Yes,Postgraduate,Near,Female,71,0.5051333822819205,0.06474348931773327,1,1
63,Low,High,Yes,7,Yes,2,Low,High,Neutral,3,No,Postgraduate,Near,Female,64,-0.1626495121255974,-1.1854219585213517,0,1
78,Low,High,Yes,7,Yes,4,Medium,Medium,Neutral,4,No,High School,Moderate,Female,69,1.005970553087559,0.20365076129985382,0,0
96,Medium,High,Yes,9,No,0,Medium,High,Positive,2,No,College,Moderate,Male,72,1.1729162766894383,0.8287334852193963,1,0
64,Medium,Low,Yes,6,Yes,0,Low,High,Neutral,4,No,High School,Near,Male,60,-1.1643238537368743,0.13419712530879355,1,1
100,Medium,Low,Yes,7,Yes,1,Medium,High,Positive,3,No,High School,Moderate,Male,71,0.6720791058837999,0.4814653052640949,0,0
98,Medium,Medium,Yes,5,Yes,0,Medium,Medium,Positive,3,No,High School,Moderate,Male,71,0.6720791058837999,-1.3937828664945324,1,2
63,High,High,No,9,Yes,2,High,High,Positive,2,No,Postgraduate,Near,Female,66,-0.3295952357274769,-1.3937828664945324,0,1
97,Medium,Medium,No,9,Yes,3,Medium,High,Neutral,3,No,High School,Near,Female,74,1.339862000291318,1.2454553011657579,1,0
75,Medium,Medium,No,8,Yes,0,Low,Medium,Negative,4,No,Postgraduate,Moderate,Male,64,-0.1626495121255974,-1.6021437744677132,1,2
94,Medium,Low,Yes,7,Yes,2,Medium,Medium,Neutral,2,No,High School,Near,Male,68,0.17124193507816154,-0.76870014257499,0,0
77,High,Low,No,6,Yes,4,Low,Medium,Negative,2,No,High School,Near,Male,66,-0.1626495121255974,1.523269845129999,1,0
78,Medium,Medium,No,5,Yes,1,Low,Medium,Negative,3,No,College,Near,Female,65,0.004296211476282077,-0.14361741865544755,1,0
85,Low,High,Yes,7,No,0,Low,Medium,Neutral,5,No,High School,Moderate,Female,64,-1.1643238537368743,0.6203725772462154,1,1
91,Medium,Low,No,8,Yes,1,High,Medium,Positive,3,No,Postgraduate,Far,Male,65,-1.4982153009406332,-0.9770610505481708,0,1
61,High,High,No,10,Yes,4,Medium,Medium,Positive,2,No,Postgraduate,Moderate,Male,69,1.6737534474950768,-0.76870014257499,1,0
84,Medium,High,Yes,6,Yes,2,Medium,Medium,Positive,4,Yes,Postgraduate,Near,Female,68,-0.8304324065331153,-0.004710146673327003,0,1
67,Medium,High,No,7,Yes,1,Medium,Medium,Neutral,3,No,High School,Far,Female,62,-0.9973781301349948,0.4814653052640949,1,0
74,Low,High,No,9,Yes,3,High,Low,Neutral,2,No,High School,Moderate,Male,63,-2.165998195348151,1.5927234811210593,1,2
74,High,Low,No,9,Yes,0,High,Medium,Neutral,4,No,Postgraduate,Moderate,Female,65,-0.6634866829312358,0.27310439729091407,1,2
79,Low,High,No,6,Yes,1,Low,High,Neutral,4,No,College,Far,Female,62,-1.3312695773387537,-1.3937828664945324,0,1
73,Low,Medium,No,7,Yes,0,Low,High,Positive,2,No,Postgraduate,Near,Male,67,1.6737534474950768,-0.49088559861074893,1,1
64,Low,High,No,6,Yes,1,Low,Medium,Positive,5,No,High School,Moderate,Male,64,1.005970553087559,-0.9076074145571106,0,0
66,Medium,Low,No,6,Yes,2,Medium,High,Neutral,3,No,College,Moderate,Male,61,-0.6634866829312358,-0.8381537785660502,1,0
61,Low,Medium,No,9,Yes,1,Low,Medium,Neutral,2,No,College,Far,Male,65,2.3415363419025947,-0.004710146673327003,1,1
79,High,Low,No,7,Yes,1,High,Medium,Positive,5,Yes,High School,Moderate,Male,67,1.005970553087559,-0.6297928705928695,1,1
98,High,Low,No,7,Yes,0,Medium,Medium,Positive,4,No,Postgraduate,Moderate,Male,70,-0.3295952357274769,-0.76870014257499,1,1
65,Medium,High,Yes,7,Yes,1,Low,Low,Positive,3,No,High School,Far,Male,59,-2.49988964255191,1.5927234811210593,0,0
98,Medium,High,No,7,Yes,1,Low,Medium,Neutral,4,No,College,Near,Male,75,2.3415363419025947,0.27310439729091407,0,1
89,Low,Medium,Yes,7,Yes,4,Low,High,Neutral,2,No,College,Near,Male,67,-1.3312695773387537,-0.8381537785660502,1,1
85,Medium,Medium,Yes,6,Yes,1,Medium,Medium,Negative,3,No,College,Near,Male,64,-1.6651610245425126,-0.76870014257499,1,0
86,Medium,High,Yes,9,Yes,3,High,Medium,Neutral,3,Yes,High School,Near,Female,72,1.005970553087559,1.1065480291836374,1,1
93,Medium,Medium,Yes,6,Yes,5,Medium,Medium,Neutral,2,Yes,College,Near,Female,76,2.508482065504474,1.3149089371568181,1,1
64,Medium,High,Yes,6,Yes,2,Medium,Medium,Positive,2,No,Postgraduate,Near,Male,69,1.339862000291318,0.6203725772462154,0,0
80,Low,Medium,No,7,Yes,0,Low,High,Negative,5,No,High School,Near,Male,65,0.5051333822819205,-0.21307105464650783,1,0
88,High,Medium,No,10,Yes,2,High,High,Positive,1,No,Postgraduate,Far,Female,72,0.6720791058837999,0.8981871212104565,1,0
83,Medium,High,Yes,6,Yes,0,Low,Low,Neutral,4,No,High School,Near,Male,69,0.8390248294856795,1.523269845129999,1,0
93,High,Medium,No,8,Yes,0,High,Medium,Positive,4,No,High School,Moderate,Female,71,0.8390248294856795,-1.1854219585213517,0,1
63,High,Medium,No,7,Yes,0,Medium,Medium,Neutral,2,No,High School,Far,Male,64,0.338187658680041,1.2454553011657579,0,2
88,High,High,Yes,7,Yes,2,Medium,Medium,Positive,3,No,Postgraduate,Near,Female,74,0.17124193507816154,1.1760016651746976,1,2
81,Medium,High,Yes,8,Yes,0,Medium,Medium,Neutral,3,No,College,Near,Male,68,0.004296211476282077,-0.49088559861074893,1,1
75,Medium,High,Yes,4,Yes,1,Low,Low,Positive,4,No,Postgraduate,Moderate,Female,66,-0.8304324065331153,-0.6992465065839297,0,2
74,Medium,Medium,No,6,Yes,0,High,Medium,Positive,2,No,High School,Moderate,Female,65,-0.3295952357274769,0.20365076129985382,1,2
85,High,Medium,Yes,8,Yes,2,High,Medium,Neutral,3,No,Postgraduate,Near,Female,67,-1.6651610245425126,-0.76870014257499,1,0
96,Medium,Medium,No,7,Yes,0,Low,Medium,Positive,3,No,High School,Near,Female,69,-0.1626495121255974,-1.254875594512412,1,2
80,High,Low,Yes,7,Yes,2,Low,High,Negative,2,No,High School,Near,Male,66,-0.9973781301349948,1.5927234811210593,0,2
93,Medium,High,Yes,8,Yes,1,Medium,Medium,Positive,2,No,High School,Near,Male,69,-1.1643238537368743,-0.004710146673327003,0,1
76,Medium,Medium,Yes,6,Yes,2,Medium,Medium,Neutral,3,No,High School,Near,Male,67,0.17124193507816154,-0.07416378266438728,0,1
64,Medium,Medium,Yes,9,Yes,1,Low,Low,Negative,2,No,College,Near,Male,64,1.339862000291318,-1.3243292305034722,1,1
62,High,High,No,8,Yes,2,Medium,Medium,Neutral,2,No,College,Moderate,Male,67,1.005970553087559,-0.004710146673327003,1,1
62,Low,High,Yes,7,No,3,Low,High,Positive,3,No,High School,Far,Female,61,-1.4982153009406332,0.8287334852193963,1,2
75,Medium,Low,Yes,8,Yes,0,High,Medium,Negative,2,No,High School,Moderate,Female,61,-0.9973781301349948,-0.9076074145571106,1,0
73,Medium,Medium,Yes,9,Yes,4,Medium,Medium,Neutral,2,No,High School,Far,Male,68,1.005970553087559,-0.49088559861074893,1,2
89,Low,High,No,6,Yes,2,Low,High,Neutral,5,No,Postgraduate,Moderate,Male,66,-0.9973781301349948,-1.1159683225302914,1,0
90,Medium,Medium,No,8,Yes,0,High,Medium,Negative,4,No,High School,Moderate,Male,66,-0.1626495121255974,-0.49088559861074893,1,0
62,Medium,High,No,10,Yes,2,Low,Medium,Positive,4,No,College,Near,Female,68,0.5051333822819205,1.2454553011657579,1,2
69,Low,High,No,8,Yes,1,Medium,High,Neutral,2,No,High School,Near,Male,63,-0.9973781301349948,-0.9076074145571106,0,2
71,Medium,Medium,Yes,7,Yes,3,Medium,High,Neutral,3,No,Postgraduate,Moderate,Female,66,0.17124193507816154,-1.6715974104587736,0,1
82,High,Medium,Yes,10,Yes,0,Medium,Medium,Neutral,4,No,College,Far,Female,66,-1.3312695773387537,0.13419712530879355,1,2
66,High,Medium,Yes,7,Yes,0,High,High,Neutral,3,No,College,Near,Female,66,-0.6634866829312358,0.27310439729091407,0,2
65,Medium,Medium,Yes,9,Yes,2,Medium,Medium,Negative,4,No,High School,Near,Male,65,0.338187658680041,-0.6297928705928695,1,2
98,Medium,Medium,Yes,6,Yes,2,High,Medium,Positive,2,No,College,Moderate,Male,69,-1.6651610245425126,0.4814653052640949,1,1
92,Medium,High,No,9,Yes,1,High,Medium,Positive,2,No,High School,Near,Female,71,0.5051333822819205,-1.6021437744677132,0,2
67,High,High,No,6,Yes,1,Medium,High,Positive,2,Yes,College,Near,Female,66,0.004296211476282077,-0.5603392346018092,1,2
76,Medium,Medium,Yes,7,Yes,1,Medium,Medium,Negative,3,No,High School,Moderate,Female,66,0.5051333822819205,-1.254875594512412,1,2
74,Medium,High,Yes,6,No,0,Low,Medium,Positive,4,No,High School,Near,Male,65,0.17124193507816154,-0.9770610505481708,0,0
92,Low,Medium,No,10,Yes,4,Low,Medium,Neutral,4,No,High School,Moderate,Female,71,1.339862000291318,-0.4214319626196886,1,1
80,Medium,High,No,7,Yes,3,Medium,High,Neutral,2,No,High School,Far,Male,69,0.17124193507816154,-0.004710146673327003,0,2
65,Low,Low,Yes,5,Yes,2,Low,Medium,Positive,3,No,High School,Near,Female,61,-0.4965409593293564,-1.3937828664945324,1,1
90,High,Medium,Yes,7,Yes,1,Low,High,Neutral,4,No,High School,Near,Female,70,0.17124193507816154,-1.3937828664945324,1,2
76,Medium,Medium,No,8,Yes,2,High,Medium,Positive,4,No,College,Near,Female,70,0.5051333822819205,0.6203725772462154,1,2
71,Medium,Medium,No,7,Yes,0,High,High,Negative,4,No,High School,Near,Female,65,0.004296211476282077,-0.3519783266286284,1,2
75,Medium,Low,Yes,6,Yes,2,Medium,Medium,Negative,1,No,Postgraduate,Moderate,Male,64,0.004296211476282077,-1.1159683225302914,1,1
80,High,High,Yes,9,Yes,0,High,Medium,Neutral,4,No,Postgraduate,Near,Female,68,-0.6634866829312358,-0.9076074145571106,1,0
74,Low,Medium,Yes,9,Yes,1,Low,Medium,Neutral,2,No,High School,Near,Female,63,-0.6634866829312358,0.759279849228336,0,0
70,Medium,High,No,5,Yes,2,Low,Medium,Positive,3,No,College,Near,Male,63,-1.3312695773387537,-1.532690138476653,0,1
76,Medium,Medium,Yes,6,Yes,3,High,Medium,Positive,3,No,College,Near,Female,71,1.6737534474950768,-0.004710146673327003,1,0
61,High,Low,No,7,No,1,Medium,Medium,Neutral,2,No,High School,Near,Male,58,-1.1643238537368743,-0.49088559861074893,1,0
91,Medium,Medium,Yes,6,Yes,1,Medium,Medium,Neutral,2,No,High School,Moderate,Female,68,-0.6634866829312358,1.1065480291836374,1,1
67,Medium,High,No,8,Yes,1,High,Low,Neutral,4,No,High School,Near,Male,65,-0.6634866829312358,1.0370943931925771,1,2
62,Medium,Medium,No,10,Yes,2,Low,Medium,Positive,3,No,College,Near,Female,65,0.8390248294856795,0.6203725772462154,1,0
86,High,Low,Yes,6,Yes,2,Medium,High,Positive,2,No,High School,Near,Male,68,-0.3295952357274769,-0.4214319626196886,1,0
91,Low,High,Yes,9,Yes,0,Low,Low,Neutral,1,No,High School,Far,Male,69,1.1729162766894383,0.4814653052640949,1,1
93,Medium,Medium,Yes,5,Yes,5,High,Medium,Positive,1,No,High School,Near,Male,71,-0.6634866829312358,0.4814653052640949,1,0
80,Low,Medium,No,8,Yes,2,Low,Low,Positive,2,No,Postgraduate,Moderate,Male,65,0.338187658680041,-0.5603392346018092,0,0
68,Low,Medium,Yes,6,Yes,0,Medium,High,Neutral,5,No,Postgraduate,Near,Female,64,-0.8304324065331153,1.3149089371568181,1,0
89,Low,Medium,No,8,Yes,2,High,High,Positive,4,No,College,Moderate,Male,75,2.1745906183007153,1.6621771171121196,0,1
88,High,Medium,No,4,Yes,1,Low,High,Positive,4,No,High School,Near,Female,67,-1.1643238537368743,-0.6297928705928695,1,0
70,Medium,High,Yes,5,Yes,1,Medium,High,Neutral,3,No,College,Far,Female,68,0.338187658680041,1.0370943931925771,1,2
96,High,High,No,8,Yes,1,Medium,Medium,Positive,1,No,College,Moderate,Female,72,0.6720791058837999,-0.004710146673327003,1,0
64,Medium,Medium,No,6,Yes,3,Medium,Medium,Positive,4,No,Postgraduate,Moderate,Female,67,0.338187658680041,-0.14361741865544755,1,2
99,High,Medium,No,7,Yes,1,High,Medium,Positive,3,No,High School,Near,Male,72,-0.1626495121255974,-0.4214319626196886,1,1
94,Medium,Low,Yes,10,Yes,1,Low,High,Negative,3,No,Postgraduate,Moderate,Male,69,-0.1626495121255974,-0.6992465065839297,1,2
88,Low,Low,No,7,Yes,0,High,High,Positive,3,No,Postgraduate,Moderate,Male,68,0.004296211476282077,1.4538162091389386,1,0
98,Medium,Medium,Yes,8,Yes,0,Medium,Medium,Negative,6,No,High School,Near,Male,70,-0.1626495121255974,0.8287334852193963,0,1
89,Medium,Medium,No,6,Yes,1,Low,Medium,Neutral,3,Yes,College,Near,Female,69,1.005970553087559,-0.21307105464650783,1,2
68,Medium,Low,Yes,5,Yes,2,Low,Medium,Negative,1,No,College,Moderate,Male,67,2.1745906183007153,0.8981871212104565,1,1
78,Medium,Medium,No,7,No,0,Low,Low,Neutral,3,No,College,Near,Female,63,-0.4965409593293564,0.759279849228336,1,1
63,Medium,High,No,5,Yes,4,Low,Medium,Positive,2,No,High School,Moderate,Male,61,-1.3312695773387537,-0.8381537785660502,0,0
76,Medium,High,Yes,6,Yes,1,Medium,Medium,Neutral,3,No,High School,Near,Female,66,-0.1626495121255974,-1.1159683225302914,1,1
90,High,Medium,Yes,7,No,0,Low,Medium,Neutral,4,No,High School,Near,Male,73,2.508482065504474,1.1760016651746976,0,0
75,Medium,High,Yes,7,Yes,0,Medium,High,Neutral,3,No,College,Moderate,Male,67,-0.8304324065331153,1.1065480291836374,1,2
73,High,Medium,Yes,8,Yes,2,High,High,Neutral,2,No,High School,Near,Female,72,1.6737534474950768,1.7316307531031798,1,1
84,High,Medium,No,8,Yes,1,Low,Medium,Positive,4,Yes,Postgraduate,Far,Male,69,1.6737534474950768,-1.6715974104587736,1,0
95,Low,High,No,5,Yes,2,Medium,Medium,Positive,4,No,High School,Moderate,Female,69,-0.4965409593293564,0.13419712530879355,1,1
62,Low,High,Yes,6,Yes,1,Low,Medium,Negative,3,Yes,College,Moderate,Male,63,0.5051333822819205,0.6898262132372758,1,1
75,Medium,Medium,Yes,4,Yes,0,Medium,Medium,Negative,4,No,High School,Moderate,Male,67,1.6737534474950768,0.27310439729091407,1,0
66,Medium,Medium,No,6,Yes,0,High,Medium,Positive,2,No,High School,Moderate,Female,63,-0.3295952357274769,0.759279849228336,1,1
88,Medium,High,Yes,8,No,1,Medium,Low,Negative,4,No,College,Near,Male,66,-0.1626495121255974,-1.254875594512412,0,0
64,Medium,Medium,No,9,Yes,2,Low,High,Positive,4,No,High School,Moderate,Female,62,-0.4965409593293564,-1.7410510464498339,1,1
87,Medium,Medium,Yes,7,Yes,2,Low,High,Positive,4,No,Postgraduate,Near,Male,68,-0.9973781301349948,-1.3937828664945324,0,1
71,Medium,High,No,9,Yes,1,Low,Medium,Neutral,4,No,Postgraduate,Near,Female,65,-0.6634866829312358,-0.4214319626196886,1,1
68,Low,Low,Yes,8,Yes,0,Medium,Low,Neutral,4,Yes,College,Near,Male,59,-1.1643238537368743,-0.6297928705928695,1,1
97,High,Medium,Yes,7,Yes,1,Medium,Medium,Negative,1,No,College,Moderate,Male,72,0.004296211476282077,1.3149089371568181,1,2
61,Medium,High,Yes,6,Yes,0,High,High,Neutral,2,No,Postgraduate,Near,Male,63,-0.8304324065331153,-1.4632365024855927,0,1
78,Medium,Medium,No,4,Yes,1,Medium,High,Neutral,4,No,Postgraduate,Near,Male,68,0.17124193507816154,-0.21307105464650783,1,1
61,Medium,Medium,Yes,9,Yes,0,Medium,High,Negative,2,No,High School,Moderate,Male,61,-1.4982153009406332,1.5927234811210593,1,2
79,Low,Medium,No,7,Yes,1,Low,High,Neutral,3,No,High School,Near,Female,65,0.338187658680041,-0.004710146673327003,0,0
80,Medium,Medium,Yes,9,Yes,2,Low,High,Positive,3,No,High School,Moderate,Female,68,0.8390248294856795,-1.254875594512412,1,0
73,Low,Medium,Yes,6,Yes,1,Low,Medium,Neutral,4,No,College,Moderate,Male,61,-1.9990524717462717,-0.6992465065839297,1,2
65,Low,Low,Yes,10,Yes,1,Low,Medium,Neutral,3,No,Postgraduate,Near,Male,63,0.338187658680041,0.4120116692730346,0,1
75,Medium,Medium,Yes,7,Yes,1,Medium,Low,Negative,2,No,Postgraduate,Near,Male,67,1.1729162766894383,-1.6715974104587736,1,2
87,Low,Medium,Yes,6,Yes,0,High,High,Positive,3,Yes,Postgraduate,Moderate,Male,66,-1.1643238537368743,1.5927234811210593,1,0
91,Medium,Medium,Yes,7,Yes,3,Medium,Medium,Positive,2,No,Postgraduate,Near,Male,75,1.6737534474950768,0.20365076129985382,0,2
81,Medium,Medium,No,7,Yes,0,Medium,Medium,Positive,4,No,High School,Near,Male,68,0.5051333822819205,0.6898262132372758,1,0
84,Low,Medium,No,7,Yes,2,Medium,Medium,Negative,3,No,High School,Near,Female,65,-0.6634866829312358,-0.004710146673327003,1,2
68,Low,Medium,No,6,Yes,0,Low,High,Negative,4,No,High School,Near,Female,64,0.004296211476282077,1.5927234811210593,1,2
71,High,Medium,Yes,4,No,2,Low,Medium,Positive,3,No,High School,Near,Male,67,0.5051333822819205,0.27310439729091407,1,1
66,Low,Medium,Yes,6,Yes,2,Low,Medium,Neutral,3,No,College,Near,Male,64,0.004296211476282077,0.5509189412551552,0,1
70,Medium,High,Yes,9,Yes,0,Low,High,Neutral,2,Yes,Postgraduate,Moderate,Female,67,0.5051333822819205,1.2454553011657579,1,1
69,Medium,High,Yes,6,No,2,Low,Medium,Neutral,0,No,High School,Near,Male,63,-0.9973781301349948,1.2454553011657579,0,0
81,High,Medium,Yes,4,Yes,0,Medium,Medium,Positive,2,No,College,Moderate,Female,67,0.17124193507816154,-1.6715974104587736,0,1
83,High,Low,Yes,5,Yes,1,High,Medium,Negative,2,No,Postgraduate,Near,Female,65,-1.3312695773387537,-0.76870014257499,0,1
98,High,Low,Yes,7,Yes,1,Low,High,Neutral,2,No,High School,Near,Female,70,-0.1626495121255974,-0.9076074145571106,1,2
68,Medium,Medium,Yes,6,Yes,2,High,Low,Neutral,3,No,High School,Moderate,Male,62,-0.8304324065331153,-1.7410510464498339,1,2
86,High,Medium,Yes,7,Yes,2,Low,High,Neutral,3,No,High School,Moderate,Female,69,-0.6634866829312358,1.3149089371568181,1,1
93,Medium,Low,Yes,6,Yes,2,Medium,Medium,Negative,3,No,College,Moderate,Female,70,1.1729162766894383,-0.6297928705928695,1,1
82,Medium,Medium,Yes,9,Yes,1,Low,High,Neutral,2,No,High School,Moderate,Male,68,1.1729162766894383,-0.5603392346018092,0,0
70,Medium,High,No,8,Yes,4,Low,High,Positive,4,No,Postgraduate,Moderate,Female,68,0.6720791058837999,-1.3937828664945324,1,1
71,Medium,Medium,Yes,10,Yes,0,Low,Medium,Neutral,3,No,Postgraduate,Near,Male,64,-1.1643238537368743,1.6621771171121196,1,1
62,Low,High,Yes,6,No,4,Low,Medium,Neutral,1,No,High School,Moderate,Male,63,-0.3295952357274769,1.1065480291836374,0,2
72,Low,Low,Yes,7,Yes,2,High,High,Positive,2,No,Postgraduate,Moderate,Female,68,1.1729162766894383,0.27310439729091407,1,1
90,High,Low,Yes,9,Yes,1,Low,Low,Neutral,2,No,High School,Far,Female,67,0.17124193507816154,0.9676407572015168,1,0
62,High,Low,No,8,Yes,3,Low,Medium,Neutral,4,No,College,Moderate,Female,68,2.3415363419025947,0.9676407572015168,0,0
69,Medium,High,Yes,6,Yes,1,Low,Medium,Positive,2,No,College,Moderate,Female,66,0.338187658680041,0.5509189412551552,1,1
88,Medium,Medium,Yes,8,No,2,Medium,Medium,Negative,1,No,Postgraduate,Near,Male,67,0.17124193507816154,-1.1159683225302914,0,0
91,High,Medium,No,8,Yes,1,Medium,Medium,Neutral,4,Yes,High School,Moderate,Male,69,-0.3295952357274769,0.759279849228336,1,2
78,High,Medium,Yes,4,Yes,2,High,Medium,Negative,3,No,High School,Far,Male,68,0.17124193507816154,0.20365076129985382,0,1
88,Medium,High,No,6,Yes,4,Medium,Medium,Positive,3,Yes,College,Moderate,Male,70,-0.1626495121255974,0.759279849228336,1,1
76,Medium,Medium,No,7,Yes,3,Medium,Medium,Negative,4,No,Postgraduate,Moderate,Female,68,0.6720791058837999,0.13419712530879355,0,1
66,Low,Medium,Yes,9,Yes,2,Low,Medium,Neutral,2,No,College,Near,Male,66,1.005970553087559,1.5927234811210593,1,1
76,Medium,High,Yes,8,Yes,2,Low,Medium,Neutral,4,No,Postgraduate,Moderate,Female,67,-0.8304324065331153,0.4120116692730346,0,1
83,Medium,Medium,No,6,Yes,1,High,Low,Neutral,4,No,High School,Moderate,Female,65,-1.3312695773387537,0.27310439729091407,1,1
98,Medium,Medium,No,6,Yes,0,Medium,Medium,Neutral,5,No,High School,Moderate,Male,67,-1.8321067481443922,1.1760016651746976,1,1
63,Medium,Medium,No,8,Yes,2,Medium,Low,Negative,4,Yes,High School,Near,Male,63,0.5051333822819205,-0.4214319626196886,1,2
80,Low,High,Yes,4,Yes,2,Low,Medium,Negative,2,No,High School,Moderate,Female,64,-1.1643238537368743,-0.6297928705928695,1,2
73,High,Medium,Yes,6,Yes,3,Low,Medium,Neutral,3,No,College,Near,Female,64,-2.165998195348151,-0.004710146673327003,1,1
80,Low,Low,No,9,Yes,0,Medium,Medium,Neutral,3,No,College,Moderate,Female,66,0.338187658680041,0.27310439729091407,0,2
61,Medium,High,Yes,7,Yes,2,Medium,Medium,Positive,4,Yes,High School,Near,Male,68,2.508482065504474,-0.9770610505481708,0,0
73,High,Medium,Yes,6,Yes,0,Medium,Medium,Positive,3,No,High School,Moderate,Male,67,0.004296211476282077,0.6203725772462154,1,2
93,Medium,High,No,5,Yes,1,Medium,Medium,Positive,2,No,College,Near,Male,72,0.8390248294856795,1.0370943931925771,1,0
82,Medium,Medium,Yes,8,Yes,1,Low,Medium,Positive,4,No,High School,Near,Male,67,0.004296211476282077,0.27310439729091407,1,0
78,Medium,Medium,No,7,Yes,2,Medium,Low,Neutral,3,No,College,Moderate,Female,66,-0.1626495121255974,0.06474348931773327,1,2
71,High,Low,No,7,Yes,1,Low,Medium,Positive,3,No,College,Near,Female,66,1.005970553087559,-0.6992465065839297,1,1
72,High,High,Yes,8,Yes,1,Medium,Medium,Negative,4,No,High School,Moderate,Male,67,-0.3295952357274769,1.3843625731478784,1,1
75,Medium,Medium,No,7,Yes,0,Low,Medium,Neutral,3,No,Postgraduate,Far,Male,65,0.338187658680041,0.8981871212104565,0,0
93,High,Medium,No,7,Yes,2,Medium,High,Negative,3,No,College,Far,Male,70,0.338187658680041,-0.07416378266438728,1,0
99,Low,Medium,Yes,5,Yes,0,Low,High,Neutral,4,No,Postgraduate,Near,Female,69,-0.6634866829312358,0.5509189412551552,0,0
78,High,High,Yes,5,Yes,1,High,High,Negative,3,No,High School,Moderate,Male,69,1.005970553087559,-0.5603392346018092,0,0
76,High,Medium,Yes,8,Yes,1,Medium,Medium,Negative,4,No,College,Near,Female,66,-0.1626495121255974,-1.532690138476653,1,1
94,Medium,Low,No,8,Yes,2,Medium,Medium,Neutral,4,No,High School,Far,Male,66,-0.8304324065331153,-1.0465146865392312,1,1
77,High,High,Yes,8,Yes,1,Low,Medium,Negative,3,No,College,Moderate,Female,67,0.5051333822819205,-1.4632365024855927,1,1
82,Medium,High,Yes,6,Yes,1,Medium,Low,Positive,3,No,High School,Near,Male,67,-0.8304324065331153,-0.004710146673327003,1,1
69,Medium,Medium,Yes,8,Yes,2,Medium,Medium,Positive,4,No,High School,Near,Male,67,0.004296211476282077,0.4120116692730346,1,2
90,High,High,Yes,6,Yes,2,High,High,Neutral,3,No,High School,Near,Female,72,0.004296211476282077,-0.4214319626196886,1,1
81,Medium,Low,Yes,9,Yes,1,Medium,High,Neutral,4,No,College,Moderate,Female,68,1.1729162766894383,0.13419712530879355,1,0
92,Medium,Low,Yes,6,Yes,3,Medium,Medium,Positive,2,Yes,Postgraduate,Near,Male,70,0.5051333822819205,-1.4632365024855927,1,2
91,Medium,Medium,Yes,6,Yes,1,Low,Medium,Positive,4,No,High School,Moderate,Male,69,0.004296211476282077,0.8981871212104565,1,1
69,High,Low,Yes,7,Yes,1,Low,Medium,Positive,4,No,High School,Moderate,Male,65,0.8390248294856795,-1.6021437744677132,1,2
89,High,High,No,8,Yes,0,Medium,Medium,Negative,3,No,Postgraduate,Far,Male,72,1.339862000291318,0.4814653052640949,1,1
92,Medium,High,No,7,Yes,0,Low,Medium,Neutral,4,No,College,Far,Female,69,0.5051333822819205,-0.21307105464650783,1,1
74,Medium,Medium,Yes,7,Yes,5,High,Medium,Positive,4,No,High School,Near,Female,68,0.004296211476282077,-1.1159683225302914,1,0
67,High,High,No,6,Yes,1,Low,Medium,Negative,2,No,High School,Moderate,Male,62,-1.3312695773387537,0.06474348931773327,1,2
60,Medium,Low,Yes,7,Yes,2,Medium,Medium,Neutral,3,No,High School,Moderate,Male,60,-0.9973781301349948,0.9676407572015168,1,0
78,High,Medium,Yes,7,Yes,3,Medium,Medium,Neutral,4,No,High School,Moderate,Male,67,-0.3295952357274769,-0.2825246906375681,1,0
74,High,High,Yes,6,Yes,2,Medium,Medium,Neutral,4,No,College,Near,Male,67,-0.6634866829312358,-0.49088559861074893,1,0
82,Medium,High,Yes,7,Yes,1,Medium,Medium,Neutral,3,No,High School,Near,Male,67,-0.1626495121255974,-1.254875594512412,1,1
68,Medium,Medium,Yes,7,Yes,0,Low,Medium,Neutral,4,No,High School,Near,Female,63,0.004296211476282077,0.3425580332819744,0,0
94,Medium,Low,Yes,10,Yes,1,Medium,Medium,Neutral,3,No,High School,Near,Male,71,0.5051333822819205,1.1065480291836374,1,2
70,Medium,Medium,Yes,6,Yes,0,Medium,Medium,Positive,2,No,College,Near,Female,66,0.004296211476282077,0.20365076129985382,0,2
69,Medium,Medium,Yes,6,Yes,0,Medium,Medium,Neutral,1,No,Postgraduate,Near,Female,65,0.5051333822819205,-1.1854219585213517,1,2
79,High,Medium,Yes,7,Yes,2,Medium,Medium,Positive,2,No,High School,Moderate,Female,69,0.004296211476282077,0.5509189412551552,1,2
80,High,Low,No,6,Yes,2,Medium,Medium,Positive,1,No,High School,Near,Female,63,-1.9990524717462717,-1.6021437744677132,1,2
69,Medium,Medium,Yes,5,Yes,3,Low,Low,Negative,2,No,Postgraduate,Moderate,Female,64,-0.9973781301349948,1.1760016651746976,1,2
71,High,High,No,5,Yes,2,Low,Medium,Neutral,0,Yes,College,Near,Female,67,-0.1626495121255974,1.4538162091389386,0,2
67,Medium,Medium,Yes,6,Yes,1,Low,High,Negative,2,No,High School,Moderate,Male,62,-1.1643238537368743,0.3425580332819744,1,2
89,Medium,Low,Yes,6,Yes,2,Medium,Medium,Neutral,2,No,High School,Far,Male,68,0.6720791058837999,1.3149089371568181,1,0
91,Medium,High,No,5,Yes,2,Low,Medium,Neutral,3,No,Postgraduate,Moderate,Male,71,1.5068077238931974,-1.4632365024855927,1,0
78,High,Medium,No,7,No,1,Low,Medium,Negative,3,No,High School,Moderate,Female,66,1.1729162766894383,-0.9770610505481708,1,1
89,Medium,High,Yes,4,Yes,1,Low,Medium,Positive,1,No,Postgraduate,Near,Female,69,-0.1626495121255974,-0.6297928705928695,1,0
89,Medium,Low,Yes,8,Yes,1,Medium,High,Neutral,4,No,High School,Moderate,Male,71,1.5068077238931974,0.9676407572015168,0,0
66,Medium,Medium,Yes,6,Yes,2,Medium,High,Neutral,4,No,High School,Near,Female,66,0.17124193507816154,-0.07416378266438728,0,1
99,Medium,Medium,No,6,Yes,5,Low,Medium,Positive,3,No,Postgraduate,Near,Female,72,-0.3295952357274769,-0.5603392346018092,1,1
93,Medium,Medium,Yes,8,Yes,1,High,High,Positive,4,No,College,Near,Female,70,-0.6634866829312358,-1.1854219585213517,1,1
68,Low,Medium,No,8,Yes,1,Low,High,Neutral,3,No,Postgraduate,Near,Female,65,-0.3295952357274769,1.1065480291836374,0,2
67,High,Medium,No,6,Yes,0,Medium,High,Positive,2,No,College,Near,Female,64,-0.3295952357274769,-1.6715974104587736,1,1
65,Medium,Medium,Yes,8,Yes,1,Low,Medium,Positive,2,No,College,Moderate,Male,63,0.17124193507816154,-0.5603392346018092,1,1
66,Medium,Medium,No,9,No,3,Medium,Medium,Positive,2,No,High School,Near,Male,63,0.17124193507816154,-0.9076074145571106,0,0
90,Low,Medium,No,5,No,3,Medium,Medium,Positive,2,No,High School,Moderate,Male,66,0.004296211476282077,-1.3243292305034722,1,1
79,High,High,Yes,8,Yes,1,Low,High,Negative,4,No,College,Moderate,Male,68,0.5051333822819205,-1.1159683225302914,1,0
91,Medium,High,Yes,5,Yes,1,High,High,Neutral,4,No,College,Near,Male,74,1.1729162766894383,-0.004710146673327003,1,0
90,High,High,No,9,Yes,0,High,Low,Negative,2,No,College,Near,Female,71,1.005970553087559,-0.2825246906375681,0,0
84,High,Medium,Yes,6,Yes,3,Low,High,Negative,3,No,High School,Moderate,Female,67,-1.4982153009406332,0.06474348931773327,1,2
87,High,Low,No,6,Yes,2,Medium,High,Positive,3,No,Postgraduate,Near,Female,66,-2.49988964255191,0.759279849228336,1,1
61,High,Medium,Yes,9,Yes,0,Medium,Medium,Negative,6,No,College,Near,Male,67,1.005970553087559,1.3843625731478784,0,1
72,Low,High,Yes,8,Yes,3,Low,Medium,Positive,1,Yes,High School,Moderate,Male,62,-1.3312695773387537,-1.3243292305034722,1,2
86,Medium,Low,No,6,Yes,1,High,High,Positive,5,No,Postgraduate,Near,Male,68,-0.1626495121255974,-1.4632365024855927,0,0
60,Medium,Medium,Yes,7,Yes,2,Low,Medium,Positive,3,No,Postgraduate,Near,Male,62,-1.1643238537368743,-0.6297928705928695,1,1
61,High,Medium,Yes,6,No,1,High,Medium,Neutral,2,No,High School,Near,Male,82,-1.8321067481443922,0.13419712530879355,0,0
94,High,Medium,No,5,Yes,2,Medium,Medium,Positive,2,Yes,High School,Near,Male,70,0.5051333822819205,-1.3937828664945324,1,2
87,High,Medium,No,7,Yes,4,Medium,Low,Negative,2,No,College,Near,Male,72,0.8390248294856795,0.759279849228336,0,1
71,Low,High,Yes,6,Yes,0,Medium,Medium,Positive,4,No,College,Near,Female,64,-0.4965409593293564,0.20365076129985382,1,0
88,Medium,High,No,6,Yes,1,Medium,High,Neutral,4,No,College,Near,Male,66,-2.6668353661537894,0.8287334852193963,1,0
92,Medium,Medium,Yes,9,Yes,0,Medium,Low,Positive,3,No,College,Near,Female,68,-0.4965409593293564,-0.49088559861074893,0,2
72,Low,Medium,No,6,Yes,1,High,Medium,Neutral,3,No,Postgraduate,Far,Male,64,0.338187658680041,-0.3519783266286284,1,0
61,Low,Medium,Yes,7,Yes,0,Medium,High,Neutral,3,No,High School,Near,Female,61,-1.4982153009406332,1.0370943931925771,1,2
97,Medium,Medium,Yes,9,Yes,0,Medium,Medium,Positive,1,No,High School,Moderate,Male,69,0.17124193507816154,-0.8381537785660502,1,1
74,High,High,No,7,Yes,2,High,High,Neutral,2,No,College,Near,Male,68,0.004296211476282077,-0.4214319626196886,0,0
64,Medium,Medium,No,6,Yes,1,Medium,Medium,Positive,5,No,College,Near,Male,64,0.5051333822819205,-1.6715974104587736,1,1
80,Medium,High,No,7,Yes,1,Low,High,Negative,4,No,High School,Moderate,Female,67,0.17124193507816154,0.20365076129985382,0,1
91,Medium,Medium,Yes,8,Yes,0,Medium,Medium,Neutral,3,No,High School,Moderate,Male,67,-0.9973781301349948,1.2454553011657579,1,1
69,Medium,Medium,No,8,Yes,1,High,Medium,Negative,2,No,High School,Near,Male,65,1.1729162766894383,-1.6715974104587736,1,1
71,High,Medium,Yes,10,Yes,2,Medium,High,Positive,3,No,High School,Near,Female,68,-0.1626495121255974,0.4120116692730346,1,1
70,Medium,High,Yes,6,Yes,2,Medium,Low,Positive,3,No,High School,Near,Male,67,0.004296211476282077,1.1760016651746976,1,1
100,Low,Medium,No,7,Yes,1,Low,Medium,Positive,3,No,Postgraduate,Moderate,Male,67,-0.9973781301349948,-0.004710146673327003,1,0
68,Medium,High,Yes,5,Yes,1,High,Medium,Negative,4,No,High School,Near,Male,64,-0.4965409593293564,-0.6297928705928695,1,1
83,High,High,Yes,8,Yes,0,Medium,Medium,Positive,3,No,College,Near,Female,70,-0.8304324065331153,1.7316307531031798,1,1
97,Medium,High,No,7,Yes,2,Low,Low,Neutral,3,No,College,Moderate,Male,69,-0.1626495121255974,-1.532690138476653,0,1
66,Medium,High,No,7,Yes,0,High,High,Positive,2,No,High School,Far,Male,66,1.6737534474950768,-0.9770610505481708,0,0
99,Low,Medium,No,6,Yes,2,Medium,Medium,Neutral,3,No,Postgraduate,Moderate,Male,69,-1.3312695773387537,1.3149089371568181,1,1
98,Low,Medium,Yes,6,Yes,1,Low,High,Positive,2,No,High School,Near,Male,66,-1.6651610245425126,-0.6992465065839297,0,1
95,High,Medium,Yes,7,Yes,1,Low,Medium,Neutral,3,No,High School,Moderate,Female,73,1.5068077238931974,1.1065480291836374,1,0
69,Medium,Medium,Yes,6,No,4,High,High,Positive,4,No,Postgraduate,Moderate,Male,66,-0.1626495121255974,-0.5603392346018092,0,1
85,Medium,High,Yes,7,Yes,0,Medium,Medium,Neutral,2,No,Postgraduate,Moderate,Male,69,-0.6634866829312358,1.1065480291836374,1,2
90,Medium,Low,Yes,7,Yes,1,Medium,Medium,Positive,3,No,High School,Moderate,Male,70,1.005970553087559,0.6203725772462154,1,0
99,High,Medium,Yes,5,Yes,1,Medium,Medium,Positive,5,Yes,College,Far,Male,71,-0.6634866829312358,-0.14361741865544755,0,2
67,Low,High,Yes,5,Yes,2,Medium,High,Positive,4,No,College,Near,Male,70,1.8406991710969562,0.06474348931773327,1,1
91,High,Low,Yes,6,Yes,0,Low,Medium,Neutral,4,No,High School,Near,Male,69,0.6720791058837999,-1.1159683225302914,0,1
74,Medium,Medium,No,9,Yes,1,Medium,High,Negative,3,No,High School,Moderate,Male,63,-0.4965409593293564,-1.3243292305034722,0,1
67,High,Medium,Yes,6,Yes,4,Medium,High,Positive,3,Yes,High School,Near,Female,71,2.1745906183007153,0.759279849228336,1,1
77,High,High,No,7,Yes,2,Medium,Medium,Negative,2,No,College,Near,Male,67,-0.6634866829312358,1.1760016651746976,1,0
92,Medium,Medium,Yes,5,Yes,3,Medium,High,Neutral,2,No,High School,Near,Female,73,0.6720791058837999,0.759279849228336,1,2
79,Low,High,Yes,6,Yes,1,High,Medium,Neutral,2,No,College,Moderate,Male,68,0.338187658680041,1.4538162091389386,1,1
82,Low,Medium,Yes,5,Yes,0,High,Low,Neutral,3,No,High School,Near,Male,69,1.339862000291318,1.3843625731478784,1,1
100,High,High,Yes,8,Yes,2,Medium,Medium,Neutral,3,No,High School,Moderate,Female,76,1.5068077238931974,0.9676407572015168,0,1
76,Low,Medium,Yes,5,Yes,4,Low,High,Positive,3,No,High School,Near,Male,68,0.004296211476282077,1.3843625731478784,1,1
85,Medium,Medium,No,8,Yes,1,Low,Medium,Negative,3,No,College,Near,Male,65,-0.8304324065331153,-1.1854219585213517,0,2
75,Medium,Medium,Yes,8,Yes,0,High,Low,Positive,1,No,High School,Near,Female,66,0.5051333822819205,0.8287334852193963,1,0
76,Medium,Low,No,7,Yes,0,Low,Medium,Positive,2,No,Postgraduate,Near,Male,65,-0.6634866829312358,0.8981871212104565,1,2
88,Low,Medium,No,8,Yes,3,Low,High,Negative,3,No,High School,Moderate,Male,69,2.007644894698836,-1.1854219585213517,0,0
98,High,Medium,Yes,10,Yes,0,Medium,Medium,Neutral,1,No,High School,Near,Male,71,0.17124193507816154,1.3843625731478784,1,1
82,High,Low,Yes,8,Yes,1,High,Medium,Positive,3,No,High School,Moderate,Male,66,-0.3295952357274769,-1.7410510464498339,1,1
91,Medium,High,No,5,Yes,3,Low,Medium,Negative,3,Yes,High School,Near,Female,69,0.17124193507816154,-0.21307105464650783,1,1
64,Medium,Medium,No,9,No,2,Low,Medium,Neutral,4,No,College,Near,Male,59,-1.3312695773387537,-1.6715974104587736,1,0
68,Medium,High,No,7,Yes,2,High,Medium,Positive,3,No,High School,Near,Male,65,-0.9973781301349948,0.06474348931773327,1,1
80,High,High,No,10,Yes,4,Low,Low,Neutral,2,No,College,Near,Male,72,1.1729162766894383,-0.2825246906375681,1,2
61,Medium,Low,Yes,6,Yes,0,Medium,Medium,Negative,2,No,College,Near,Male,60,-0.6634866829312358,0.4120116692730346,1,1
70,Medium,Medium,Yes,9,Yes,0,High,Medium,Positive,4,No,College,Moderate,Female,64,-0.9973781301349948,0.8981871212104565,0,0
81,Medium,Medium,No,7,Yes,1,Low,Medium,Positive,4,No,Postgraduate,Near,Male,69,0.5051333822819205,0.8981871212104565,1,0
61,High,High,Yes,10,Yes,3,Medium,High,Positive,3,No,High School,Near,Female,70,1.1729162766894383,0.759279849228336,0,1
71,Medium,High,Yes,7,Yes,2,High,Medium,Positive,3,No,College,Far,Male,67,0.6720791058837999,-1.3937828664945324,1,0
81,Medium,Medium,No,10,Yes,0,Medium,Medium,Positive,5,Yes,High School,Near,Female,67,1.005970553087559,-0.2825246906375681,0,0
83,Medium,Low,Yes,8,Yes,0,Low,Medium,Neutral,3,No,College,Far,Male,64,-0.8304324065331153,1.1065480291836374,0,1
97,Medium,Medium,Yes,8,Yes,4,Medium,High,Negative,2,No,High School,Far,Male,68,-1.4982153009406332,0.5509189412551552,0,0
86,Medium,High,No,10,Yes,1,Low,High,Positive,4,No,High School,Near,Female,72,1.5068077238931974,0.6203725772462154,0,0
77,Medium,High,Yes,6,Yes,1,Low,Medium,Neutral,3,No,High School,Near,Female,65,-0.3295952357274769,-0.9770610505481708,0,1
97,Medium,High,No,8,Yes,2,Medium,Medium,Neutral,2,No,College,Moderate,Male,70,-0.3295952357274769,-0.6297928705928695,1,0
91,High,Medium,No,7,Yes,2,Low,Medium,Positive,5,No,Postgraduate,Near,Male,75,1.339862000291318,1.5927234811210593,0,0
68,Low,Low,Yes,7,No,3,Low,High,Neutral,4,No,High School,Near,Male,65,0.5051333822819205,1.1760016651746976,0,1
65,Medium,High,Yes,7,Yes,1,Low,Medium,Neutral,3,Yes,College,Moderate,Female,63,0.5051333822819205,-1.1854219585213517,1,0
87,Medium,High,No,8,Yes,0,Low,Medium,Positive,3,Yes,High School,Near,Male,71,2.1745906183007153,0.13419712530879355,0,0
82,Medium,Low,Yes,8,Yes,2,Medium,Medium,Positive,2,No,College,Near,Female,66,-0.6634866829312358,-0.004710146673327003,1,1
92,Medium,Low,Yes,6,Yes,1,Low,Medium,Neutral,3,No,High School,Moderate,Female,69,1.005970553087559,-0.21307105464650783,0,1
90,High,Medium,No,7,No,0,High,Low,Positive,3,No,Postgraduate,Moderate,Female,68,0.004296211476282077,-0.07416378266438728,0,0
85,Medium,High,No,4,Yes,1,Medium,High,Positive,2,No,Postgraduate,Near,Male,71,0.338187658680041,0.4814653052640949,1,1
99,High,Medium,Yes,8,No,5,Low,Low,Neutral,2,No,Postgraduate,Near,Male,77,1.5068077238931974,1.5927234811210593,1,2
81,High,Low,Yes,10,Yes,1,Medium,High,Neutral,2,No,College,Near,Female,70,0.5051333822819205,1.3149089371568181,1,2
65,Medium,Medium,No,7,Yes,1,High,Medium,Negative,3,No,College,Near,Female,66,0.5051333822819205,1.3149089371568181,1,1
93,High,Medium,No,5,Yes,1,High,High,Positive,3,No,College,Moderate,Female,73,1.005970553087559,0.6898262132372758,1,0
70,Medium,Medium,Yes,8,Yes,1,Low,Medium,Negative,3,No,College,Moderate,Male,62,-0.3295952357274769,-1.6715974104587736,0,1
91,Medium,Medium,No,6,Yes,0,Medium,Medium,Neutral,2,No,High School,Moderate,Female,65,-0.8304324065331153,-0.21307105464650783,1,0
98,High,High,Yes,7,Yes,0,Low,Medium,Neutral,2,No,Postgraduate,Near,Male,71,-0.9973781301349948,0.06474348931773327,1,1
88,Medium,Medium,Yes,8,Yes,1,Low,Medium,Negative,4,No,College,Near,Male,66,-1.9990524717462717,1.1760016651746976,1,2
84,Low,Medium,Yes,8,Yes,1,Low,Medium,Positive,3,No,High School,Near,Female,72,2.007644894698836,1.4538162091389386,1,1
78,Medium,Medium,Yes,9,Yes,0,Medium,High,Negative,4,No,High School,Near,Male,64,-1.1643238537368743,-0.14361741865544755,0,1
75,Medium,Medium,No,7,Yes,0,Low,Low,Neutral,4,No,High School,Near,Female,63,-0.1626495121255974,-0.6992465065839297,0,0
74,Low,Medium,Yes,7,Yes,0,Low,Medium,Positive,3,No,High School,Near,Male,63,-0.3295952357274769,-0.5603392346018092,1,0
85,High,Medium,No,8,Yes,5,Medium,High,Neutral,2,No,High School,Near,Female,72,0.338187658680041,0.27310439729091407,1,2
90,Medium,Medium,Yes,7,Yes,2,Medium,High,Positive,2,No,High School,Moderate,Male,71,0.8390248294856795,-0.76870014257499,1,1
87,High,High,Yes,6,No,3,Medium,Medium,Positive,2,No,High School,Moderate,Female,72,0.8390248294856795,1.4538162091389386,1,0
68,Medium,High,Yes,8,Yes,1,Medium,High,Neutral,2,No,High School,Near,Male,65,-0.4965409593293564,-0.2825246906375681,0,1
80,Medium,Medium,Yes,5,Yes,0,Medium,Medium,Neutral,3,No,High School,Near,Female,67,-0.1626495121255974,1.7316307531031798,1,1
92,Low,High,Yes,7,Yes,1,Low,Medium,Positive,4,No,High School,Moderate,Female,68,0.338187658680041,-1.3937828664945324,1,0
79,Medium,High,Yes,5,Yes,2,Low,Medium,Neutral,2,No,Postgraduate,Far,Male,66,-0.1626495121255974,-1.1159683225302914,0,1
81,Medium,High,No,6,Yes,0,High,Medium,Positive,3,No,Postgraduate,Near,Male,72,1.6737534474950768,0.06474348931773327,1,1
91,High,Medium,No,6,Yes,3,Low,Low,Neutral,3,No,High School,Moderate,Female,71,0.5051333822819205,1.2454553011657579,1,1
86,Medium,High,No,6,Yes,3,Low,High,Positive,3,Yes,College,Moderate,Female,70,0.6720791058837999,-0.49088559861074893,1,0
76,Medium,Medium,No,9,Yes,1,Medium,Low,Neutral,3,No,Postgraduate,Near,Female,68,0.6720791058837999,1.1760016651746976,1,1
96,Medium,High,No,9,Yes,0,Low,Medium,Positive,4,No,College,Near,Female,72,1.1729162766894383,-0.2825246906375681,0,0
67,Low,Medium,Yes,9,Yes,1,Low,High,Neutral,3,No,College,Near,Male,66,0.17124193507816154,1.2454553011657579,1,2
100,Medium,Medium,No,7,Yes,1,Medium,High,Positive,6,No,High School,Near,Male,69,-1.3312695773387537,-0.76870014257499,1,1
65,Low,Medium,Yes,6,Yes,2,Medium,Medium,Positive,1,No,College,Near,Male,65,0.338187658680041,-0.07416378266438728,1,2
61,High,High,No,8,Yes,1,Low,High,Positive,3,No,High School,Far,Male,62,-0.6634866829312358,-0.76870014257499,1,1
96,High,High,No,7,Yes,1,Low,High,Positive,1,No,College,Moderate,Female,69,-0.4965409593293564,-0.9770610505481708,1,0
70,Medium,Medium,Yes,7,Yes,1,Medium,Low,Negative,4,No,High School,Near,Male,65,0.6720791058837999,-0.2825246906375681,1,1
89,Medium,Low,No,4,Yes,2,Low,Low,Neutral,4,No,College,Near,Female,69,1.1729162766894383,-0.5603392346018092,0,1
92,Low,High,Yes,8,Yes,1,Low,Medium,Neutral,3,No,High School,Moderate,Female,69,0.004296211476282077,0.9676407572015168,1,1
94,High,Medium,Yes,8,Yes,2,Low,Medium,Neutral,5,No,College,Near,Female,73,0.338187658680041,0.8287334852193963,0,1
100,High,Medium,Yes,7,Yes,2,Medium,Medium,Neutral,2,No,Postgraduate,Near,Female,75,1.6737534474950768,-0.49088559861074893,0,0
72,High,High,Yes,8,Yes,3,Low,High,Positive,3,No,College,Far,Male,70,0.17124193507816154,1.7316307531031798,0,1
88,Medium,High,No,8,Yes,0,Low,Medium,Negative,3,No,College,Near,Female,74,2.6754277891063536,1.6621771171121196,0,2
65,Medium,Medium,Yes,6,Yes,0,Low,Low,Positive,3,No,High School,Near,Male,65,0.5051333822819205,1.4538162091389386,1,1
76,Medium,Medium,No,7,Yes,1,Medium,Medium,Negative,3,No,College,Near,Male,63,-1.8321067481443922,0.27310439729091407,1,1
94,High,High,No,5,Yes,4,Medium,High,Negative,4,No,College,Near,Female,74,0.8390248294856795,-0.2825246906375681,1,0
75,High,High,Yes,9,Yes,0,Low,Medium,Neutral,2,No,Postgraduate,Near,Male,67,0.338187658680041,-0.6297928705928695,0,0
84,Medium,Medium,Yes,8,No,3,Medium,Medium,Positive,4,No,Postgraduate,Near,Female,71,1.339862000291318,-1.6715974104587736,1,1
80,High,Low,Yes,6,Yes,1,Low,High,Neutral,3,No,College,Moderate,Female,68,0.6720791058837999,0.4814653052640949,1,1
86,High,Medium,No,8,Yes,2,Medium,Medium,Negative,4,No,College,Near,Female,69,-0.1626495121255974,0.20365076129985382,1,1
99,Medium,High,No,7,Yes,0,Medium,Medium,Positive,4,No,Postgraduate,Near,Male,71,-1.1643238537368743,0.4120116692730346,1,1
62,High,Medium,Yes,6,Yes,7,Medium,Medium,Neutral,2,No,High School,Near,Female,66,-0.1626495121255974,0.27310439729091407,1,0
83,Medium,Medium,Yes,7,Yes,0,Medium,Medium,Positive,3,No,Postgraduate,Near,Male,65,-0.8304324065331153,-1.254875594512412,0,0
95,Medium,Low,Yes,8,No,1,Low,High,Negative,2,No,College,Moderate,Female,66,-0.4965409593293564,0.6898262132372758,0,0
79,Low,Low,Yes,8,Yes,2,Low,Medium,Negative,2,No,High School,Near,Male,65,0.6720791058837999,-0.49088559861074893,0,2
63,Medium,Medium,No,10,Yes,1,Medium,Medium,Neutral,4,No,Postgraduate,Moderate,Female,67,1.6737534474950768,0.06474348931773327,1,1
82,High,Medium,No,7,Yes,2,Low,Medium,Neutral,4,No,Postgraduate,Near,Male,70,0.338187658680041,-0.49088559861074893,0,2
73,Medium,Medium,Yes,7,Yes,1,Low,Medium,Positive,4,No,Postgraduate,Near,Male,63,-1.1643238537368743,-1.6715974104587736,1,1
66,Low,Low,No,8,Yes,1,Medium,High,Neutral,3,No,Postgraduate,Moderate,Male,64,0.5051333822819205,1.3149089371568181,0,0
94,Medium,Medium,Yes,7,Yes,1,Medium,Medium,Neutral,1,No,High School,Near,Male,71,1.1729162766894383,-1.254875594512412,0,1
81,Medium,High,Yes,6,Yes,2,Low,High,Positive,3,No,College,Moderate,Female,68,-0.6634866829312358,0.27310439729091407,1,1
97,Medium,Low,No,6,Yes,2,High,Medium,Neutral,4,No,Postgraduate,Near,Male,72,-0.1626495121255974,1.3149089371568181,1,1
92,Medium,High,Yes,4,Yes,2,High,Medium,Neutral,4,No,College,Near,Male,71,0.004296211476282077,-0.9770610505481708,1,1
88,Low,Low,Yes,8,No,1,Low,Low,Positive,2,No,Postgraduate,Moderate,Male,64,-0.8304324065331153,-0.2825246906375681,0,1
60,High,Low,Yes,5,Yes,1,Medium,High,Neutral,5,No,High School,Moderate,Male,64,0.6720791058837999,-0.4214319626196886,1,1
77,High,Medium,Yes,6,Yes,3,High,Medium,Negative,2,No,College,Moderate,Male,66,-0.1626495121255974,-1.4632365024855927,0,0
68,Medium,High,Yes,7,Yes,3,Medium,Medium,Positive,3,No,High School,Moderate,Female,68,0.5051333822819205,-0.2825246906375681,1,2
96,High,Medium,No,7,Yes,2,Low,Low,Positive,2,No,High School,Far,Male,68,-0.8304324065331153,-0.07416378266438728,0,1
67,High,Medium,Yes,10,Yes,3,Low,Medium,Positive,5,No,High School,Near,Male,65,-0.4965409593293564,-1.6715974104587736,1,1
71,Medium,Medium,Yes,5,Yes,1,Medium,Medium,Positive,3,No,High School,Near,Male,67,0.6720791058837999,-0.07416378266438728,0,1
81,Medium,Low,Yes,10,Yes,3,Low,Medium,Negative,2,No,High School,Near,Male,64,-0.3295952357274769,-1.3937828664945324,1,0
71,High,Medium,Yes,9,No,1,Medium,Medium,Neutral,4,No,College,Near,Male,70,1.6737534474950768,1.3843625731478784,1,2
68,Medium,High,Yes,8,Yes,1,Low,Medium,Positive,2,No,College,Near,Male,65,-0.3295952357274769,0.5509189412551552,1,0
84,Medium,Low,No,9,Yes,2,Medium,High,Negative,3,No,High School,Moderate,Female,65,0.17124193507816154,-1.532690138476653,1,0
64,High,Medium,No,8,Yes,1,Medium,Medium,Positive,4,No,High School,Near,Male,68,1.005970553087559,1.1065480291836374,1,2
62,Medium,High,Yes,4,Yes,2,High,Medium,Negative,3,No,High School,Moderate,Male,61,-1.4982153009406332,-0.49088559861074893,1,1
75,High,Low,No,8,Yes,3,Medium,Medium,Neutral,3,No,High School,Near,Male,63,-1.8321067481443922,-0.9770610505481708,1,2
89,Medium,Medium,Yes,5,Yes,0,Medium,Medium,Neutral,2,No,College,Near,Female,65,-1.4982153009406332,-0.8381537785660502,1,1
82,Medium,Medium,Yes,6,Yes,1,Low,Medium,Neutral,5,No,High School,Far,Female,69,1.339862000291318,0.3425580332819744,0,1
77,Medium,Medium,No,7,Yes,1,Low,High,Positive,2,No,College,Near,Male,64,-0.4965409593293564,-1.4632365024855927,1,0
83,Medium,Low,No,6,Yes,1,Low,Medium,Neutral,2,No,High School,Near,Female,69,2.508482065504474,-1.532690138476653,0,1
75,High,Medium,Yes,8,Yes,3,High,Medium,Neutral,3,Yes,Postgraduate,Near,Male,67,-0.4965409593293564,0.4120116692730346,1,0
97,Medium,High,Yes,7,Yes,1,Medium,High,Neutral,1,No,Postgraduate,Moderate,Male,74,0.17124193507816154,1.6621771171121196,1,2
62,High,Medium,Yes,8,Yes,1,Low,Medium,Negative,3,Yes,College,Near,Male,66,1.5068077238931974,-0.07416378266438728,0,1
87,Medium,High,Yes,7,Yes,0,High,Low,Neutral,4,Yes,College,Near,Male,72,2.007644894698836,-0.2825246906375681,1,1
96,Medium,Low,Yes,7,Yes,1,Low,Medium,Neutral,5,No,College,Moderate,Male,73,2.007644894698836,1.523269845129999,1,0
92,High,Medium,No,6,Yes,0,Medium,High,Positive,4,No,College,Near,Male,73,1.1729162766894383,-0.9076074145571106,1,2
67,Low,Medium,Yes,5,Yes,0,Medium,Medium,Negative,2,No,High School,Moderate,Male,63,1.005970553087559,-0.9076074145571106,1,2
72,High,Medium,Yes,7,Yes,3,Low,Medium,Negative,2,No,Postgraduate,Near,Male,69,0.6720791058837999,1.3843625731478784,1,1
89,Low,Low,Yes,6,Yes,2,Low,Medium,Neutral,6,No,Postgraduate,Near,Male,71,0.8390248294856795,0.4814653052640949,1,2
63,High,Medium,No,9,Yes,1,Low,High,Neutral,4,No,College,Moderate,Male,63,-0.4965409593293564,-1.532690138476653,1,2
92,Medium,High,Yes,5,Yes,0,High,Low,Positive,5,No,High School,Moderate,Female,69,-0.8304324065331153,0.6203725772462154,1,1
89,High,High,Yes,10,Yes,3,Medium,Medium,Neutral,3,No,College,Moderate,Male,72,0.004296211476282077,1.1065480291836374,0,0
89,High,Low,Yes,7,Yes,2,Low,Medium,Positive,4,Yes,Postgraduate,Moderate,Female,68,-0.1626495121255974,-0.76870014257499,1,1
64,Low,High,No,7,Yes,1,Medium,Medium,Negative,3,No,High School,Near,Female,62,-0.4965409593293564,-0.4214319626196886,1,1
89,Low,High,Yes,6,Yes,1,Low,Medium,Neutral,2,No,High School,Near,Male,68,0.6720791058837999,-1.0465146865392312,0,1
87,Medium,Medium,Yes,8,Yes,1,Low,Medium,Negative,2,No,Postgraduate,Near,Male,71,1.005970553087559,0.4814653052640949,1,2
93,Medium,Low,Yes,7,No,1,High,High,Neutral,3,Yes,High School,Moderate,Male,67,0.17124193507816154,0.5509189412551552,1,0
62,Low,High,Yes,7,Yes,0,Low,Medium,Positive,3,No,College,Moderate,Female,65,1.5068077238931974,-1.532690138476653,0,2
61,Low,Medium,Yes,8,No,1,Medium,High,Neutral,3,Yes,Postgraduate,Far,Male,60,-1.1643238537368743,0.6203725772462154,1,2
75,Medium,High,Yes,8,Yes,2,High,Medium,Neutral,2,No,High School,Near,Male,68,-0.1626495121255974,0.5509189412551552,1,2
66,Low,Medium,Yes,9,Yes,1,Medium,Low,Negative,3,Yes,High School,Near,Male,59,-0.6634866829312358,-1.6021437744677132,1,1
82,High,Medium,No,8,Yes,0,High,Medium,Neutral,0,No,High School,Moderate,Female,64,-1.8321067481443922,0.20365076129985382,1,1
97,High,Medium,Yes,6,Yes,2,Low,Low,Neutral,3,No,High School,Moderate,Male,71,0.004296211476282077,0.4120116692730346,1,2
76,High,High,No,4,Yes,2,High,Medium,Neutral,2,No,College,Moderate,Female,68,-0.1626495121255974,-0.21307105464650783,1,0
94,Low,Medium,Yes,7,No,2,Low,Medium,Neutral,3,Yes,College,Moderate,Male,70,1.5068077238931974,1.3843625731478784,1,1
60,Low,Low,No,7,Yes,1,Medium,High,Neutral,4,No,College,Near,Female,62,0.6720791058837999,-0.6297928705928695,1,1
67,Medium,Medium,No,10,Yes,2,High,Medium,Neutral,3,No,College,Near,Male,62,-0.9973781301349948,-1.532690138476653,1,1
61,High,Medium,No,7,Yes,2,Medium,Medium,Neutral,3,No,High School,Near,Male,68,1.8406991710969562,0.6203725772462154,0,1
73,Medium,Medium,No,8,Yes,3,Medium,Medium,Negative,3,No,High School,Near,Female,68,1.1729162766894383,0.3425580332819744,0,0
96,Medium,Medium,Yes,8,Yes,3,Low,Low,Positive,4,No,High School,Near,Female,74,0.5051333822819205,1.6621771171121196,1,2
64,Low,Medium,No,8,Yes,0,High,Medium,Positive,4,Yes,College,Near,Male,61,-0.1626495121255974,-0.9076074145571106,1,1
84,Medium,Medium,Yes,8,Yes,1,Low,High,Neutral,5,No,College,Near,Male,67,-0.9973781301349948,-0.3519783266286284,1,1
78,Medium,Low,No,6,Yes,1,High,High,Positive,2,No,High School,Moderate,Female,65,-0.3295952357274769,-0.14361741865544755,1,1
65,Medium,Low,Yes,7,Yes,1,Low,Medium,Neutral,4,No,High School,Moderate,Male,65,1.8406991710969562,-0.2825246906375681,1,1
68,Medium,Medium,No,4,Yes,0,Medium,Medium,Neutral,4,Yes,College,Near,Male,67,1.5068077238931974,0.9676407572015168,0,1
61,Medium,High,Yes,7,Yes,2,Low,Medium,Positive,3,Yes,High School,Near,Female,61,-0.4965409593293564,-1.1854219585213517,1,0
77,Medium,Medium,No,6,Yes,3,Medium,High,Neutral,4,Yes,High School,Near,Male,64,-1.1643238537368743,-0.3519783266286284,1,1
71,High,Low,No,7,Yes,1,Medium,High,Positive,3,Yes,College,Far,Female,64,0.17124193507816154,-1.1854219585213517,1,2
95,Medium,Medium,Yes,7,Yes,1,Low,Low,Neutral,2,No,College,Near,Male,67,-1.8321067481443922,1.523269845129999,1,1
84,Medium,Medium,Yes,5,Yes,0,High,High,Positive,3,No,College,Near,Female,69,0.338187658680041,-1.1159683225302914,0,1
85,High,Medium,Yes,9,Yes,1,Medium,High,Positive,2,No,Postgraduate,Moderate,Female,69,-0.1626495121255974,-0.2825246906375681,1,0
81,High,Medium,No,7,Yes,4,Low,Medium,Positive,3,No,High School,Near,Female,67,-0.4965409593293564,-1.4632365024855927,1,1
64,Medium,High,No,8,Yes,1,Medium,Medium,Neutral,3,No,High School,Moderate,Male,62,-1.6651610245425126,1.4538162091389386,1,1
78,Low,High,No,7,Yes,0,Low,Medium,Neutral,1,No,High School,Near,Male,66,0.5051333822819205,0.4120116692730346,0,1
100,High,Medium,No,8,Yes,0,Medium,High,Positive,4,No,College,Near,Male,72,-0.4965409593293564,1.5927234811210593,1,0
93,Medium,Medium,Yes,5,Yes,2,Medium,Medium,Positive,3,No,College,Near,Female,67,-1.1643238537368743,-1.6021437744677132,1,0
96,High,High,Yes,9,Yes,2,Low,Medium,Negative,3,No,College,Moderate,Female,66,-2.8337810897556692,-1.1159683225302914,1,1
93,Low,Low,Yes,8,Yes,2,Low,Medium,Neutral,4,No,High School,Moderate,Male,67,0.004296211476282077,-0.4214319626196886,1,1
64,High,Low,Yes,7,Yes,1,Medium,Medium,Positive,4,No,High School,Near,Female,67,1.8406991710969562,0.4120116692730346,1,0
69,Medium,Medium,Yes,7,Yes,0,Medium,Low,Positive,4,No,Postgraduate,Near,Female,68,1.6737534474950768,-0.6297928705928695,1,1
60,High,Medium,Yes,9,Yes,0,Low,High,Positive,2,No,High School,Near,Male,63,-0.4965409593293564,0.759279849228336,1,1
72,Medium,High,No,6,Yes,1,Medium,Medium,Negative,2,No,High School,Far,Male,62,-0.6634866829312358,-1.1854219585213517,1,0
64,High,Medium,Yes,5,Yes,3,Medium,High,Negative,2,Yes,College,Moderate,Female,65,0.5051333822819205,0.3425580332819744,1,0
79,Medium,Medium,Yes,6,Yes,1,Low,Medium,Positive,6,No,College,Moderate,Male,65,-0.9973781301349948,-0.3519783266286284,1,1
87,Medium,High,Yes,7,Yes,0,Medium,High,Positive,2,Yes,College,Near,Female,70,0.338187658680041,-0.004710146673327003,1,1
95,Low,Medium,No,7,Yes,7,Low,Medium,Positive,4,No,High School,Near,Male,73,0.8390248294856795,0.20365076129985382,1,1
90,High,Medium,Yes,9,Yes,1,Medium,High,Positive,2,No,Postgraduate,Near,Female,73,1.1729162766894383,-1.532690138476653,1,1
98,Medium,Low,Yes,6,No,2,Low,Medium,Negative,2,No,High School,Moderate,Male,68,-0.1626495121255974,1.4538162091389386,0,1
62,Medium,Low,No,6,Yes,3,Medium,Medium,Positive,1,No,High School,Moderate,Male,63,-0.1626495121255974,0.9676407572015168,1,2
60,Medium,Low,Yes,5,Yes,2,High,High,Positive,2,No,High School,Near,Male,62,-0.8304324065331153,-0.21307105464650783,1,2
86,High,Medium,Yes,8,Yes,0,Medium,Medium,Positive,3,No,Postgraduate,Near,Male,69,-0.8304324065331153,0.13419712530879355,1,1
72,Medium,High,No,5,Yes,2,Medium,Medium,Neutral,3,No,Postgraduate,Near,Male,66,-0.1626495121255974,-1.6021437744677132,1,1
70,Medium,High,Yes,8,Yes,0,Medium,Medium,Positive,3,No,Postgraduate,Near,Male,68,0.338187658680041,-0.004710146673327003,0,2
73,High,Medium,Yes,6,Yes,0,Low,Medium,Positive,3,No,College,Far,Female,67,0.8390248294856795,-0.2825246906375681,0,0
71,High,High,Yes,6,Yes,2,Low,High,Negative,4,No,College,Near,Female,65,-0.8304324065331153,-0.4214319626196886,0,0
80,Low,Medium,Yes,10,No,1,High,Medium,Positive,3,No,College,Moderate,Male,70,1.5068077238931974,1.1065480291836374,1,2
78,Low,Medium,Yes,9,No,0,High,High,Positive,1,No,High School,Moderate,Female,64,-0.3295952357274769,-1.1159683225302914,0,2
80,Low,Low,Yes,7,Yes,2,Medium,High,Neutral,3,No,High School,Moderate,Male,65,0.004296211476282077,-1.1159683225302914,0,2
87,Medium,Medium,No,5,Yes,1,Low,High,Neutral,2,No,Postgraduate,Far,Female,67,-0.6634866829312358,0.06474348931773327,0,2
75,Medium,Low,Yes,10,Yes,0,High,Medium,Neutral,4,No,Postgraduate,Moderate,Female,62,-2.49988964255191,0.6203725772462154,0,1
70,Medium,Medium,Yes,7,Yes,3,Low,Medium,Positive,4,No,High School,Moderate,Male,66,0.8390248294856795,-1.6715974104587736,1,2
67,High,High,Yes,7,Yes,0,High,Medium,Positive,2,No,College,Near,Female,68,0.6720791058837999,0.13419712530879355,1,0
74,Medium,Low,No,8,Yes,0,Medium,High,Positive,4,No,College,Moderate,Female,64,-0.3295952357274769,-0.6992465065839297,1,2
90,High,Low,No,4,Yes,3,Low,Medium,Negative,3,No,High School,Moderate,Male,69,0.004296211476282077,0.8981871212104565,1,1
90,Medium,Medium,Yes,6,No,1,High,Medium,Positive,2,No,High School,Near,Female,69,0.5051333822819205,-0.14361741865544755,0,0
87,Medium,Medium,Yes,7,Yes,1,Medium,Medium,Positive,5,No,High School,Moderate,Female,67,-1.4982153009406332,1.1760016651746976,1,1
69,Medium,Medium,Yes,7,Yes,0,Low,High,Neutral,3,Yes,College,Moderate,Male,61,-0.4965409593293564,-0.3519783266286284,1,0
84,High,Medium,Yes,5,Yes,1,Medium,Medium,Positive,4,Yes,Postgraduate,Moderate,Female,70,0.8390248294856795,1.1065480291836374,1,0
83,Low,Medium,Yes,7,Yes,1,High,Medium,Negative,4,No,College,Near,Female,65,-1.3312695773387537,0.759279849228336,1,0
79,Medium,Medium,Yes,7,Yes,0,Low,Medium,Positive,4,Yes,College,Moderate,Male,66,0.338187658680041,1.1065480291836374,1,0
82,Low,Medium,Yes,10,Yes,3,Low,Medium,Negative,3,No,Postgraduate,Near,Male,66,-1.3312695773387537,1.1065480291836374,1,1
80,Medium,High,Yes,9,Yes,4,Medium,Medium,Negative,3,No,High School,Moderate,Male,69,0.5051333822819205,-0.07416378266438728,1,1
83,Medium,Medium,Yes,7,Yes,1,Medium,Medium,Positive,1,No,High School,Near,Female,67,0.004296211476282077,-0.49088559861074893,1,2
89,High,High,Yes,7,Yes,2,High,Medium,Positive,2,No,Postgraduate,Near,Female,71,-1.6651610245425126,0.8981871212104565,0,1
64,High,High,Yes,9,Yes,1,Low,High,Neutral,4,No,High School,Near,Male,68,1.1729162766894383,-0.49088559861074893,0,2
90,Medium,Medium,No,7,No,2,Medium,Medium,Positive,3,No,High School,Near,Female,67,-0.6634866829312358,-1.4632365024855927,1,2
65,High,Medium,No,5,Yes,2,Low,Medium,Neutral,4,Yes,High School,Near,Female,63,-0.8304324065331153,1.2454553011657579,1,0
63,Medium,Medium,No,10,Yes,1,High,High,Positive,2,No,College,Near,Female,64,0.17124193507816154,-0.3519783266286284,0,0
99,High,Medium,Yes,6,Yes,3,Low,Medium,Neutral,3,No,College,Moderate,Male,73,1.1729162766894383,-1.254875594512412,1,1
98,Medium,Medium,Yes,10,Yes,1,Low,Medium,Positive,3,No,High School,Moderate,Male,69,-0.9973781301349948,0.4814653052640949,0,2
62,High,Low,No,8,Yes,1,Medium,Medium,Positive,3,No,High School,Near,Female,65,0.004296211476282077,1.3149089371568181,1,2
78,High,Low,Yes,6,Yes,0,Medium,High,Positive,5,No,Postgraduate,Near,Male,70,0.5051333822819205,1.2454553011657579,0,1
67,High,Medium,Yes,4,Yes,1,Low,High,Positive,2,No,High School,Near,Female,67,0.6720791058837999,0.20365076129985382,1,0
79,Medium,Low,Yes,8,Yes,3,Low,Medium,Positive,3,No,Postgraduate,Moderate,Female,67,0.17124193507816154,-1.4632365024855927,1,2
93,Medium,High,Yes,5,Yes,0,Low,Medium,Positive,3,No,High School,Near,Male,70,-0.3295952357274769,0.6898262132372758,1,1
98,High,Low,No,8,No,2,High,High,Negative,2,No,Postgraduate,Near,Female,69,-0.8304324065331153,0.3425580332819744,1,0
85,High,Medium,No,10,Yes,2,Medium,Medium,Neutral,2,Yes,High School,Near,Male,68,0.17124193507816154,-0.9770610505481708,1,2
74,Medium,High,No,5,Yes,1,Low,High,Positive,3,Yes,College,Near,Male,66,-0.9973781301349948,1.3843625731478784,1,2
84,Low,High,No,8,Yes,3,Low,Low,Positive,4,No,High School,Near,Male,62,-3.0007268133575487,-1.4632365024855927,1,0
72,Medium,Medium,Yes,6,Yes,2,High,Medium,Positive,4,No,High School,Near,Male,67,0.5051333822819205,-0.4214319626196886,1,0
96,Medium,Low,Yes,9,Yes,2,Medium,High,Neutral,4,No,High School,Moderate,Male,71,0.8390248294856795,-1.3937828664945324,1,2
95,High,Medium,Yes,7,Yes,4,Low,Medium,Neutral,2,No,High School,Moderate,Female,68,-2.3329439189500305,1.4538162091389386,1,1
82,High,Medium,Yes,7,Yes,3,Low,Medium,Negative,2,No,High School,Near,Female,66,-0.9973781301349948,-1.6021437744677132,1,2
73,Low,Medium,Yes,9,Yes,0,Low,Medium,Neutral,3,No,High School,Moderate,Male,64,0.6720791058837999,-0.2825246906375681,1,2
72,High,Medium,Yes,8,Yes,1,Low,Medium,Neutral,4,No,Postgraduate,Near,Female,71,2.007644894698836,1.2454553011657579,0,0
61,Low,Low,Yes,6,Yes,1,Medium,High,Positive,4,No,College,Far,Male,61,0.004296211476282077,-0.8381537785660502,1,1
93,Medium,High,No,10,No,2,Low,Medium,Neutral,2,No,College,Near,Male,67,-0.6634866829312358,-1.3937828664945324,1,1
78,Medium,Low,Yes,5,Yes,3,High,Medium,Neutral,4,No,College,Moderate,Female,65,-0.1626495121255974,-1.3243292305034722,1,0
73,High,Medium,Yes,7,No,0,Low,Medium,Negative,6,No,College,Moderate,Female,66,1.339862000291318,-0.3519783266286284,0,0
79,High,High,Yes,6,Yes,2,Low,High,Neutral,4,No,High School,Near,Female,68,-0.6634866829312358,-0.2825246906375681,1,1
93,Medium,Medium,No,5,Yes,0,Low,Medium,Neutral,2,No,College,Far,Male,66,-0.8304324065331153,0.759279849228336,1,1
65,Medium,Medium,No,5,Yes,2,Medium,Medium,Positive,4,No,High School,Near,Female,63,-0.4965409593293564,-0.9076074145571106,1,1
94,Low,Low,Yes,7,Yes,1,High,Medium,Neutral,3,No,High School,Moderate,Female,66,-0.9973781301349948,0.6898262132372758,1,0
96,Medium,High,No,8,Yes,1,High,Medium,Positive,2,No,College,Near,Female,73,0.17124193507816154,1.7316307531031798,0,1
98,Medium,Low,Yes,9,Yes,1,Low,Low,Positive,3,No,High School,Near,Male,88,1.6737534474950768,1.2454553011657579,0,1
76,Medium,Medium,No,9,Yes,0,Medium,High,Neutral,4,No,High School,Near,Male,67,0.338187658680041,0.4814653052640949,0,2
69,High,High,Yes,7,Yes,2,Medium,Medium,Positive,2,No,College,Near,Female,69,-0.3295952357274769,1.523269845129999,1,1
75,Medium,Low,Yes,6,Yes,2,Low,Medium,Positive,3,No,High School,Near,Female,67,-0.3295952357274769,1.7316307531031798,1,2
73,Medium,High,Yes,9,Yes,1,Low,High,Neutral,2,No,High School,Near,Male,64,-1.4982153009406332,0.27310439729091407,1,1
67,Medium,High,Yes,6,No,0,Low,Medium,Neutral,2,No,High School,Moderate,Male,64,0.8390248294856795,-0.76870014257499,1,1
84,Low,Medium,No,5,Yes,1,Low,Medium,Negative,2,No,High School,Near,Male,65,0.004296211476282077,1.4538162091389386,1,0
79,Medium,Medium,No,8,Yes,1,Medium,High,Positive,2,No,High School,Near,Male,68,-0.1626495121255974,1.1760016651746976,1,2
95,Medium,High,Yes,9,Yes,2,Medium,Medium,Positive,3,No,High School,Moderate,Male,77,3.1762649599119923,-1.4632365024855927,0,2
61,Medium,Medium,Yes,6,Yes,0,Low,High,Negative,2,Yes,High School,Near,Male,63,0.338187658680041,1.523269845129999,1,2
86,High,High,Yes,10,Yes,0,High,Medium,Neutral,5,No,College,Near,Male,69,-0.8304324065331153,-0.49088559861074893,1,1
91,Medium,Medium,Yes,8,Yes,3,Medium,Low,Positive,2,No,College,Near,Male,69,-0.4965409593293564,-0.6297928705928695,1,1
90,Medium,Low,No,8,Yes,2,Medium,Medium,Negative,3,No,Postgraduate,Near,Male,70,1.1729162766894383,-0.5603392346018092,1,1
95,High,Medium,Yes,6,Yes,1,Medium,High,Positive,4,No,College,Near,Male,73,0.17124193507816154,-0.6297928705928695,1,2
89,Medium,Low,Yes,9,Yes,1,Medium,High,Neutral,3,No,Postgraduate,Far,Male,66,-1.4982153009406332,0.06474348931773327,1,1
97,Medium,Low,No,5,Yes,2,Low,Low,Positive,3,No,High School,Near,Female,71,1.005970553087559,0.27310439729091407,0,2
73,Medium,Low,Yes,6,Yes,2,High,High,Positive,5,No,College,Near,Male,66,-0.6634866829312358,-0.2825246906375681,1,1
80,Medium,Medium,Yes,6,Yes,2,Low,High,Neutral,3,No,High School,Near,Female,71,1.8406991710969562,-0.2825246906375681,1,2
61,Medium,Low,Yes,5,Yes,3,High,High,Positive,2,Yes,High School,Near,Male,66,1.005970553087559,0.8287334852193963,1,1
60,Medium,High,Yes,8,Yes,0,Low,High,Positive,4,No,High School,Near,Female,63,-0.4965409593293564,-1.7410510464498339,1,2
70,High,High,Yes,8,Yes,5,Low,Low,Negative,5,Yes,High School,Near,Male,70,1.339862000291318,1.523269845129999,1,1
64,High,Medium,Yes,8,Yes,1,Medium,Medium,Neutral,2,No,Postgraduate,Near,Male,66,0.004296211476282077,0.759279849228336,1,1
70,Medium,Medium,No,7,Yes,1,Medium,Medium,Negative,4,No,High School,Near,Male,66,0.8390248294856795,0.6898262132372758,1,1
67,Medium,Medium,No,8,Yes,2,Medium,Medium,Neutral,4,No,College,Moderate,Female,66,0.5051333822819205,-0.2825246906375681,1,2
61,Medium,Medium,No,7,Yes,1,Medium,Medium,Neutral,3,No,High School,Near,Male,62,-0.8304324065331153,1.5927234811210593,1,1
96,Medium,Medium,No,6,Yes,1,Medium,High,Positive,3,No,College,Near,Male,69,-0.6634866829312358,-1.7410510464498339,1,2
60,Low,High,Yes,6,Yes,1,Low,Medium,Positive,1,No,Postgraduate,Moderate,Male,63,1.005970553087559,-1.4632365024855927,0,0
89,Medium,Low,Yes,4,Yes,1,High,Medium,Positive,2,Yes,Postgraduate,Near,Female,68,-0.3295952357274769,1.0370943931925771,1,0
66,Medium,High,No,9,Yes,1,Medium,Low,Positive,3,No,High School,Moderate,Male,64,-0.3295952357274769,0.8287334852193963,0,1
96,Low,High,Yes,9,Yes,2,Low,High,Neutral,3,No,Postgraduate,Moderate,Male,69,-0.9973781301349948,-0.76870014257499,1,2
96,Low,Medium,Yes,10,Yes,3,Low,High,Positive,3,No,High School,Near,Male,71,0.5051333822819205,0.3425580332819744,1,0
86,Medium,Medium,Yes,6,No,2,Medium,Low,Negative,4,No,High School,Near,Male,71,2.007644894698836,0.13419712530879355,0,1
87,Medium,Medium,No,6,Yes,1,Low,Medium,Positive,4,No,College,Far,Female,66,-0.9973781301349948,0.06474348931773327,0,1
60,Medium,Medium,Yes,4,Yes,2,High,Medium,Positive,3,Yes,College,Moderate,Male,63,0.004296211476282077,0.3425580332819744,0,0
99,Low,Medium,Yes,8,Yes,0,Medium,Medium,Positive,2,No,High School,Far,Male,72,1.339862000291318,1.7316307531031798,1,0
95,Medium,Medium,Yes,8,No,1,Low,Medium,Neutral,3,No,College,Near,Female,70,0.004296211476282077,1.6621771171121196,0,0
96,Medium,Low,No,9,Yes,0,High,Medium,Neutral,2,No,College,Near,Female,71,0.5051333822819205,1.6621771171121196,0,1
86,Low,Low,Yes,6,Yes,3,High,Medium,Neutral,3,No,High School,Far,Male,65,-0.9973781301349948,0.13419712530879355,0,1
74,Medium,Low,Yes,8,Yes,0,High,Medium,Negative,4,No,Postgraduate,Near,Female,65,0.5051333822819205,-0.6297928705928695,1,0
96,Low,Medium,No,6,Yes,1,Low,Low,Positive,2,No,High School,Far,Male,67,-0.1626495121255974,0.20365076129985382,1,2
72,High,Medium,No,9,Yes,0,Medium,High,Neutral,3,No,High School,Near,Male,68,1.005970553087559,0.4120116692730346,1,2
83,Medium,Medium,Yes,8,Yes,3,Medium,Medium,Positive,4,No,College,Far,Female,70,1.1729162766894383,-0.6297928705928695,1,1
64,Medium,Medium,Yes,5,Yes,2,Medium,High,Positive,2,No,High School,Near,Female,70,2.6754277891063536,0.4814653052640949,0,1
97,Low,High,Yes,7,Yes,2,Medium,High,Neutral,3,No,High School,Near,Male,72,0.5051333822819205,0.4120116692730346,1,0
66,Medium,High,No,4,Yes,1,Low,Low,Neutral,5,No,College,Moderate,Male,65,0.338187658680041,1.3843625731478784,1,1
69,Medium,Medium,Yes,5,Yes,2,Low,Medium,Positive,3,No,High School,Near,Male,65,0.17124193507816154,-0.9076074145571106,1,2
82,High,Medium,Yes,5,Yes,3,Medium,High,Neutral,4,No,Postgraduate,Near,Male,71,-0.3295952357274769,0.6898262132372758,0,2
91,High,High,Yes,6,Yes,3,High,Medium,Positive,4,No,Postgraduate,Near,Male,74,0.338187658680041,-0.14361741865544755,1,0
85,Low,Medium,No,7,Yes,0,Low,Medium,Positive,4,No,High School,Moderate,Male,64,-0.3295952357274769,-1.3243292305034722,0,0
69,Medium,Medium,No,7,Yes,1,Medium,Medium,Neutral,4,No,High School,Far,Female,64,0.17124193507816154,-0.6297928705928695,0,2
60,Medium,High,Yes,7,Yes,3,Low,Medium,Neutral,3,No,High School,Near,Female,65,1.339862000291318,-1.532690138476653,0,0
90,Low,Medium,Yes,7,Yes,1,Medium,Medium,Neutral,5,No,College,Near,Male,67,-0.9973781301349948,-0.6297928705928695,1,1
99,High,Medium,No,7,Yes,2,Low,High,Neutral,3,No,College,Near,Male,73,1.1729162766894383,-1.532690138476653,1,0
92,Low,High,No,5,Yes,1,Medium,Low,Neutral,3,No,College,Moderate,Male,72,1.339862000291318,1.4538162091389386,1,2
78,Medium,Medium,No,7,Yes,0,Medium,Medium,Positive,3,No,College,Near,Male,65,-0.1626495121255974,-1.3937828664945324,1,0
96,Medium,High,No,9,Yes,0,Low,Medium,Neutral,4,No,College,Near,Male,67,-2.165998195348151,1.1065480291836374,1,1
76,Medium,Medium,Yes,7,Yes,2,Medium,Medium,Negative,3,No,High School,Near,Female,66,-0.6634866829312358,1.3843625731478784,1,0
81,High,Medium,Yes,8,Yes,0,Medium,High,Negative,3,No,Postgraduate,Near,Male,70,1.339862000291318,-0.14361741865544755,1,0
79,High,Medium,No,8,Yes,2,Medium,Medium,Neutral,3,No,High School,Moderate,Female,66,0.004296211476282077,-1.532690138476653,0,1
78,High,High,Yes,8,Yes,1,Medium,Medium,Neutral,1,No,High School,Near,Female,66,-0.9973781301349948,0.3425580332819744,1,0
91,Medium,Low,Yes,7,Yes,3,High,Medium,Negative,3,No,Postgraduate,Near,Male,68,-0.4965409593293564,-0.9076074145571106,1,0
81,Low,Medium,Yes,8,Yes,3,Low,Medium,Positive,4,No,College,Near,Male,68,0.8390248294856795,-1.1159683225302914,1,0
73,High,High,No,8,Yes,0,High,Medium,Neutral,4,No,High School,Moderate,Female,67,0.5051333822819205,0.20365076129985382,1,0
70,High,Medium,Yes,8,No,1,Low,Medium,Positive,3,No,College,Near,Female,65,-0.1626495121255974,-0.49088559861074893,1,2
62,Medium,Low,Yes,8,Yes,4,Low,Medium,Positive,4,No,College,Near,Female,64,-0.3295952357274769,0.8287334852193963,1,1
83,High,Medium,No,5,Yes,1,High,High,Positive,2,No,College,Near,Male,70,-0.3295952357274769,0.3425580332819744,1,2
69,Low,Medium,No,5,Yes,0,High,Medium,Positive,3,No,College,Moderate,Male,63,-0.9973781301349948,1.1065480291836374,1,1
66,Medium,High,No,6,No,2,Low,Medium,Positive,2,No,High School,Near,Male,65,1.6737534474950768,-1.532690138476653,1,0
86,Low,Medium,Yes,9,Yes,4,Medium,Medium,Negative,2,Yes,Postgraduate,Near,Female,67,-0.3295952357274769,-0.9076074145571106,1,1
87,Medium,Medium,Yes,7,Yes,3,Low,Medium,Negative,5,No,High School,Near,Female,71,1.1729162766894383,0.20365076129985382,0,0
90,High,Medium,Yes,7,Yes,1,Low,Low,Neutral,4,No,High School,Near,Female,73,1.5068077238931974,1.3149089371568181,0,1
80,Medium,Medium,No,4,Yes,1,Low,Medium,Neutral,3,No,High School,Far,Male,67,1.005970553087559,1.1065480291836374,0,0
96,High,Medium,Yes,7,Yes,2,Low,High,Positive,3,No,College,Near,Female,72,-0.4965409593293564,0.6203725772462154,0,1
97,Medium,Medium,No,7,Yes,2,Medium,High,Positive,0,No,High School,Far,Male,71,0.338187658680041,0.27310439729091407,1,2
92,Medium,High,Yes,4,Yes,0,Medium,Medium,Neutral,4,No,Postgraduate,Near,Male,72,0.004296211476282077,0.4814653052640949,1,2
85,High,High,Yes,7,Yes,1,Medium,High,Negative,3,No,High School,Near,Male,68,-0.8304324065331153,-0.9770610505481708,1,1
72,Low,Low,Yes,5,Yes,2,Low,High,Neutral,3,No,College,Near,Female,65,0.338187658680041,0.3425580332819744,1,1
99,High,Medium,No,6,Yes,1,Medium,Medium,Positive,4,Yes,College,Far,Female,68,-1.1643238537368743,-0.004710146673327003,1,0
71,Medium,Low,No,8,Yes,1,High,Medium,Positive,4,No,College,Near,Male,67,1.1729162766894383,-0.4214319626196886,1,1
68,Medium,Medium,No,7,Yes,1,High,Medium,Neutral,4,No,College,Moderate,Female,66,-0.4965409593293564,1.3149089371568181,0,2
78,Medium,Low,Yes,6,Yes,0,Medium,Low,Neutral,1,Yes,High School,Near,Male,64,0.17124193507816154,1.1065480291836374,0,1
62,High,Medium,No,6,Yes,3,Low,Medium,Neutral,3,No,Postgraduate,Near,Male,65,0.338187658680041,-1.4632365024855927,0,1
99,Medium,Medium,No,6,Yes,0,Low,Medium,Neutral,3,No,High School,Moderate,Male,69,-0.3295952357274769,1.6621771171121196,1,1
84,Medium,Medium,Yes,7,Yes,2,Medium,Medium,Positive,2,No,High School,Far,Male,68,0.6720791058837999,-0.9770610505481708,1,1
82,High,High,No,5,Yes,3,Medium,Medium,Neutral,4,No,Postgraduate,Near,Male,69,-0.4965409593293564,-0.9770610505481708,1,1
86,Medium,Medium,Yes,9,Yes,1,High,Medium,Neutral,3,No,High School,Moderate,Male,70,0.8390248294856795,1.523269845129999,0,0
80,High,Medium,No,5,Yes,1,High,Medium,Positive,4,Yes,High School,Near,Female,65,-1.3312695773387537,-0.21307105464650783,0,1
61,Medium,Medium,No,4,Yes,2,Medium,Low,Neutral,3,No,High School,Near,Male,63,0.17124193507816154,1.0370943931925771,1,0
84,Low,Medium,Yes,8,Yes,1,Low,High,Positive,3,No,College,Near,Female,71,2.007644894698836,-0.76870014257499,0,1
89,Medium,High,Yes,6,Yes,0,Low,Medium,Neutral,2,No,Postgraduate,Near,Male,68,-0.9973781301349948,1.3149089371568181,0,0
77,Medium,Medium,Yes,7,Yes,5,Low,High,Positive,3,No,Postgraduate,Near,Female,70,-0.6634866829312358,1.1760016651746976,1,2
90,Medium,High,Yes,8,Yes,2,Medium,Low,Positive,3,No,High School,Near,Female,72,0.5051333822819205,0.06474348931773327,1,2
69,Medium,Medium,Yes,6,Yes,3,Low,Low,Neutral,1,No,College,Far,Female,64,0.17124193507816154,0.6898262132372758,1,1
69,Low,Medium,No,7,Yes,0,Low,Medium,Positive,2,No,Postgraduate,Moderate,Male,64,0.338187658680041,1.5927234811210593,1,0
66,Medium,Low,Yes,8,Yes,2,High,Medium,Positive,2,No,College,Near,Female,66,0.5051333822819205,-0.14361741865544755,1,2
75,Medium,High,Yes,9,Yes,0,Medium,High,Positive,3,No,College,Far,Male,69,0.6720791058837999,-0.004710146673327003,1,2
94,Medium,Low,No,6,Yes,2,Medium,Medium,Neutral,2,No,High School,Near,Female,71,1.1729162766894383,0.759279849228336,0,1
93,Medium,High,Yes,6,Yes,0,High,Low,Negative,3,Yes,High School,Near,Male,69,0.338187658680041,-0.4214319626196886,1,2
75,High,Medium,No,8,Yes,1,Low,Medium,Neutral,3,No,Postgraduate,Moderate,Male,67,-0.1626495121255974,1.5927234811210593,1,0
84,Low,Medium,Yes,7,Yes,0,Low,High,Neutral,3,No,High School,Near,Male,66,0.6720791058837999,-1.6021437744677132,1,1
89,Medium,Medium,No,7,Yes,2,Low,High,Positive,2,No,High School,Moderate,Female,71,1.8406991710969562,-0.3519783266286284,1,1
70,Medium,Low,Yes,9,Yes,2,High,Medium,Neutral,2,Yes,High School,Near,Male,63,-0.1626495121255974,0.759279849228336,1,0
67,Medium,Low,No,4,Yes,0,High,Medium,Neutral,4,No,College,Near,Female,62,-0.9973781301349948,-0.2825246906375681,1,1
99,Medium,High,No,5,Yes,0,Medium,High,Neutral,4,No,High School,Near,Female,73,1.1729162766894383,-0.8381537785660502,1,1
85,High,Medium,No,4,Yes,1,Medium,High,Negative,3,No,High School,Far,Female,66,-0.1626495121255974,-0.2825246906375681,1,0
99,High,Medium,Yes,9,Yes,3,High,High,Positive,2,No,Postgraduate,Moderate,Male,72,-2.165998195348151,1.3149089371568181,1,1
74,High,Low,Yes,8,Yes,1,Low,Medium,Neutral,2,No,Postgraduate,Moderate,Female,67,0.8390248294856795,0.13419712530879355,1,0
88,Low,Low,No,5,No,0,Medium,High,Neutral,3,No,Postgraduate,Near,Male,65,-0.4965409593293564,-0.5603392346018092,1,1
69,Medium,Medium,Yes,7,Yes,2,Medium,Medium,Neutral,4,No,High School,Near,Male,66,-0.1626495121255974,0.6203725772462154,1,1
70,High,Medium,Yes,7,Yes,3,Medium,Medium,Neutral,2,No,Postgraduate,Moderate,Female,68,0.338187658680041,0.4120116692730346,1,0
80,Medium,High,Yes,4,Yes,1,Medium,High,Neutral,4,No,High School,Near,Female,69,0.17124193507816154,0.20365076129985382,0,1
73,High,Medium,Yes,7,Yes,0,High,Medium,Negative,3,No,Postgraduate,Near,Female,68,0.6720791058837999,-0.3519783266286284,1,1
67,Medium,High,Yes,5,Yes,0,Low,Medium,Negative,2,No,High School,Moderate,Male,61,-0.4965409593293564,-1.4632365024855927,1,1
71,High,Low,Yes,8,Yes,3,Medium,High,Positive,2,No,High School,Near,Male,68,0.5051333822819205,0.4120116692730346,0,1
61,High,Low,Yes,5,Yes,3,High,High,Neutral,3,No,College,Near,Male,64,-0.3295952357274769,-0.2825246906375681,0,0
88,Medium,Low,Yes,7,No,1,Low,High,Neutral,3,No,College,Moderate,Male,67,0.6720791058837999,-0.2825246906375681,1,0
80,Low,High,Yes,9,Yes,3,High,Low,Neutral,3,No,High School,Moderate,Male,68,0.6720791058837999,-0.9076074145571106,1,2
64,Medium,High,No,8,Yes,1,Medium,High,Positive,4,Yes,High School,Moderate,Male,61,-0.9973781301349948,-0.9076074145571106,1,0
67,High,Low,No,8,Yes,1,Low,Low,Positive,3,No,Postgraduate,Near,Female,66,1.1729162766894383,0.9676407572015168,1,0
64,High,Low,Yes,7,Yes,2,Medium,Low,Positive,2,No,Postgraduate,Near,Female,64,-0.4965409593293564,-0.07416378266438728,1,0
85,Low,Medium,No,5,Yes,3,High,Medium,Negative,3,No,High School,Moderate,Female,67,0.8390248294856795,-1.3937828664945324,1,0
64,Medium,High,No,6,Yes,2,High,Medium,Negative,4,No,College,Moderate,Female,64,0.338187658680041,-1.6021437744677132,0,0
90,High,High,No,7,Yes,0,Low,Medium,Positive,3,No,High School,Near,Male,72,1.8406991710969562,-0.9770610505481708,1,0
61,Medium,Medium,No,7,Yes,2,High,Medium,Negative,3,No,Postgraduate,Far,Male,62,-0.1626495121255974,-0.07416378266438728,1,0
70,High,Medium,Yes,5,Yes,2,Low,Medium,Negative,2,No,High School,Far,Female,63,-0.3295952357274769,0.4120116692730346,0,0
96,High,High,No,8,Yes,1,Low,Medium,Neutral,4,No,High School,Near,Male,70,0.004296211476282077,-1.254875594512412,0,0
89,High,Medium,No,5,Yes,3,Medium,Medium,Positive,3,No,College,Moderate,Male,69,-0.3295952357274769,-0.21307105464650783,1,0
63,Low,Medium,Yes,9,Yes,3,Medium,Low,Positive,2,No,High School,Near,Male,64,0.8390248294856795,-1.4632365024855927,1,1
93,Low,Medium,No,7,Yes,2,Medium,Medium,Positive,3,No,Postgraduate,Near,Male,66,-1.6651610245425126,-1.6021437744677132,1,1
80,Low,Medium,Yes,8,Yes,3,Low,High,Positive,4,No,High School,Near,Female,67,-0.9973781301349948,1.2454553011657579,0,1
94,High,High,Yes,8,Yes,4,Medium,Low,Negative,5,Yes,Postgraduate,Near,Female,71,-0.9973781301349948,0.5509189412551552,1,1
84,Medium,High,Yes,10,Yes,0,Low,High,Positive,1,No,High School,Far,Female,70,1.005970553087559,0.9676407572015168,0,1
87,Low,Medium,No,7,Yes,2,Medium,Medium,Neutral,3,No,High School,Moderate,Male,69,1.6737534474950768,-1.1159683225302914,1,1
100,Medium,Low,No,6,Yes,0,Low,Medium,Neutral,3,No,High School,Moderate,Male,68,-0.1626495121255974,-0.6297928705928695,1,2
69,Medium,High,Yes,6,No,1,Low,Medium,Neutral,1,No,College,Near,Female,64,-0.1626495121255974,-0.21307105464650783,1,1
85,High,Medium,Yes,9,Yes,3,Medium,Medium,Positive,3,Yes,College,Near,Male,70,0.004296211476282077,0.5509189412551552,1,0
78,High,Low,Yes,5,Yes,0,Medium,Low,Neutral,3,No,Postgraduate,Near,Male,69,1.1729162766894383,0.13419712530879355,0,1
62,Medium,Medium,Yes,6,Yes,0,High,Medium,Positive,2,No,College,Near,Female,63,-0.9973781301349948,0.20365076129985382,1,1
61,Low,Medium,No,7,Yes,1,Medium,Low,Negative,3,No,High School,Near,Female,60,0.17124193507816154,-1.1854219585213517,1,1
65,High,Low,No,7,Yes,2,Low,Medium,Negative,4,No,High School,Near,Female,65,1.005970553087559,-0.07416378266438728,1,1
86,Medium,Medium,No,8,Yes,0,Low,Medium,Negative,0,No,High School,Near,Male,67,0.5051333822819205,1.1065480291836374,1,1
83,Medium,Low,No,5,Yes,1,Medium,Medium,Negative,4,No,College,Near,Male,66,0.17124193507816154,-0.004710146673327003,1,0
82,Low,High,No,7,No,3,Low,Medium,Neutral,3,No,Postgraduate,Near,Female,68,1.005970553087559,-1.0465146865392312,1,1
61,Low,High,Yes,7,Yes,0,Low,Low,Positive,1,No,Postgraduate,Near,Male,58,-2.6668353661537894,-0.2825246906375681,1,2
79,Low,High,Yes,5,Yes,0,Medium,Medium,Neutral,3,No,High School,Moderate,Female,67,0.6720791058837999,0.8981871212104565,1,1
97,Medium,Medium,Yes,8,Yes,0,Medium,Medium,Positive,4,Yes,High School,Near,Male,68,-0.6634866829312358,-1.254875594512412,1,0
76,Medium,Medium,Yes,7,Yes,1,Low,Medium,Neutral,3,No,High School,Near,Female,62,-1.8321067481443922,0.27310439729091407,1,1
85,Low,High,No,7,No,2,Low,Medium,Negative,3,No,Postgraduate,Moderate,Female,69,0.5051333822819205,1.5927234811210593,1,2
91,Medium,High,Yes,6,Yes,1,Medium,High,Neutral,4,No,High School,Far,Male,73,1.339862000291318,-0.4214319626196886,0,2
91,High,Low,No,6,Yes,2,Low,Medium,Negative,4,Yes,High School,Moderate,Male,66,-0.1626495121255974,-1.6021437744677132,1,1
81,Low,Medium,Yes,5,Yes,0,Medium,Medium,Negative,5,Yes,Postgraduate,Near,Female,67,1.005970553087559,0.4814653052640949,1,1
94,Medium,Medium,No,8,Yes,1,Medium,Low,Neutral,4,No,High School,Near,Female,71,1.6737534474950768,-1.6021437744677132,1,1
76,Medium,Medium,Yes,9,Yes,1,Low,Medium,Neutral,2,No,High School,Far,Male,66,1.339862000291318,-1.0465146865392312,1,1
96,High,Medium,Yes,10,Yes,0,High,High,Positive,4,No,College,Moderate,Female,74,1.6737534474950768,-1.6021437744677132,1,1
70,Medium,High,No,8,Yes,2,Low,High,Positive,5,No,High School,Near,Male,67,0.6720791058837999,-1.1159683225302914,1,0
71,High,Medium,No,6,Yes,2,Medium,High,Negative,2,No,Postgraduate,Near,Male,68,0.004296211476282077,1.2454553011657579,1,2
62,Medium,Medium,No,6,Yes,2,Low,High,Neutral,3,No,High School,Near,Male,61,-1.6651610245425126,0.8287334852193963,1,2
92,Medium,High,No,8,Yes,2,Medium,Medium,Negative,2,No,High School,Near,Female,69,-0.1626495121255974,-0.5603392346018092,0,1
77,Low,Medium,Yes,7,Yes,4,Low,Medium,Positive,4,No,High School,Moderate,Male,65,-0.8304324065331153,1.3843625731478784,1,0
69,Medium,High,Yes,7,Yes,2,Medium,Low,Neutral,2,No,Postgraduate,Near,Male,71,2.1745906183007153,0.5509189412551552,1,1
69,Medium,Low,No,7,Yes,1,Low,Low,Positive,2,No,High School,Far,Female,61,-0.1626495121255974,-0.21307105464650783,1,1
96,Medium,High,Yes,9,Yes,0,Low,High,Neutral,3,No,College,Near,Male,70,0.17124193507816154,-1.532690138476653,1,1
93,Medium,Low,No,6,Yes,2,Medium,Medium,Neutral,3,No,High School,Moderate,Male,70,0.5051333822819205,0.8287334852193963,0,1
82,Medium,High,Yes,9,Yes,1,Medium,Medium,Positive,3,No,College,Near,Male,69,0.004296211476282077,-0.4214319626196886,1,0
85,High,Low,Yes,7,Yes,2,Low,Medium,Negative,3,No,High School,Near,Female,70,1.6737534474950768,-0.6992465065839297,1,2
79,High,Medium,Yes,6,Yes,4,Low,Low,Positive,4,Yes,College,Near,Male,67,-0.6634866829312358,-0.76870014257499,1,1
76,Low,Medium,No,6,Yes,2,Low,Medium,Negative,4,No,Postgraduate,Moderate,Female,63,0.17124193507816154,-1.7410510464498339,1,0
97,Medium,Medium,No,7,Yes,1,High,Medium,Neutral,3,No,High School,Near,Female,70,-0.6634866829312358,0.8287334852193963,1,1
65,Medium,Medium,No,8,Yes,1,High,High,Positive,5,Yes,High School,Near,Female,61,-1.3312695773387537,-1.254875594512412,0,1
77,Low,High,Yes,6,Yes,1,Low,Medium,Neutral,1,No,Postgraduate,Moderate,Female,64,-0.6634866829312358,0.06474348931773327,1,0
74,Medium,Medium,Yes,8,Yes,2,Medium,Medium,Negative,3,No,College,Near,Male,65,0.004296211476282077,-1.6715974104587736,1,2
80,Medium,Medium,No,6,Yes,1,Medium,High,Neutral,1,No,College,Far,Male,65,-0.4965409593293564,0.4120116692730346,1,1
78,Medium,Low,Yes,7,Yes,3,Low,High,Positive,3,No,Postgraduate,Far,Female,66,-0.6634866829312358,-0.49088559861074893,0,2
81,High,High,Yes,5,Yes,1,Medium,High,Positive,3,No,High School,Far,Female,66,-1.3312695773387537,0.4814653052640949,1,0
66,Low,Medium,Yes,8,Yes,2,Medium,Low,Positive,2,No,Postgraduate,Near,Male,63,0.004296211476282077,-1.4632365024855927,1,1
81,Low,High,Yes,7,Yes,3,Medium,Medium,Neutral,2,No,Postgraduate,Near,Male,66,-1.4982153009406332,-0.8381537785660502,1,1
70,Medium,Medium,Yes,9,Yes,0,Low,Medium,Positive,1,No,High School,Far,Male,64,0.8390248294856795,-1.3243292305034722,1,2
67,High,Low,No,8,Yes,3,Low,High,Neutral,4,Yes,High School,Near,Male,65,0.004296211476282077,0.4814653052640949,1,1
63,High,Medium,No,7,Yes,3,High,Medium,Positive,1,No,Postgraduate,Near,Male,62,-1.4982153009406332,-1.3937828664945324,0,0
91,Low,High,Yes,9,Yes,4,High,Medium,Neutral,5,No,High School,Moderate,Male,71,-0.3295952357274769,0.4120116692730346,1,2
77,Medium,Medium,Yes,8,Yes,1,Low,Medium,Neutral,2,No,College,Near,Male,63,-0.8304324065331153,-1.254875594512412,1,0
85,Medium,High,No,9,Yes,0,Medium,High,Negative,3,No,College,Moderate,Male,70,0.338187658680041,1.523269845129999,1,2
89,Medium,Low,Yes,6,Yes,2,Low,Medium,Neutral,4,No,College,Moderate,Male,70,1.339862000291318,-0.2825246906375681,0,0
87,Medium,Medium,No,8,Yes,1,Medium,High,Positive,3,No,College,Moderate,Female,65,-1.8321067481443922,-1.3243292305034722,1,1
79,High,High,Yes,8,Yes,1,Low,Medium,Neutral,3,Yes,High School,Near,Female,66,0.17124193507816154,-1.6021437744677132,1,1
76,Medium,Low,Yes,5,Yes,2,Medium,Medium,Positive,4,No,College,Near,Female,66,-0.1626495121255974,-0.6297928705928695,0,1
75,Medium,Low,No,9,Yes,0,Medium,High,Positive,2,No,College,Near,Male,68,0.6720791058837999,1.3843625731478784,1,2
86,High,High,No,5,Yes,1,Low,Medium,Negative,3,No,High School,Near,Male,68,0.17124193507816154,-1.254875594512412,0,1
80,High,Medium,Yes,5,Yes,4,Medium,High,Neutral,3,No,High School,Near,Female,69,-0.8304324065331153,1.0370943931925771,0,1
94,Medium,Medium,Yes,4,Yes,3,High,Low,Positive,3,No,College,Near,Female,71,-0.3295952357274769,-0.2825246906375681,1,1
95,Medium,Medium,Yes,8,Yes,2,Low,Medium,Negative,1,No,Postgraduate,Near,Male,69,-0.8304324065331153,1.0370943931925771,0,0
67,Medium,High,Yes,5,Yes,0,Medium,Medium,Positive,2,No,College,Near,Male,68,1.005970553087559,1.3149089371568181,1,1
65,Medium,High,Yes,6,Yes,2,Low,High,Neutral,5,No,High School,Moderate,Male,67,0.004296211476282077,1.7316307531031798,1,1
85,High,Medium,No,8,Yes,2,Low,High,Positive,3,No,High School,Near,Male,72,1.8406991710969562,-1.532690138476653,1,1
72,High,Medium,Yes,7,Yes,2,Medium,Medium,Neutral,3,No,High School,Near,Male,68,0.004296211476282077,1.0370943931925771,1,2
61,High,Medium,Yes,6,Yes,0,High,Medium,Positive,4,Yes,High School,Moderate,Female,60,-0.6634866829312358,-1.532690138476653,1,0
96,Medium,High,No,5,Yes,2,Low,Medium,Neutral,4,No,High School,Moderate,Male,68,-1.4982153009406332,-0.6297928705928695,1,2
69,High,Medium,Yes,7,Yes,1,High,High,Positive,2,No,High School,Near,Female,65,-1.8321067481443922,0.4814653052640949,1,2
97,Low,High,No,8,Yes,0,Low,Medium,Neutral,3,No,Postgraduate,Moderate,Female,67,-1.6651610245425126,-0.21307105464650783,1,2
89,Low,Medium,No,8,Yes,4,High,Medium,Positive,3,No,High School,Near,Female,70,0.338187658680041,0.20365076129985382,0,0
91,Medium,Low,Yes,10,Yes,0,Low,High,Negative,3,No,High School,Near,Female,70,0.5051333822819205,1.5927234811210593,0,2
68,Medium,Medium,No,6,Yes,3,Low,High,Negative,2,No,College,Far,Female,61,-1.4982153009406332,1.1065480291836374,1,0
69,High,Low,Yes,5,Yes,2,High,High,Positive,4,No,College,Far,Male,68,0.8390248294856795,-0.49088559861074893,1,1
81,Medium,High,No,7,Yes,1,Low,Medium,Negative,3,No,Postgraduate,Near,Female,67,-0.4965409593293564,0.3425580332819744,1,2
67,Medium,High,No,7,Yes,3,Low,Medium,Negative,3,Yes,High School,Moderate,Female,62,0.17124193507816154,-1.6021437744677132,1,1
72,Medium,Low,No,7,Yes,0,High,Medium,Neutral,4,No,High School,Moderate,Male,66,1.6737534474950768,-0.14361741865544755,1,1
73,High,Medium,Yes,6,Yes,3,High,Medium,Positive,2,No,High School,Far,Female,69,0.8390248294856795,0.3425580332819744,1,1
66,Medium,High,Yes,4,Yes,2,Medium,Medium,Negative,4,No,College,Near,Female,66,-0.3295952357274769,0.759279849228336,1,1
68,Medium,Medium,Yes,5,Yes,0,High,Medium,Negative,5,No,College,Near,Female,64,-0.8304324065331153,1.3843625731478784,1,1
92,High,Medium,No,8,Yes,1,Low,Low,Neutral,4,No,Postgraduate,Near,Male,66,-2.165998195348151,-0.76870014257499,1,2
67,Medium,Medium,No,7,Yes,2,Medium,Medium,Neutral,5,Yes,High School,Near,Male,63,-0.6634866829312358,1.3843625731478784,1,0
61,Low,High,Yes,8,Yes,1,Medium,Medium,Negative,3,No,High School,Near,Male,62,-0.1626495121255974,0.5509189412551552,0,0
85,Medium,Medium,Yes,8,Yes,1,High,Medium,Negative,4,No,Postgraduate,Moderate,Male,65,-0.9973781301349948,-1.4632365024855927,0,0
99,Low,High,No,8,Yes,0,High,Medium,Negative,2,No,High School,Moderate,Male,68,-0.1626495121255974,-0.4214319626196886,0,0
73,High,High,Yes,8,Yes,1,Low,Low,Negative,4,No,High School,Moderate,Male,65,0.004296211476282077,-0.07416378266438728,0,0
65,Medium,High,Yes,7,Yes,1,Low,Low,Neutral,4,No,College,Near,Female,63,-0.1626495121255974,-0.49088559861074893,1,0
83,High,High,Yes,7,Yes,3,Medium,Medium,Negative,2,No,High School,Near,Male,68,-0.6634866829312358,-1.3243292305034722,1,1
96,Medium,High,Yes,4,Yes,2,High,Medium,Positive,2,No,High School,Near,Male,72,0.17124193507816154,0.20365076129985382,0,0
91,High,Low,No,6,Yes,2,Low,Medium,Positive,3,No,High School,Near,Male,69,0.5051333822819205,-1.254875594512412,0,1
85,Low,Medium,No,6,Yes,1,Low,High,Positive,5,No,Postgraduate,Far,Male,66,-1.1643238537368743,1.4538162091389386,1,0
73,Low,Low,Yes,7,Yes,2,Low,High,Neutral,3,No,College,Near,Male,68,1.339862000291318,1.2454553011657579,0,2
82,Low,Low,No,6,Yes,1,Medium,High,Neutral,2,No,High School,Moderate,Male,64,-0.1626495121255974,-0.07416378266438728,1,1
64,Medium,Low,Yes,8,Yes,1,Low,Medium,Positive,2,No,High School,Near,Male,61,0.004296211476282077,-1.532690138476653,1,0
87,Low,Medium,No,6,Yes,0,Low,Low,Neutral,2,Yes,Postgraduate,Near,Male,67,0.6720791058837999,0.20365076129985382,1,2
89,Medium,Low,Yes,9,Yes,0,Medium,Low,Neutral,3,No,Postgraduate,Moderate,Male,68,0.17124193507816154,0.3425580332819744,1,1
99,Medium,Medium,No,6,Yes,2,Medium,Medium,Positive,3,No,High School,Near,Male,74,1.005970553087559,1.3149089371568181,1,2
70,Medium,High,Yes,6,Yes,3,Medium,High,Positive,2,No,High School,Near,Female,67,0.338187658680041,-1.532690138476653,1,1
61,Medium,High,Yes,6,Yes,2,Medium,Medium,Positive,3,No,High School,Near,Male,64,-0.6634866829312358,0.6898262132372758,0,1
82,Low,High,No,6,Yes,3,Medium,High,Neutral,3,No,High School,Moderate,Male,69,0.338187658680041,0.20365076129985382,1,1
88,High,Medium,Yes,9,Yes,0,Low,Medium,Negative,3,Yes,High School,Far,Female,63,-1.1643238537368743,-1.1159683225302914,0,1
92,Medium,Medium,No,7,Yes,0,Low,Medium,Neutral,4,No,High School,Moderate,Female,67,0.17124193507816154,-1.3243292305034722,0,1
68,High,Medium,Yes,7,Yes,1,Medium,Medium,Neutral,3,No,College,Far,Male,65,0.004296211476282077,0.6898262132372758,1,1
70,Medium,Medium,Yes,6,Yes,5,Medium,Low,Positive,4,No,Postgraduate,Moderate,Female,67,-0.1626495121255974,-0.5603392346018092,1,1
81,High,Medium,No,7,Yes,1,Low,Medium,Negative,5,No,Postgraduate,Moderate,Female,68,-0.1626495121255974,1.7316307531031798,0,1
73,Medium,Low,Yes,7,No,3,Low,Medium,Negative,3,No,Postgraduate,Near,Male,62,-1.8321067481443922,1.3843625731478784,0,1
94,High,Medium,Yes,7,Yes,1,Low,High,Neutral,3,No,College,Near,Female,70,-0.4965409593293564,0.20365076129985382,1,1
79,Low,High,Yes,7,Yes,1,High,Medium,Negative,3,No,High School,Near,Female,67,0.17124193507816154,0.4814653052640949,1,1
92,High,High,Yes,9,Yes,2,High,Medium,Neutral,5,No,High School,Moderate,Female,89,0.17124193507816154,-1.1854219585213517,1,1
83,High,Medium,Yes,7,Yes,1,Low,Medium,Neutral,2,Yes,High School,Near,Female,65,-0.9973781301349948,1.3843625731478784,0,0
91,Low,Medium,Yes,5,No,2,Medium,Medium,Neutral,2,No,High School,Near,Female,69,1.339862000291318,-0.14361741865544755,1,1
73,Medium,Medium,No,7,Yes,2,Low,Medium,Positive,4,No,High School,Far,Female,64,-0.8304324065331153,0.06474348931773327,1,2
93,High,Low,No,6,Yes,6,High,Medium,Negative,4,No,High School,Near,Female,74,1.005970553087559,1.3149089371568181,0,1
71,Medium,High,No,8,Yes,0,High,Medium,Positive,2,No,High School,Far,Female,64,0.5051333822819205,-1.7410510464498339,1,1
82,Low,High,No,7,Yes,0,Low,Medium,Negative,2,No,Postgraduate,Moderate,Female,64,-0.6634866829312358,-0.004710146673327003,1,1
69,Medium,Low,Yes,9,Yes,2,Medium,Medium,Negative,2,No,College,Near,Male,67,1.8406991710969562,0.4120116692730346,0,1
79,Low,Low,Yes,6,Yes,2,Medium,Medium,Positive,4,No,College,Moderate,Male,63,-1.1643238537368743,-1.1854219585213517,1,2
73,High,Medium,Yes,7,Yes,3,Medium,High,Neutral,5,No,High School,Moderate,Female,68,1.005970553087559,-1.532690138476653,0,0
71,Low,Medium,Yes,5,Yes,0,Medium,Medium,Neutral,5,No,Postgraduate,Near,Male,66,1.005970553087559,0.13419712530879355,1,0
99,Low,High,Yes,7,Yes,0,Low,Medium,Neutral,3,Yes,High School,Moderate,Female,68,-0.6634866829312358,0.13419712530879355,1,2
66,Medium,High,No,5,Yes,1,High,Medium,Positive,1,No,Postgraduate,Moderate,Female,68,1.339862000291318,-0.5603392346018092,0,1
91,Medium,Medium,No,7,Yes,3,Low,Medium,Neutral,2,No,High School,Near,Female,69,-0.3295952357274769,1.3149089371568181,0,1
99,High,Low,No,7,Yes,3,Low,Low,Neutral,3,No,Postgraduate,Near,Female,71,0.338187658680041,-0.6992465065839297,1,1
61,Low,High,Yes,7,Yes,1,High,Medium,Positive,3,No,College,Near,Female,65,0.338187658680041,0.06474348931773327,1,1
88,Low,Medium,Yes,8,Yes,2,Medium,Medium,Neutral,4,No,High School,Near,Male,67,-0.1626495121255974,-1.1159683225302914,0,1
70,Medium,Medium,No,7,Yes,1,High,Medium,Negative,4,No,College,Near,Female,65,0.8390248294856795,-1.6715974104587736,1,1
62,High,Medium,No,5,Yes,0,Low,High,Positive,4,No,High School,Moderate,Male,65,0.8390248294856795,-0.2825246906375681,0,1
76,Medium,Low,No,6,Yes,1,High,High,Negative,2,No,Postgraduate,Near,Male,80,-1.6651610245425126,0.06474348931773327,1,1
97,Medium,Medium,Yes,7,Yes,2,Medium,Medium,Neutral,2,No,High School,Moderate,Male,74,1.339862000291318,0.8981871212104565,1,2
60,Medium,Medium,No,7,No,3,Medium,Low,Positive,3,No,High School,Near,Male,59,-1.6651610245425126,-0.21307105464650783,1,0
84,Medium,Medium,No,7,Yes,2,High,High,Neutral,3,No,High School,Near,Male,69,1.005970553087559,-0.76870014257499,1,0
80,Medium,Low,Yes,9,Yes,0,High,Medium,Neutral,2,Yes,High School,Moderate,Male,66,1.1729162766894383,0.3425580332819744,1,1
95,Medium,Medium,Yes,7,Yes,1,Low,Low,Positive,2,Yes,Postgraduate,Moderate,Female,66,-1.1643238537368743,-0.4214319626196886,1,1
63,High,High,No,8,Yes,2,High,Medium,Positive,4,No,High School,Near,Female,65,-0.3295952357274769,-0.9076074145571106,1,1
87,High,Medium,Yes,4,Yes,3,Low,Low,Neutral,3,Yes,College,Near,Male,67,-1.1643238537368743,1.4538162091389386,1,0
87,High,High,No,8,Yes,3,Low,Medium,Neutral,4,No,High School,Moderate,Male,69,-0.1626495121255974,0.13419712530879355,0,0
87,Medium,Low,Yes,10,Yes,2,Medium,Medium,Positive,3,No,High School,Near,Female,68,-0.3295952357274769,-1.0465146865392312,1,2
98,Medium,Medium,Yes,9,Yes,1,Medium,High,Neutral,2,No,Postgraduate,Near,Female,73,0.8390248294856795,0.6203725772462154,0,1
93,Low,High,Yes,6,Yes,1,Low,Medium,Positive,2,Yes,High School,Near,Female,71,1.339862000291318,1.0370943931925771,1,1
62,High,Medium,Yes,10,Yes,0,Low,High,Positive,2,Yes,Postgraduate,Moderate,Male,67,1.339862000291318,0.8981871212104565,1,1
79,Medium,Medium,Yes,7,Yes,1,High,High,Positive,3,No,College,Near,Female,67,-0.4965409593293564,0.3425580332819744,1,0
76,High,Low,No,7,Yes,0,High,High,Neutral,2,No,Postgraduate,Near,Male,66,-0.1626495121255974,0.06474348931773327,1,1
72,Medium,Low,No,7,Yes,3,Medium,Medium,Negative,4,No,College,Near,Female,63,-1.6651610245425126,0.9676407572015168,1,1
78,High,High,No,7,No,1,High,Medium,Negative,1,No,High School,Far,Male,65,-0.8304324065331153,0.6898262132372758,1,1
75,Medium,Low,Yes,4,Yes,2,High,Medium,Negative,1,No,College,Near,Male,67,1.005970553087559,0.27310439729091407,1,1
77,Medium,Low,Yes,8,Yes,1,Low,Low,Positive,3,No,College,Near,Male,69,1.6737534474950768,0.5509189412551552,1,1
99,Medium,Medium,Yes,7,Yes,1,Low,Medium,Neutral,2,No,High School,Near,Male,67,-1.1643238537368743,-1.1854219585213517,1,1
64,High,Medium,Yes,7,Yes,4,High,High,Neutral,3,No,College,Near,Male,66,-0.6634866829312358,-1.6715974104587736,1,2
97,High,High,Yes,7,Yes,2,Medium,High,Neutral,4,No,High School,Moderate,Female,74,0.004296211476282077,1.523269845129999,0,0
79,High,Medium,No,6,No,2,High,Medium,Positive,2,No,College,Moderate,Female,69,0.338187658680041,1.523269845129999,1,1
85,Low,Medium,Yes,7,Yes,0,Medium,Medium,Negative,4,No,College,Moderate,Female,66,-0.8304324065331153,0.9676407572015168,1,2
93,High,Low,Yes,9,Yes,0,Medium,Medium,Positive,3,Yes,Postgraduate,Moderate,Male,69,0.5051333822819205,-0.4214319626196886,0,0
74,Medium,Medium,Yes,8,Yes,1,High,Medium,Neutral,2,No,College,Far,Male,63,-0.4965409593293564,-1.1854219585213517,1,0
77,Medium,Low,Yes,7,No,0,Medium,High,Positive,3,No,College,Near,Female,65,0.004296211476282077,-0.49088559861074893,0,1
76,Low,Medium,No,7,No,1,Low,Medium,Positive,4,No,College,Far,Male,64,0.5051333822819205,0.759279849228336,0,0
75,Low,Medium,No,7,Yes,0,Medium,Medium,Neutral,4,No,High School,Near,Male,64,0.004296211476282077,-0.5603392346018092,0,2
97,Low,High,Yes,6,Yes,2,Medium,Low,Negative,2,No,High School,Moderate,Male,69,-0.4965409593293564,1.0370943931925771,1,0
93,High,High,No,7,Yes,5,Low,High,Negative,3,No,High School,Near,Female,73,-0.1626495121255974,0.6203725772462154,1,1
64,Medium,Medium,Yes,8,Yes,1,Medium,Medium,Negative,3,Yes,High School,Moderate,Male,62,-0.1626495121255974,0.4120116692730346,1,2
64,Low,Low,Yes,7,Yes,2,Medium,Low,Neutral,4,No,College,Near,Male,62,-0.3295952357274769,1.523269845129999,0,0
77,Medium,Medium,Yes,6,Yes,0,Medium,High,Positive,2,No,Postgraduate,Moderate,Female,68,-0.3295952357274769,1.3843625731478784,0,2
64,Medium,Medium,No,7,Yes,1,Medium,Medium,Positive,3,No,Postgraduate,Far,Female,66,1.6737534474950768,0.759279849228336,0,0
85,Low,High,Yes,8,Yes,2,Medium,Medium,Positive,1,Yes,College,Moderate,Female,68,0.5051333822819205,-1.0465146865392312,1,2
66,Low,High,Yes,5,Yes,4,Medium,Medium,Neutral,4,No,High School,Moderate,Male,66,-0.3295952357274769,1.523269845129999,1,1
81,Low,Medium,Yes,6,Yes,3,Medium,Medium,Positive,3,No,Postgraduate,Near,Male,69,0.6720791058837999,-0.9770610505481708,1,0
60,Medium,Medium,Yes,5,Yes,0,Medium,Medium,Neutral,2,No,Postgraduate,Near,Female,62,-0.3295952357274769,-0.4214319626196886,1,1
73,Low,Medium,No,7,Yes,2,High,Medium,Neutral,4,No,College,Far,Female,68,1.1729162766894383,1.1065480291836374,1,1
87,Medium,Medium,No,8,Yes,2,Medium,High,Negative,2,No,College,Moderate,Male,67,0.338187658680041,-1.0465146865392312,1,0
79,Low,Medium,No,9,Yes,1,Low,Medium,Neutral,4,No,High School,Near,Male,65,-0.1626495121255974,0.4814653052640949,0,1
99,Low,Medium,No,9,Yes,0,Low,Medium,Negative,4,No,College,Near,Male,69,0.5051333822819205,-0.14361741865544755,1,1
95,Medium,Medium,No,6,Yes,2,Low,Low,Positive,3,No,High School,Near,Male,67,-1.4982153009406332,0.4120116692730346,1,2
74,Low,Low,Yes,7,Yes,0,Medium,Medium,Positive,3,No,Postgraduate,Near,Female,64,-1.1643238537368743,1.5927234811210593,1,2
62,Low,Medium,Yes,6,No,3,High,High,Neutral,3,Yes,Postgraduate,Near,Female,62,-1.1643238537368743,1.0370943931925771,0,1
94,Medium,Medium,Yes,9,Yes,5,High,High,Neutral,3,Yes,High School,Near,Male,71,0.17124193507816154,-0.6992465065839297,0,0
96,Medium,High,Yes,9,No,0,Medium,Medium,Neutral,3,No,High School,Near,Male,72,1.6737534474950768,-1.532690138476653,0,1
93,High,High,Yes,7,Yes,0,Medium,Medium,Negative,2,Yes,High School,Near,Female,74,2.1745906183007153,1.5927234811210593,1,0
65,Low,High,No,6,Yes,1,Medium,High,Neutral,2,No,Postgraduate,Near,Male,66,0.6720791058837999,0.27310439729091407,1,0
100,High,Low,Yes,4,Yes,2,Medium,Medium,Positive,4,No,High School,Near,Female,72,0.5051333822819205,-1.1159683225302914,1,1
70,High,Medium,No,5,Yes,1,High,High,Neutral,4,No,Postgraduate,Near,Female,65,-1.8321067481443922,0.4120116692730346,0,1
89,High,Medium,Yes,4,Yes,0,Low,Medium,Positive,3,No,College,Far,Female,67,-0.4965409593293564,-1.6021437744677132,1,2
96,Medium,High,Yes,5,Yes,2,Medium,High,Neutral,2,No,High School,Near,Male,70,-0.8304324065331153,-1.1159683225302914,0,2
69,High,Medium,Yes,10,Yes,0,Low,High,Negative,1,Yes,High School,Moderate,Male,62,-0.6634866829312358,0.4814653052640949,1,1
96,Low,Low,Yes,5,Yes,0,Low,Medium,Positive,2,No,High School,Far,Male,66,-0.1626495121255974,-0.3519783266286284,1,2
72,Low,Medium,Yes,5,Yes,2,High,High,Negative,3,No,College,Near,Male,65,-0.4965409593293564,-0.6297928705928695,1,1
99,Low,High,Yes,6,Yes,2,Medium,High,Positive,4,Yes,Postgraduate,Near,Male,70,-1.9990524717462717,0.5509189412551552,1,2
71,High,High,Yes,10,Yes,2,Medium,Medium,Positive,2,Yes,College,Near,Female,69,0.6720791058837999,1.2454553011657579,0,0
98,Medium,Medium,Yes,7,Yes,3,High,Medium,Neutral,3,No,High School,Near,Female,70,-0.9973781301349948,0.6203725772462154,1,0
62,High,High,No,8,Yes,2,High,Medium,Negative,2,No,College,Near,Female,66,0.17124193507816154,-0.14361741865544755,0,1
88,Medium,Low,Yes,7,Yes,1,Low,High,Positive,4,No,Postgraduate,Near,Male,73,2.007644894698836,0.5509189412551552,0,0
81,High,Medium,No,4,Yes,3,Medium,High,Positive,4,No,Postgraduate,Moderate,Female,69,-0.9973781301349948,0.6898262132372758,1,0
79,High,High,Yes,9,Yes,3,Medium,Medium,Neutral,3,No,College,Near,Female,66,-2.49988964255191,0.9676407572015168,0,0
69,High,Medium,Yes,8,Yes,4,Medium,Medium,Neutral,4,No,High School,Far,Male,65,-0.3295952357274769,-0.6992465065839297,1,1
88,Medium,Low,No,7,Yes,2,Low,Medium,Neutral,4,No,Postgraduate,Near,Female,70,1.1729162766894383,-1.3243292305034722,1,2
68,High,High,No,10,Yes,0,Medium,High,Positive,2,No,Postgraduate,Far,Male,70,2.007644894698836,0.6203725772462154,0,1
82,High,Medium,No,6,Yes,2,Low,High,Neutral,4,No,Postgraduate,Near,Male,67,-1.1643238537368743,-1.3243292305034722,1,2
70,Medium,High,Yes,7,Yes,1,Low,Medium,Positive,3,No,Postgraduate,Near,Male,68,0.5051333822819205,-0.14361741865544755,0,2
98,Medium,Low,Yes,6,Yes,1,Medium,Medium,Neutral,2,No,College,Near,Female,68,-0.4965409593293564,-0.9076074145571106,0,0
61,High,Medium,No,9,Yes,0,Low,Medium,Negative,2,No,College,Far,Female,61,-0.1626495121255974,-0.5603392346018092,1,1
68,Medium,Medium,Yes,8,Yes,2,Medium,Medium,Negative,3,No,High School,Near,Male,70,2.6754277891063536,-0.07416378266438728,1,2
70,High,High,No,7,Yes,0,Low,High,Negative,5,No,College,Moderate,Male,65,-1.4982153009406332,1.3843625731478784,1,2
77,Low,Medium,Yes,5,No,3,High,Medium,Positive,2,No,High School,Moderate,Male,66,0.338187658680041,0.6203725772462154,1,1
69,Medium,Medium,Yes,6,Yes,3,High,Medium,Neutral,3,No,Postgraduate,Moderate,Male,67,0.5051333822819205,-1.1159683225302914,1,1
80,Low,Low,Yes,5,Yes,3,High,Medium,Negative,3,No,High School,Near,Male,69,1.1729162766894383,1.3149089371568181,1,2
95,Medium,High,No,9,Yes,1,Low,Medium,Neutral,2,No,College,Far,Male,69,0.17124193507816154,-0.004710146673327003,1,1
88,Medium,Medium,Yes,5,Yes,1,Low,Medium,Neutral,2,No,High School,Moderate,Male,67,0.338187658680041,-1.0465146865392312,1,0
83,High,Low,No,9,Yes,0,Medium,Low,Neutral,4,No,High School,Near,Female,66,-0.3295952357274769,0.06474348931773327,0,1
64,Low,Medium,Yes,9,Yes,1,High,High,Neutral,2,No,High School,Near,Male,63,0.338187658680041,-1.0465146865392312,0,1
88,High,Medium,No,6,Yes,0,Medium,High,Neutral,4,No,High School,Far,Female,67,-0.3295952357274769,-0.49088559861074893,1,0
67,High,Low,Yes,6,Yes,0,Low,Medium,Neutral,1,No,College,Far,Male,64,0.6720791058837999,1.0370943931925771,1,1
91,Medium,Low,No,6,Yes,2,Low,Medium,Neutral,4,No,High School,Near,Male,68,-0.3295952357274769,0.5509189412551552,0,1
70,Medium,High,Yes,8,Yes,2,Low,High,Negative,2,No,High School,Moderate,Male,65,0.338187658680041,-0.07416378266438728,1,0
77,Medium,Low,No,9,Yes,2,Medium,Medium,Neutral,3,No,High School,Near,Male,65,0.004296211476282077,-0.9770610505481708,1,1
74,Medium,Low,Yes,9,No,1,Low,Medium,Neutral,3,No,High School,Near,Male,65,1.1729162766894383,-0.76870014257499,1,2
94,Low,Medium,Yes,6,Yes,0,Medium,Medium,Negative,4,No,College,Near,Female,70,0.004296211476282077,1.6621771171121196,1,1
65,Medium,High,Yes,9,Yes,1,High,Medium,Neutral,3,No,High School,Near,Female,62,-1.8321067481443922,-0.5603392346018092,1,1
83,High,Low,No,9,Yes,0,Low,Medium,Neutral,4,No,High School,Moderate,Male,68,1.339862000291318,0.4120116692730346,1,1
66,Low,High,Yes,7,Yes,0,High,High,Negative,3,No,College,Near,Male,62,-0.8304324065331153,-0.004710146673327003,1,0
88,Medium,High,Yes,7,Yes,0,Medium,Medium,Positive,3,No,College,Near,Female,68,-0.6634866829312358,-1.6715974104587736,1,1
96,High,Medium,Yes,9,Yes,0,Medium,High,Neutral,5,No,College,Near,Male,72,-0.6634866829312358,1.523269845129999,0,1
77,High,Medium,Yes,9,Yes,1,High,Medium,Positive,3,No,Postgraduate,Near,Female,70,1.339862000291318,-1.4632365024855927,1,0
80,High,Medium,No,9,No,3,Medium,Medium,Neutral,3,No,High School,Far,Female,62,-2.165998195348151,0.5509189412551552,1,0
97,High,High,Yes,10,Yes,2,Low,Medium,Positive,3,No,High School,Moderate,Female,79,3.1762649599119923,1.1065480291836374,1,1
81,Medium,High,Yes,8,Yes,2,High,High,Neutral,1,No,Postgraduate,Near,Male,73,1.005970553087559,0.8287334852193963,1,1
80,High,High,Yes,7,Yes,1,Low,Low,Negative,2,No,College,Far,Male,68,0.17124193507816154,1.0370943931925771,1,2
83,High,Medium,Yes,9,Yes,0,High,Medium,Neutral,2,No,High School,Near,Male,68,0.004296211476282077,0.8287334852193963,1,0
88,Medium,Medium,Yes,10,Yes,2,Low,High,Neutral,2,No,High School,Moderate,Female,69,0.338187658680041,-0.21307105464650783,1,1
64,Medium,Low,Yes,6,Yes,1,Low,Medium,Positive,2,Yes,College,Far,Female,63,0.5051333822819205,1.3843625731478784,1,2
93,Medium,Medium,Yes,7,No,5,High,Medium,Negative,4,No,Postgraduate,Near,Female,74,0.6720791058837999,1.4538162091389386,1,1
77,Medium,Medium,Yes,5,Yes,2,High,High,Negative,5,No,College,Moderate,Female,69,0.5051333822819205,-0.21307105464650783,1,1
63,Medium,Low,No,8,Yes,0,Low,Medium,Negative,3,No,High School,Near,Female,61,0.17124193507816154,-0.07416378266438728,1,1
91,Medium,Low,Yes,8,Yes,4,Medium,Medium,Neutral,2,Yes,Postgraduate,Near,Female,69,-0.1626495121255974,-0.07416378266438728,1,0
75,Medium,Low,No,6,Yes,2,Low,Medium,Neutral,3,No,High School,Near,Female,64,-0.1626495121255974,-0.76870014257499,1,2
64,Medium,Medium,Yes,9,Yes,2,Low,Medium,Positive,4,No,Postgraduate,Far,Female,63,-0.1626495121255974,-1.3243292305034722,1,0
85,Low,High,No,6,Yes,1,Low,Medium,Negative,2,No,College,Near,Male,68,1.1729162766894383,-0.8381537785660502,1,0
95,High,Medium,Yes,6,Yes,2,Low,Medium,Neutral,3,No,High School,Far,Male,72,0.6720791058837999,1.1760016651746976,1,1
96,Low,High,Yes,9,Yes,3,Medium,Medium,Neutral,2,No,High School,Far,Female,65,-3.0007268133575487,0.13419712530879355,1,1
98,Low,Low,No,6,No,2,Low,Low,Positive,4,No,College,Near,Male,69,0.6720791058837999,1.2454553011657579,1,0
95,Medium,Low,No,5,Yes,2,Medium,Medium,Neutral,4,No,High School,Near,Male,70,0.17124193507816154,0.8287334852193963,0,0
60,Medium,Medium,Yes,8,Yes,1,Medium,Medium,Neutral,4,No,Postgraduate,Moderate,Female,63,0.004296211476282077,-0.5603392346018092,1,0
75,Low,Medium,Yes,7,Yes,0,Medium,Medium,Positive,2,Yes,High School,Near,Female,62,-0.3295952357274769,-1.1159683225302914,1,0
93,Medium,Medium,Yes,9,Yes,1,Low,Medium,Positive,2,No,Postgraduate,Near,Female,72,1.1729162766894383,0.20365076129985382,1,0
75,High,High,No,8,Yes,1,Low,Medium,Neutral,4,No,High School,Far,Male,69,1.005970553087559,1.523269845129999,1,1
84,Medium,Medium,No,4,Yes,2,Medium,Medium,Negative,3,No,High School,Moderate,Female,66,-0.8304324065331153,1.1760016651746976,1,0
84,Medium,Medium,Yes,9,Yes,2,Low,High,Neutral,4,No,Postgraduate,Near,Male,71,0.338187658680041,0.8981871212104565,0,1
75,Low,Low,No,10,Yes,2,Low,Medium,Negative,3,No,College,Moderate,Female,62,-0.9973781301349948,0.8981871212104565,0,1
96,Medium,Low,Yes,9,Yes,2,Medium,High,Positive,2,No,High School,Near,Male,68,-1.3312695773387537,0.06474348931773327,1,1
80,High,Low,No,9,Yes,0,Medium,Medium,Neutral,2,No,High School,Near,Female,63,-0.6634866829312358,-1.1854219585213517,1,0
79,Medium,Medium,Yes,7,Yes,0,Low,Medium,Neutral,3,No,College,Far,Female,66,0.8390248294856795,-0.76870014257499,1,1
100,High,Medium,Yes,6,Yes,1,Medium,High,Positive,3,No,College,Moderate,Male,75,1.005970553087559,0.27310439729091407,1,2
80,Medium,Low,Yes,7,Yes,1,High,High,Positive,4,No,College,Near,Female,69,0.5051333822819205,-0.6297928705928695,0,2
67,High,Medium,No,8,Yes,2,High,Low,Positive,3,No,High School,Near,Female,68,0.6720791058837999,0.9676407572015168,0,1
81,High,Medium,No,8,Yes,5,Medium,Medium,Negative,2,No,High School,Moderate,Male,69,0.5051333822819205,-0.4214319626196886,1,1
93,High,Low,No,6,Yes,2,Low,Medium,Positive,4,No,High School,Near,Male,67,-0.6634866829312358,-1.3243292305034722,1,1
91,High,Medium,Yes,6,Yes,3,Medium,Medium,Negative,3,No,Postgraduate,Near,Male,73,0.5051333822819205,0.9676407572015168,0,1
92,Medium,High,Yes,5,Yes,1,Low,Medium,Negative,1,No,College,Near,Male,71,0.8390248294856795,0.6898262132372758,1,0
88,High,Medium,Yes,8,Yes,2,High,Medium,Positive,3,No,High School,Moderate,Female,71,0.8390248294856795,-0.8381537785660502,1,1
70,Medium,Medium,No,6,Yes,2,Low,Medium,Neutral,2,No,High School,Near,Female,68,1.1729162766894383,1.6621771171121196,0,2
94,High,Low,No,7,Yes,1,High,Medium,Neutral,1,No,High School,Near,Male,70,0.6720791058837999,-0.3519783266286284,1,1
96,Low,High,Yes,10,Yes,1,High,High,Negative,3,No,High School,Near,Male,71,0.338187658680041,0.6203725772462154,1,0
68,Medium,High,No,8,Yes,1,Medium,High,Neutral,2,No,High School,Near,Male,69,1.005970553087559,1.4538162091389386,1,2
65,High,Medium,No,7,No,3,Low,Medium,Neutral,4,No,High School,Near,Male,63,0.004296211476282077,-1.1854219585213517,0,1
99,Low,Medium,Yes,8,Yes,2,Medium,Medium,Neutral,3,No,Postgraduate,Near,Male,71,-0.8304324065331153,1.3149089371568181,0,1
95,Medium,Medium,Yes,9,No,2,Low,Medium,Negative,3,No,College,Near,Male,69,-0.1626495121255974,0.6898262132372758,1,1
96,High,Medium,Yes,5,Yes,2,High,Low,Positive,5,No,Postgraduate,Moderate,Male,71,-0.6634866829312358,-1.1854219585213517,1,1
95,Medium,Low,No,6,Yes,2,Low,High,Neutral,3,No,High School,Near,Female,68,-0.6634866829312358,0.5509189412551552,0,0
82,Medium,Medium,No,7,Yes,1,Medium,Medium,Positive,3,No,High School,Near,Female,68,-0.1626495121255974,1.3149089371568181,1,1
86,Medium,Low,No,6,Yes,0,Medium,High,Neutral,3,No,Postgraduate,Far,Male,66,-0.8304324065331153,1.0370943931925771,1,1
82,Medium,Medium,No,7,Yes,3,Low,Medium,Negative,3,No,College,Moderate,Female,67,-0.3295952357274769,0.8981871212104565,1,1
62,Low,High,Yes,5,Yes,0,Medium,High,Positive,5,No,College,Moderate,Female,59,-1.8321067481443922,-1.1854219585213517,0,0
90,Low,Medium,No,8,Yes,1,Low,Medium,Negative,2,No,College,Near,Female,66,0.17124193507816154,-1.0465146865392312,1,1
80,Low,Low,No,6,Yes,0,Medium,High,Negative,3,No,High School,Near,Male,64,0.004296211476282077,0.13419712530879355,0,0
86,Medium,Medium,No,7,Yes,1,Low,Medium,Neutral,3,Yes,High School,Moderate,Female,64,-0.8304324065331153,0.27310439729091407,1,1
80,Medium,High,Yes,7,Yes,0,Low,High,Neutral,4,No,High School,Moderate,Female,69,0.6720791058837999,1.523269845129999,0,1
80,High,Low,No,8,Yes,1,Medium,Medium,Neutral,3,No,High School,Near,Male,69,1.005970553087559,-0.14361741865544755,1,2
67,Medium,Medium,No,4,No,3,Medium,Medium,Positive,3,No,High School,Near,Male,61,-1.6651610245425126,-0.6992465065839297,1,1
71,High,High,No,8,Yes,0,Low,High,Negative,3,No,High School,Far,Female,62,-0.8304324065331153,-1.0465146865392312,0,1
66,Low,Medium,No,7,Yes,2,Medium,High,Negative,3,No,College,Near,Female,61,-0.8304324065331153,-1.532690138476653,1,1
68,Medium,Medium,Yes,8,Yes,1,Medium,High,Positive,2,No,College,Near,Female,63,-0.9973781301349948,-1.532690138476653,0,2
99,Medium,Low,No,5,Yes,2,Low,Medium,Positive,4,No,College,Near,Female,71,0.8390248294856795,0.27310439729091407,1,0
66,High,High,Yes,8,Yes,1,Medium,Low,Positive,2,No,Postgraduate,Moderate,Female,65,-0.1626495121255974,-1.1159683225302914,1,1
71,High,High,Yes,9,Yes,1,Low,High,Neutral,4,No,College,Moderate,Male,68,-0.3295952357274769,1.2454553011657579,0,1
84,High,High,No,7,Yes,1,High,High,Positive,4,No,High School,Moderate,Male,67,-1.9990524717462717,0.3425580332819744,1,1
84,Low,High,Yes,6,Yes,2,Low,Medium,Neutral,1,No,High School,Near,Female,70,0.6720791058837999,1.2454553011657579,1,2
66,High,Medium,Yes,6,Yes,3,Medium,Medium,Neutral,3,No,High School,Near,Male,64,-1.1643238537368743,-0.2825246906375681,1,1
92,Medium,High,No,8,Yes,0,Medium,Medium,Neutral,3,No,College,Near,Male,71,0.004296211476282077,0.3425580332819744,0,2
91,High,Medium,Yes,8,Yes,2,Medium,Medium,Neutral,3,No,College,Moderate,Female,71,0.338187658680041,0.06474348931773327,1,0
69,Medium,High,No,8,Yes,0,High,Medium,Negative,3,No,High School,Moderate,Female,67,1.339862000291318,1.6621771171121196,0,0
72,Medium,Low,Yes,7,Yes,0,High,Medium,Positive,3,No,Postgraduate,Far,Male,63,-1.3312695773387537,1.0370943931925771,1,1
98,Low,High,Yes,7,Yes,2,Low,High,Neutral,1,No,High School,Near,Male,66,-3.0007268133575487,0.3425580332819744,1,2
93,Medium,Low,Yes,7,Yes,3,High,Medium,Neutral,1,No,High School,Moderate,Male,70,0.17124193507816154,0.3425580332819744,1,1
88,Medium,Low,No,6,Yes,2,Low,Medium,Positive,4,No,High School,Near,Male,70,1.8406991710969562,-0.9076074145571106,0,1
63,Low,Medium,Yes,8,Yes,3,Low,High,Positive,3,No,High School,Near,Female,67,1.1729162766894383,0.8287334852193963,0,1
77,Low,Medium,No,7,Yes,3,Medium,High,Neutral,3,No,Postgraduate,Near,Male,69,0.17124193507816154,1.6621771171121196,1,2
82,High,Low,No,9,Yes,3,High,Medium,Positive,2,No,High School,Near,Female,66,-0.4965409593293564,-1.3243292305034722,1,0
67,Medium,High,No,9,Yes,1,Medium,Medium,Positive,3,No,Postgraduate,Far,Female,67,0.8390248294856795,0.4814653052640949,1,1
78,High,Medium,Yes,7,Yes,0,High,Medium,Negative,2,Yes,College,Near,Female,65,-0.9973781301349948,0.06474348931773327,1,1
84,High,High,Yes,8,Yes,1,High,Medium,Positive,3,No,Postgraduate,Far,Male,72,0.5051333822819205,1.2454553011657579,1,1
73,High,High,No,6,Yes,1,Medium,Medium,Positive,3,No,College,Near,Male,68,0.5051333822819205,-1.7410510464498339,1,1
91,High,Medium,Yes,7,Yes,3,Medium,Medium,Negative,3,No,College,Near,Male,72,1.005970553087559,-1.254875594512412,1,0
94,High,Medium,Yes,8,Yes,1,Low,Medium,Positive,3,No,Postgraduate,Near,Male,76,2.842373512708233,-1.6021437744677132,0,2
73,Medium,Low,Yes,5,Yes,4,Low,Medium,Positive,3,Yes,College,Near,Female,65,0.338187658680041,-1.1854219585213517,1,1
94,Low,Medium,No,8,Yes,1,Medium,Low,Positive,4,No,High School,Near,Male,68,-0.4965409593293564,0.6898262132372758,1,1
64,Medium,Medium,Yes,6,Yes,3,Low,High,Neutral,4,No,College,Near,Female,65,0.004296211476282077,-1.254875594512412,1,1
94,Medium,Medium,Yes,6,Yes,0,Low,High,Positive,3,No,High School,Near,Male,66,-1.8321067481443922,0.4120116692730346,1,0
66,Low,Medium,No,6,Yes,7,Low,Medium,Negative,2,No,High School,Far,Male,63,-0.6634866829312358,1.2454553011657579,1,1
63,Medium,Low,No,7,Yes,2,High,High,Positive,3,No,Postgraduate,Moderate,Female,63,-0.3295952357274769,-1.6021437744677132,1,1
86,Medium,Medium,Yes,5,Yes,2,Low,Medium,Neutral,2,No,Postgraduate,Moderate,Male,66,-0.4965409593293564,-1.6715974104587736,0,1
79,High,Low,Yes,8,Yes,2,Low,High,Positive,4,No,High School,Near,Male,69,0.17124193507816154,1.6621771171121196,1,1
96,Medium,High,Yes,7,Yes,3,Medium,Low,Positive,1,No,Postgraduate,Near,Male,72,-0.8304324065331153,0.6203725772462154,1,2
75,Medium,Low,Yes,10,Yes,3,High,Low,Negative,3,No,High School,Near,Male,66,1.1729162766894383,-1.254875594512412,1,1
71,Medium,Medium,Yes,7,No,2,Medium,Medium,Negative,4,No,High School,Moderate,Female,64,0.004296211476282077,-0.6992465065839297,1,1
80,Medium,Low,Yes,8,Yes,0,Low,High,Positive,3,No,High School,Near,Male,67,0.004296211476282077,1.6621771171121196,0,0
78,High,High,Yes,6,Yes,1,Low,Medium,Positive,5,No,High School,Near,Male,67,-0.3295952357274769,-0.9770610505481708,0,0
74,Low,Medium,Yes,5,Yes,1,Medium,High,Neutral,1,No,College,Near,Male,66,0.17124193507816154,0.8981871212104565,1,1
88,Medium,Low,Yes,8,Yes,2,Low,Medium,Neutral,2,No,High School,Near,Female,68,0.8390248294856795,-0.9076074145571106,1,0
90,Medium,Medium,No,5,Yes,0,Medium,Medium,Neutral,2,No,High School,Moderate,Male,65,-0.8304324065331153,-0.3519783266286284,0,1
94,Medium,High,Yes,8,Yes,2,Low,High,Negative,3,No,High School,Near,Male,71,-0.6634866829312358,1.3149089371568181,0,2
99,Medium,High,Yes,10,Yes,1,Medium,Low,Neutral,4,No,Postgraduate,Near,Male,71,-0.3295952357274769,-1.6715974104587736,1,1
71,Medium,Medium,Yes,8,Yes,1,Medium,High,Neutral,2,No,High School,Moderate,Male,62,-1.3312695773387537,-0.6992465065839297,0,1
89,Medium,High,Yes,8,Yes,2,Medium,High,Positive,2,No,College,Near,Male,69,-0.8304324065331153,-0.07416378266438728,1,0
76,Medium,Low,No,7,Yes,4,High,Medium,Neutral,2,No,High School,Near,Male,65,-0.4965409593293564,0.4120116692730346,0,0
87,High,Low,No,6,Yes,3,Medium,Medium,Neutral,3,No,Postgraduate,Near,Male,70,0.8390248294856795,-1.6715974104587736,1,0
79,Medium,Medium,Yes,7,Yes,2,Low,Medium,Neutral,2,No,College,Moderate,Male,66,0.338187658680041,-0.2825246906375681,0,1
100,Medium,Medium,No,6,Yes,0,High,Medium,Positive,3,No,High School,Far,Male,70,0.17124193507816154,-0.5603392346018092,1,1
89,Medium,High,No,5,Yes,2,Medium,High,Negative,2,No,Postgraduate,Moderate,Female,70,0.8390248294856795,-1.6715974104587736,0,0
98,Low,High,Yes,7,Yes,1,Low,Medium,Neutral,4,No,High School,Moderate,Female,69,-0.1626495121255974,-0.49088559861074893,0,1
93,High,Low,Yes,9,Yes,2,Medium,Medium,Neutral,3,Yes,High School,Near,Male,71,0.338187658680041,1.523269845129999,1,1
96,Medium,Medium,No,5,Yes,1,Medium,Medium,Neutral,3,No,High School,Near,Male,69,-0.1626495121255974,-0.76870014257499,1,1
93,High,Medium,No,9,Yes,2,Medium,High,Positive,2,No,Postgraduate,Near,Female,73,0.338187658680041,0.27310439729091407,1,1
78,Medium,Medium,Yes,9,Yes,1,Medium,High,Neutral,4,No,High School,Moderate,Female,65,-0.4965409593293564,-0.6992465065839297,1,0
70,High,High,Yes,8,Yes,3,Low,Medium,Neutral,3,No,High School,Near,Male,62,-2.49988964255191,-1.3937828664945324,1,1
75,Medium,High,No,8,Yes,2,High,Low,Negative,5,No,Postgraduate,Moderate,Female,67,-0.1626495121255974,-0.76870014257499,1,1
61,Low,Medium,Yes,7,Yes,1,Medium,Medium,Neutral,3,No,Postgraduate,Moderate,Male,65,1.5068077238931974,-0.07416378266438728,1,2
81,Low,Medium,No,7,Yes,1,Medium,Medium,Neutral,3,No,High School,Far,Male,65,1.005970553087559,-0.6992465065839297,1,0
80,Medium,High,Yes,6,Yes,0,Medium,Medium,Neutral,2,No,College,Near,Female,70,1.005970553087559,0.4120116692730346,1,1
81,Medium,Medium,Yes,7,Yes,1,Medium,Medium,Neutral,2,No,College,Near,Female,70,1.1729162766894383,1.523269845129999,1,0
99,Medium,High,Yes,7,Yes,0,Medium,Low,Neutral,4,No,Postgraduate,Near,Female,71,0.17124193507816154,-1.532690138476653,1,1
96,High,Low,No,10,Yes,1,Low,High,Neutral,3,No,College,Near,Male,71,0.17124193507816154,0.759279849228336,1,0
66,Medium,Medium,Yes,8,Yes,1,Medium,High,Neutral,4,No,High School,Moderate,Male,62,-0.6634866829312358,-1.7410510464498339,1,0
75,Medium,Low,No,7,Yes,4,Low,Medium,Positive,2,No,Postgraduate,Near,Female,65,-0.3295952357274769,-1.7410510464498339,1,1
77,High,Medium,Yes,7,Yes,3,Medium,High,Positive,2,No,College,Far,Male,84,0.6720791058837999,-1.254875594512412,1,1
74,Medium,Medium,Yes,6,Yes,2,Medium,High,Neutral,2,No,College,Far,Male,68,1.1729162766894383,-0.07416378266438728,1,1
92,High,Medium,Yes,6,Yes,3,High,Medium,Positive,1,No,High School,Near,Male,70,-0.1626495121255974,-1.6021437744677132,1,1
81,Medium,High,No,8,Yes,1,Medium,Medium,Neutral,3,No,Postgraduate,Near,Male,68,-0.4965409593293564,0.759279849228336,0,1
83,Medium,Medium,No,6,Yes,2,Low,High,Negative,4,No,Postgraduate,Near,Male,67,0.004296211476282077,-1.6715974104587736,1,1
94,Low,Medium,Yes,6,Yes,1,Low,High,Negative,4,No,High School,Near,Female,69,0.6720791058837999,-0.004710146673327003,1,0
92,High,High,Yes,6,Yes,2,Low,Low,Negative,1,No,High School,Near,Female,68,-1.4982153009406332,0.6203725772462154,1,1
65,High,High,No,6,No,3,Low,Low,Neutral,1,No,High School,Near,Male,59,-2.3329439189500305,-0.9076074145571106,1,1
89,High,Low,Yes,9,No,0,Medium,Medium,Positive,2,No,College,Near,Female,67,-0.4965409593293564,0.27310439729091407,1,1
77,Medium,High,Yes,7,Yes,0,High,Low,Positive,1,No,High School,Moderate,Male,63,-1.1643238537368743,-0.8381537785660502,1,0
72,High,High,Yes,7,Yes,1,Medium,Medium,Negative,4,No,High School,Near,Female,65,-0.4965409593293564,-0.9770610505481708,1,0
62,Medium,Medium,No,7,Yes,1,Low,Medium,Positive,3,No,College,Near,Male,63,-0.1626495121255974,1.1065480291836374,1,0
79,Medium,Medium,No,7,Yes,1,Low,Medium,Positive,3,No,High School,Near,Female,64,-0.4965409593293564,-0.5603392346018092,0,0
74,High,Medium,Yes,6,Yes,3,Low,High,Positive,4,No,College,Far,Female,72,1.5068077238931974,1.1065480291836374,1,2
70,Low,Medium,Yes,5,Yes,1,Low,Medium,Negative,3,No,College,Moderate,Male,63,0.338187658680041,-0.9770610505481708,1,2
88,Medium,Medium,No,9,No,2,Medium,Medium,Neutral,2,Yes,High School,Near,Male,66,0.338187658680041,-0.49088559861074893,1,1
91,Medium,Medium,Yes,8,Yes,0,Medium,Low,Neutral,2,No,College,Moderate,Female,67,0.6720791058837999,-1.3937828664945324,0,0
70,High,High,Yes,8,Yes,1,High,Medium,Positive,2,Yes,Postgraduate,Moderate,Male,66,-1.1643238537368743,-0.004710146673327003,1,2
62,Medium,Medium,Yes,8,Yes,2,Medium,High,Positive,3,No,College,Moderate,Female,66,1.005970553087559,-0.4214319626196886,1,1
94,Medium,Medium,Yes,10,Yes,1,Low,High,Negative,4,Yes,Postgraduate,Near,Female,68,0.004296211476282077,-1.7410510464498339,0,0
60,High,High,No,6,Yes,1,Low,Medium,Positive,5,No,Postgraduate,Moderate,Male,66,0.6720791058837999,-0.14361741865544755,0,1
97,Medium,Medium,Yes,5,Yes,3,Medium,Medium,Negative,2,No,College,Near,Female,68,-0.9973781301349948,-1.4632365024855927,1,1
85,Medium,Medium,Yes,8,Yes,2,Medium,Medium,Negative,4,No,High School,Far,Female,65,-1.4982153009406332,1.1760016651746976,1,0
73,Medium,Medium,Yes,5,Yes,0,Medium,Medium,Positive,2,No,College,Near,Female,67,0.8390248294856795,-0.004710146673327003,0,0
70,High,Low,No,7,Yes,0,High,Medium,Negative,3,No,High School,Far,Male,64,0.338187658680041,0.6898262132372758,0,1
60,Low,High,No,7,Yes,0,Low,Medium,Negative,2,No,College,Far,Male,59,-0.8304324065331153,1.1065480291836374,0,0
69,Medium,Medium,Yes,8,No,0,High,Medium,Negative,3,No,High School,Near,Male,60,-0.8304324065331153,-1.532690138476653,0,0
66,Low,High,No,6,Yes,1,High,High,Negative,4,No,College,Far,Female,65,1.1729162766894383,-0.5603392346018092,1,0
84,Medium,Medium,Yes,9,Yes,0,Low,Medium,Negative,4,No,High School,Near,Female,64,-1.1643238537368743,-1.6715974104587736,1,2
67,Medium,High,No,6,Yes,1,Low,Medium,Neutral,1,No,High School,Near,Female,66,1.6737534474950768,-1.6021437744677132,1,1
81,Medium,Medium,Yes,8,Yes,0,Medium,Medium,Neutral,2,No,Postgraduate,Near,Male,65,-0.8304324065331153,-1.6021437744677132,1,1
84,Medium,Medium,Yes,6,Yes,2,Medium,High,Positive,2,No,High School,Far,Male,69,0.6720791058837999,-0.07416378266438728,1,1
72,High,High,Yes,8,Yes,0,Medium,Medium,Positive,4,Yes,High School,Near,Female,66,-0.3295952357274769,-0.14361741865544755,0,1
61,High,Medium,Yes,5,Yes,1,Low,High,Neutral,5,No,College,Near,Female,65,0.6720791058837999,-1.532690138476653,0,1
61,High,Medium,No,7,Yes,1,Medium,Medium,Positive,4,No,College,Moderate,Female,62,-0.4965409593293564,-0.8381537785660502,1,0
61,Medium,Low,No,9,Yes,2,Medium,Medium,Neutral,2,No,High School,Far,Female,60,-0.1626495121255974,-0.9076074145571106,1,1
90,Low,Medium,No,7,No,4,Low,High,Positive,4,No,College,Moderate,Female,68,0.004296211476282077,-0.6992465065839297,1,0
73,Medium,High,Yes,9,Yes,1,Medium,Medium,Negative,3,No,High School,Near,Female,64,-0.9973781301349948,0.4814653052640949,1,1
92,High,High,No,7,Yes,0,Medium,Medium,Positive,3,No,College,Near,Female,73,0.6720791058837999,0.6898262132372758,1,2
77,Medium,Medium,Yes,6,Yes,1,Low,Medium,Positive,1,No,College,Near,Male,64,-0.4965409593293564,-0.5603392346018092,1,0
78,High,High,No,7,Yes,2,Medium,Medium,Neutral,4,No,High School,Moderate,Female,69,-0.1626495121255974,0.9676407572015168,1,1
81,Low,Medium,No,8,Yes,1,Low,High,Neutral,3,Yes,Postgraduate,Near,Female,63,-0.9973781301349948,-0.2825246906375681,1,0
89,Medium,Medium,Yes,4,Yes,2,Medium,Medium,Neutral,3,No,College,Near,Male,65,-2.49988964255191,0.06474348931773327,1,2
71,Medium,Medium,No,8,Yes,2,Medium,High,Positive,4,No,High School,Moderate,Male,65,-0.1626495121255974,-1.254875594512412,1,1
65,Medium,Medium,Yes,6,Yes,0,Medium,High,Negative,3,No,High School,Near,Male,67,2.3415363419025947,-0.9076074145571106,1,2
82,Medium,Medium,Yes,5,No,0,Low,Low,Positive,4,No,High School,Near,Male,67,0.8390248294856795,0.759279849228336,1,1
73,Medium,Medium,No,8,Yes,1,Medium,Medium,Positive,3,No,High School,Near,Male,66,0.004296211476282077,1.6621771171121196,0,0
78,Medium,High,Yes,9,Yes,1,Low,High,Negative,2,No,Postgraduate,Near,Male,68,-0.3295952357274769,0.6898262132372758,0,2
86,Medium,Low,Yes,7,Yes,1,Low,High,Negative,2,No,High School,Near,Male,65,0.004296211476282077,-1.532690138476653,1,1
80,Low,Low,Yes,5,Yes,1,Low,Medium,Neutral,4,No,Postgraduate,Near,Male,66,0.5051333822819205,-1.254875594512412,1,1
85,High,Low,Yes,6,Yes,2,Low,Medium,Positive,1,No,College,Moderate,Female,66,-1.1643238537368743,-0.21307105464650783,1,1
82,Medium,Medium,Yes,6,No,2,Low,High,Positive,2,No,High School,Near,Male,69,1.1729162766894383,0.8287334852193963,1,0
90,Medium,Medium,No,7,Yes,2,Low,Medium,Neutral,2,No,Postgraduate,Near,Male,70,0.6720791058837999,-1.1854219585213517,0,1
88,Medium,Low,Yes,7,Yes,2,Medium,High,Neutral,2,No,Postgraduate,Moderate,Male,71,0.6720791058837999,0.8981871212104565,0,1
81,High,Medium,No,8,Yes,4,Low,Low,Positive,3,No,High School,Moderate,Male,70,0.5051333822819205,0.20365076129985382,1,2
87,Medium,Medium,No,8,Yes,2,Medium,Medium,Neutral,3,No,High School,Moderate,Male,68,0.004296211476282077,0.9676407572015168,1,0
95,High,High,Yes,8,Yes,2,Low,High,Negative,2,No,Postgraduate,Far,Female,73,0.6720791058837999,0.20365076129985382,1,1
77,Medium,High,No,8,Yes,1,Low,High,Positive,2,Yes,High School,Moderate,Female,68,0.6720791058837999,0.3425580332819744,1,2
77,Medium,Medium,Yes,7,Yes,2,High,Medium,Neutral,4,No,College,Near,Male,66,-0.3295952357274769,-0.9076074145571106,0,0
91,Medium,Low,Yes,10,Yes,1,Medium,Medium,Neutral,3,Yes,Postgraduate,Moderate,Female,67,-0.4965409593293564,0.759279849228336,1,0
83,Medium,Low,Yes,8,Yes,2,Medium,Medium,Negative,4,Yes,High School,Near,Male,66,0.17124193507816154,1.1760016651746976,0,0
63,Medium,High,Yes,8,Yes,0,Medium,High,Positive,2,No,Postgraduate,Near,Female,69,1.5068077238931974,1.3149089371568181,0,1
96,Medium,Medium,No,10,Yes,1,Low,Low,Positive,3,No,Postgraduate,Near,Female,67,-1.1643238537368743,-1.6715974104587736,1,1
61,Medium,Low,Yes,7,Yes,5,Medium,Low,Positive,4,Yes,High School,Near,Male,61,-1.4982153009406332,0.4120116692730346,1,2
90,Medium,Medium,No,6,Yes,2,Low,Medium,Negative,3,No,College,Near,Female,70,0.17124193507816154,1.6621771171121196,0,1
90,High,High,No,9,Yes,2,Low,Medium,Negative,2,No,High School,Near,Female,70,0.004296211476282077,0.27310439729091407,1,1
98,Medium,Medium,Yes,9,No,3,Medium,Medium,Neutral,3,Yes,College,Near,Female,70,0.17124193507816154,-1.1159683225302914,1,2
62,Medium,Medium,No,7,Yes,1,Low,High,Positive,3,No,College,Moderate,Female,64,0.17124193507816154,1.3149089371568181,0,0
84,High,Medium,No,10,Yes,0,Low,Medium,Negative,3,No,College,Far,Female,65,-0.1626495121255974,-0.8381537785660502,1,1
77,Medium,Medium,No,7,Yes,5,Low,Medium,Positive,4,No,College,Near,Female,70,1.5068077238931974,-1.6021437744677132,1,1
73,Low,High,Yes,8,Yes,1,Low,High,Positive,2,No,College,Moderate,Female,62,-1.6651610245425126,-0.21307105464650783,1,0
64,High,High,Yes,9,Yes,1,Medium,Low,Neutral,3,No,College,Near,Female,64,-0.8304324065331153,-1.3937828664945324,1,2
83,Medium,High,Yes,7,Yes,1,Medium,Low,Positive,3,No,College,Far,Female,67,-0.1626495121255974,-1.3243292305034722,0,1
79,High,Medium,No,8,No,1,Low,Low,Neutral,4,No,High School,Near,Female,63,-1.6651610245425126,-0.14361741865544755,1,2
64,Low,Medium,Yes,9,Yes,0,Medium,High,Neutral,3,Yes,High School,Near,Male,62,-0.1626495121255974,0.4120116692730346,1,2
84,Low,Medium,No,6,Yes,2,High,High,Negative,2,No,College,Near,Male,72,1.6737534474950768,1.3843625731478784,1,1
90,Low,Medium,No,6,No,3,Low,High,Neutral,2,No,College,Near,Male,69,0.004296211476282077,0.6898262132372758,0,2
91,Medium,High,Yes,9,Yes,5,Low,Medium,Negative,2,No,High School,Near,Male,72,0.17124193507816154,1.1760016651746976,0,1
96,Low,Medium,Yes,7,Yes,2,Medium,Medium,Positive,2,No,College,Near,Male,68,-1.3312695773387537,-0.2825246906375681,0,2
76,Low,Medium,No,6,Yes,1,Medium,Medium,Neutral,3,No,Postgraduate,Near,Female,64,-0.6634866829312358,-0.6297928705928695,0,0
98,High,High,Yes,7,Yes,3,Low,Medium,Neutral,1,No,College,Near,Female,72,-0.3295952357274769,0.3425580332819744,0,0
95,High,High,Yes,8,Yes,2,Low,High,Positive,3,No,College,Near,Female,73,-0.3295952357274769,0.6898262132372758,1,0
72,High,Medium,Yes,5,No,5,Medium,Low,Negative,2,No,College,Far,Male,67,1.339862000291318,0.20365076129985382,0,0
66,High,Low,Yes,8,Yes,0,Low,Medium,Negative,4,No,College,Near,Female,64,0.5051333822819205,-0.8381537785660502,1,1
77,Medium,Medium,Yes,8,Yes,3,High,Medium,Neutral,3,No,High School,Near,Female,65,-1.1643238537368743,-0.49088559861074893,0,0
76,High,High,Yes,9,Yes,1,Low,High,Neutral,3,No,High School,Moderate,Female,67,0.17124193507816154,-0.21307105464650783,1,0
83,Medium,Medium,Yes,7,Yes,3,Medium,High,Neutral,2,No,College,Moderate,Male,68,0.5051333822819205,-1.6715974104587736,1,0
83,Medium,High,Yes,9,Yes,2,Low,High,Positive,2,No,High School,Near,Male,72,1.1729162766894383,1.3149089371568181,1,1
90,High,Low,Yes,7,Yes,1,Medium,Low,Positive,3,No,High School,Moderate,Female,71,1.5068077238931974,0.06474348931773327,1,0
80,Medium,Medium,Yes,7,Yes,1,Medium,Medium,Neutral,3,No,High School,Near,Male,66,-0.9973781301349948,0.8981871212104565,0,1
64,High,Medium,No,7,Yes,0,Low,Medium,Neutral,3,Yes,High School,Near,Female,59,-0.8304324065331153,-1.1159683225302914,1,0
94,Medium,Medium,Yes,10,Yes,1,Medium,High,Neutral,2,No,High School,Near,Female,68,-1.3312695773387537,0.20365076129985382,1,1
72,Low,High,Yes,5,No,3,Low,Low,Positive,2,No,High School,Moderate,Female,64,-0.1626495121255974,1.4538162091389386,1,0
99,Low,Medium,No,8,Yes,2,High,High,Positive,3,Yes,High School,Near,Female,70,0.5051333822819205,-0.9770610505481708,0,0
65,Low,Medium,Yes,7,Yes,4,High,Medium,Negative,3,No,High School,Moderate,Female,65,1.005970553087559,-0.5603392346018092,0,1
98,High,Medium,Yes,7,No,2,High,High,Negative,2,No,College,Near,Female,72,0.004296211476282077,-0.4214319626196886,1,2
64,High,High,No,8,Yes,3,High,Medium,Positive,3,No,College,Moderate,Male,66,-0.3295952357274769,-0.4214319626196886,1,1
69,Medium,Medium,Yes,9,Yes,2,Medium,High,Positive,5,No,College,Near,Male,68,0.17124193507816154,0.3425580332819744,1,2
62,Medium,High,No,8,Yes,1,Low,Medium,Positive,3,No,College,Near,Male,62,-0.8304324065331153,-0.3519783266286284,0,1
88,Medium,Low,No,9,Yes,1,Low,Medium,Negative,3,No,High School,Near,Male,70,2.1745906183007153,0.6203725772462154,1,1
94,High,Medium,Yes,7,Yes,3,High,Medium,Positive,3,No,College,Moderate,Male,70,-1.6651610245425126,-0.07416378266438728,1,2
77,Medium,Low,Yes,7,Yes,0,Low,High,Negative,3,No,College,Near,Male,64,0.17124193507816154,-1.1854219585213517,1,1
97,High,Low,Yes,5,Yes,1,Low,High,Positive,5,No,College,Moderate,Female,76,2.007644894698836,1.523269845129999,1,0
84,Medium,Medium,Yes,10,Yes,1,Medium,Medium,Neutral,2,No,College,Moderate,Male,67,0.004296211476282077,-0.9076074145571106,1,2
85,High,High,No,7,Yes,2,Low,High,Negative,3,No,College,Near,Male,69,-0.1626495121255974,0.20365076129985382,0,0
94,Medium,Low,Yes,7,Yes,4,Medium,High,Positive,3,No,High School,Far,Female,68,-0.3295952357274769,-1.532690138476653,1,1
72,Medium,Medium,Yes,8,Yes,1,Medium,High,Positive,2,No,Postgraduate,Moderate,Female,67,-0.1626495121255974,1.4538162091389386,1,0
74,Medium,Medium,Yes,9,Yes,0,High,High,Neutral,3,No,High School,Near,Female,69,1.339862000291318,1.4538162091389386,0,0
96,High,Medium,Yes,6,Yes,2,Low,High,Neutral,1,No,High School,Near,Female,67,-2.165998195348151,-0.49088559861074893,1,1
96,High,High,Yes,9,Yes,0,Low,High,Neutral,4,No,High School,Near,Male,73,1.5068077238931974,-1.3243292305034722,0,0
99,Medium,High,Yes,7,No,4,Medium,Low,Neutral,3,No,College,Near,Male,71,-1.4982153009406332,0.8981871212104565,0,2
96,Medium,Low,No,9,Yes,4,Low,Medium,Neutral,3,No,Postgraduate,Near,Male,70,-0.3295952357274769,-0.8381537785660502,0,1
65,High,Medium,Yes,6,Yes,1,Low,Medium,Neutral,3,No,High School,Near,Male,65,-0.4965409593293564,0.6898262132372758,0,1
93,High,Medium,Yes,8,Yes,0,Medium,Medium,Positive,1,No,Postgraduate,Moderate,Male,73,0.6720791058837999,1.4538162091389386,1,1
76,Medium,Medium,Yes,7,Yes,1,Low,High,Positive,4,No,Postgraduate,Near,Female,65,-1.6651610245425126,0.3425580332819744,1,1
100,Low,Medium,Yes,5,Yes,4,Low,Medium,Neutral,3,No,Postgraduate,Moderate,Male,73,0.5051333822819205,1.2454553011657579,0,1
79,Low,High,Yes,5,Yes,0,Low,High,Positive,3,No,College,Near,Male,70,2.007644894698836,-0.9770610505481708,1,1
82,High,Medium,Yes,6,Yes,0,Low,Low,Positive,4,Yes,College,Near,Male,66,-1.3312695773387537,1.4538162091389386,0,2
81,Low,Medium,Yes,8,Yes,3,Medium,Low,Negative,5,No,High School,Moderate,Female,66,0.17124193507816154,-0.9770610505481708,1,2
73,Medium,Medium,Yes,4,Yes,4,Low,High,Neutral,5,No,High School,Moderate,Male,64,-0.6634866829312358,-0.9770610505481708,0,0
63,Medium,Medium,Yes,8,Yes,2,Medium,Medium,Neutral,5,No,Postgraduate,Near,Male,68,0.5051333822819205,1.3149089371568181,1,2
96,Medium,Medium,No,7,Yes,1,High,High,Neutral,2,No,High School,Near,Male,70,0.004296211476282077,0.20365076129985382,1,1
92,Medium,Medium,Yes,4,Yes,6,High,Medium,Neutral,3,No,High School,Near,Male,72,-0.6634866829312358,1.0370943931925771,0,2
66,Medium,High,No,6,Yes,2,Low,Medium,Neutral,3,No,High School,Near,Male,66,0.5051333822819205,1.0370943931925771,1,1
91,Medium,Medium,Yes,6,Yes,2,Medium,High,Positive,3,No,High School,Near,Male,74,1.8406991710969562,0.4814653052640949,1,1
85,High,Medium,No,7,Yes,0,Medium,High,Negative,4,No,College,Moderate,Male,67,-0.1626495121255974,-1.1159683225302914,0,0
76,High,High,Yes,9,Yes,2,Low,Medium,Positive,2,No,Postgraduate,Near,Female,71,0.6720791058837999,0.6898262132372758,0,1
70,Low,High,Yes,9,Yes,2,Low,Medium,Neutral,2,Yes,High School,Near,Male,60,-1.3312695773387537,-1.532690138476653,1,1
94,Low,Medium,No,6,Yes,3,High,Medium,Neutral,3,No,College,Near,Female,68,-0.9973781301349948,-1.0465146865392312,1,1
88,Medium,Medium,No,6,Yes,0,Medium,Medium,Negative,3,No,College,Near,Male,69,0.5051333822819205,0.4814653052640949,0,1
82,High,High,No,5,Yes,2,Medium,High,Neutral,3,No,College,Near,Male,74,1.5068077238931974,1.3843625731478784,1,1
84,High,Medium,Yes,6,Yes,2,Medium,Medium,Neutral,3,No,High School,Near,Male,71,0.338187658680041,0.9676407572015168,1,1
64,High,Medium,Yes,6,Yes,0,Low,Medium,Negative,4,No,College,Near,Male,63,-0.3295952357274769,-0.5603392346018092,0,2
79,High,Low,Yes,7,No,2,Low,Medium,Negative,4,Yes,College,Moderate,Male,66,0.004296211476282077,1.1065480291836374,0,2
68,Medium,High,No,7,Yes,1,Medium,High,Neutral,4,No,High School,Near,Male,65,-1.3312695773387537,1.5927234811210593,0,1
68,Low,Low,No,6,No,0,Low,High,Positive,3,Yes,High School,Far,Female,60,0.6720791058837999,-0.5603392346018092,0,2
86,Medium,Low,Yes,6,Yes,3,Low,Medium,Positive,3,No,High School,Near,Female,69,0.8390248294856795,-1.1159683225302914,1,1
96,High,Medium,No,6,Yes,1,Low,Medium,Neutral,3,No,College,Near,Female,69,-0.4965409593293564,-1.0465146865392312,1,1
76,Medium,High,Yes,6,Yes,2,High,Medium,Neutral,4,No,Postgraduate,Moderate,Male,67,-0.4965409593293564,-0.3519783266286284,1,0
68,High,Medium,Yes,9,Yes,1,Medium,Medium,Neutral,2,No,High School,Moderate,Female,65,0.338187658680041,-1.532690138476653,1,2
86,High,High,Yes,8,Yes,1,Low,High,Neutral,4,No,College,Near,Male,70,-0.4965409593293564,-0.07416378266438728,0,1
95,High,Medium,Yes,8,Yes,0,Low,Medium,Positive,3,No,Postgraduate,Moderate,Female,71,0.004296211476282077,0.8287334852193963,0,0
90,Low,Medium,Yes,9,Yes,3,Medium,High,Negative,6,Yes,Postgraduate,Moderate,Male,73,2.1745906183007153,0.13419712530879355,1,1
95,Low,High,Yes,8,Yes,0,Low,Medium,Neutral,2,No,Postgraduate,Moderate,Male,70,-0.1626495121255974,1.6621771171121196,1,1
81,High,Low,Yes,9,Yes,1,Medium,High,Neutral,2,No,High School,Near,Female,67,-0.3295952357274769,-0.14361741865544755,1,2
90,Low,High,Yes,8,Yes,1,High,Medium,Neutral,5,No,High School,Moderate,Female,67,-0.6634866829312358,-1.6715974104587736,1,1
66,Low,High,No,7,Yes,0,High,High,Neutral,2,No,College,Moderate,Male,65,0.6720791058837999,-0.07416378266438728,1,1
74,High,High,Yes,6,Yes,2,High,Medium,Neutral,3,No,College,Near,Male,69,-0.1626495121255974,1.4538162091389386,1,1
76,High,High,Yes,6,No,1,Low,Medium,Positive,1,No,Postgraduate,Near,Male,65,-0.6634866829312358,-1.3937828664945324,1,1
80,Medium,High,Yes,8,Yes,1,Low,Medium,Negative,3,No,College,Far,Female,68,1.339862000291318,-0.9770610505481708,0,0
97,High,Medium,No,7,Yes,0,Medium,Medium,Positive,3,No,College,Near,Female,74,1.5068077238931974,0.759279849228336,1,1
95,Low,Medium,Yes,5,Yes,0,Medium,Medium,Neutral,3,No,College,Near,Female,68,-0.6634866829312358,-0.6992465065839297,0,2
65,Medium,Medium,No,4,Yes,1,Low,Medium,Positive,3,No,College,Near,Male,61,-1.8321067481443922,0.8981871212104565,1,0
67,Medium,Low,Yes,10,Yes,3,Low,Medium,Neutral,3,No,Postgraduate,Near,Male,67,1.005970553087559,-0.2825246906375681,1,2
74,High,High,Yes,6,Yes,1,Low,Medium,Negative,4,Yes,High School,Near,Female,66,-0.6634866829312358,1.0370943931925771,0,1
72,Low,Low,Yes,6,Yes,8,Medium,High,Positive,4,No,High School,Near,Male,69,0.8390248294856795,0.20365076129985382,1,0
85,Medium,Low,Yes,9,Yes,1,Low,High,Positive,3,No,High School,Near,Male,62,-1.9990524717462717,-1.4632365024855927,0,0
96,Medium,High,Yes,5,Yes,0,Low,Medium,Neutral,4,No,High School,Moderate,Male,71,0.8390248294856795,-0.4214319626196886,1,0
98,High,High,Yes,8,Yes,1,Medium,Medium,Positive,4,No,Postgraduate,Moderate,Female,71,-1.1643238537368743,-0.5603392346018092,0,1
86,Medium,High,Yes,10,Yes,0,Low,High,Positive,4,No,College,Near,Female,72,0.6720791058837999,1.1065480291836374,0,0
94,Medium,High,Yes,10,Yes,1,Medium,High,Neutral,5,Yes,High School,Far,Female,69,0.004296211476282077,0.4120116692730346,1,0
81,Low,Medium,No,6,No,6,Low,High,Neutral,3,No,College,Near,Female,67,-0.9973781301349948,0.9676407572015168,0,1
68,Medium,High,No,7,Yes,1,Low,High,Neutral,4,Yes,High School,Moderate,Female,63,-0.3295952357274769,-0.4214319626196886,1,1
81,Medium,Medium,Yes,6,No,1,Medium,High,Neutral,4,No,College,Moderate,Male,68,0.6720791058837999,0.6898262132372758,1,1
82,High,High,Yes,7,Yes,0,High,Medium,Positive,2,No,Postgraduate,Near,Male,69,0.17124193507816154,-1.532690138476653,1,0
90,Medium,Low,Yes,9,Yes,0,Low,Medium,Negative,3,Yes,College,Near,Female,65,0.6720791058837999,-1.6021437744677132,1,0
69,High,High,Yes,5,Yes,0,Medium,Medium,Negative,3,No,Postgraduate,Near,Female,70,2.007644894698836,-0.76870014257499,1,1
75,Medium,Medium,No,8,Yes,2,High,High,Positive,4,No,College,Moderate,Male,65,-1.4982153009406332,0.9676407572015168,0,1
75,Medium,Medium,No,7,Yes,0,Low,Medium,Positive,2,No,High School,Moderate,Male,67,1.6737534474950768,0.13419712530879355,1,1
98,Medium,High,Yes,9,Yes,0,Low,High,Positive,1,No,College,Near,Male,72,0.17124193507816154,-0.3519783266286284,1,1
78,Medium,High,Yes,9,Yes,1,High,High,Positive,3,No,High School,Near,Male,69,-0.8304324065331153,1.3843625731478784,1,2
90,High,High,Yes,6,No,2,Medium,Medium,Neutral,3,No,Postgraduate,Near,Male,69,-1.3312695773387537,-0.004710146673327003,1,0
90,High,Low,No,7,Yes,4,High,High,Neutral,4,Yes,College,Near,Female,71,-0.1626495121255974,0.4120116692730346,1,1
71,Medium,Low,Yes,8,Yes,1,Medium,High,Positive,3,No,High School,Far,Male,67,1.005970553087559,1.6621771171121196,1,1
83,Low,Low,No,8,Yes,3,Low,Low,Neutral,3,No,Postgraduate,Near,Female,65,-0.1626495121255974,0.06474348931773327,1,0
96,Low,Low,No,4,Yes,2,Low,High,Neutral,2,No,High School,Far,Female,70,1.5068077238931974,0.9676407572015168,1,1
79,Medium,Medium,No,8,Yes,1,Medium,Medium,Positive,2,No,College,Moderate,Female,63,-1.4982153009406332,-0.2825246906375681,0,0
98,High,High,Yes,9,Yes,0,Medium,Medium,Positive,3,No,College,Far,Male,71,0.004296211476282077,-1.6021437744677132,0,1
69,High,Medium,Yes,7,Yes,1,Medium,Medium,Neutral,3,No,College,Near,Female,64,-1.3312695773387537,1.1760016651746976,1,0
63,Medium,High,Yes,8,Yes,5,Medium,Medium,Neutral,3,No,High School,Near,Male,69,0.338187658680041,1.523269845129999,0,2
96,Low,Medium,No,9,Yes,0,Low,Medium,Positive,3,No,High School,Near,Male,69,0.8390248294856795,-0.21307105464650783,0,0
94,Medium,Medium,Yes,7,Yes,1,Low,High,Positive,3,No,Postgraduate,Moderate,Male,70,-0.4965409593293564,-0.004710146673327003,1,1
100,High,Low,No,8,Yes,2,Low,Medium,Negative,4,No,High School,Moderate,Female,64,-2.6668353661537894,-0.2825246906375681,0,0
87,Medium,High,No,7,Yes,1,Low,Medium,Positive,3,No,High School,Near,Male,70,0.17124193507816154,1.7316307531031798,1,0
97,Medium,High,No,7,Yes,0,Medium,High,Positive,4,No,Postgraduate,Moderate,Female,74,0.5051333822819205,1.3843625731478784,0,1
93,Medium,Medium,Yes,6,Yes,1,Low,Medium,Negative,3,No,College,Near,Female,69,0.338187658680041,-1.6021437744677132,1,1
94,Low,Medium,Yes,7,Yes,3,Low,Medium,Positive,2,No,College,Near,Female,73,1.1729162766894383,0.9676407572015168,0,1
83,Medium,Medium,Yes,10,Yes,1,Medium,High,Neutral,3,Yes,College,Near,Female,66,-0.9973781301349948,0.3425580332819744,0,1
75,High,High,Yes,6,No,1,Medium,High,Negative,3,No,High School,Near,Male,67,0.6720791058837999,-1.6715974104587736,1,2
97,High,High,No,8,Yes,6,Low,Medium,Neutral,2,No,College,Near,Female,76,1.1729162766894383,-0.21307105464650783,1,1
77,Medium,Medium,No,7,Yes,2,Medium,Low,Negative,3,No,High School,Near,Male,61,-1.8321067481443922,-1.254875594512412,1,0
82,Low,Medium,Yes,9,Yes,0,Medium,Medium,Positive,4,No,High School,Moderate,Female,68,0.338187658680041,1.3149089371568181,1,2
78,Medium,Low,Yes,9,Yes,1,Low,Medium,Neutral,3,No,High School,Moderate,Male,63,-0.4965409593293564,-1.6715974104587736,0,2
83,High,Low,Yes,6,Yes,1,Low,Medium,Neutral,2,No,High School,Near,Male,67,0.004296211476282077,1.3149089371568181,1,1
79,Low,Low,Yes,6,Yes,3,High,Medium,Negative,3,No,High School,Moderate,Male,66,0.338187658680041,1.523269845129999,1,0
62,High,Low,Yes,6,Yes,2,Medium,High,Neutral,3,No,College,Near,Male,62,-0.4965409593293564,-1.4632365024855927,1,0
95,High,Low,Yes,6,Yes,0,Low,High,Neutral,3,No,High School,Near,Male,69,-0.6634866829312358,0.759279849228336,0,1
78,Medium,Medium,No,6,Yes,3,Medium,Medium,Positive,3,No,High School,Moderate,Male,67,0.004296211476282077,0.13419712530879355,0,1
84,Medium,Medium,No,8,No,2,Medium,Medium,Positive,2,No,College,Moderate,Female,66,-1.1643238537368743,1.5927234811210593,1,0
66,High,Medium,Yes,6,Yes,2,Low,Medium,Positive,3,Yes,High School,Moderate,Male,63,-1.1643238537368743,1.0370943931925771,1,1
60,Medium,Medium,No,6,Yes,1,High,Medium,Neutral,2,No,Postgraduate,Moderate,Male,64,0.6720791058837999,0.6898262132372758,1,0
70,Low,Medium,Yes,6,Yes,2,Medium,Medium,Negative,5,No,Postgraduate,Moderate,Male,64,-1.1643238537368743,1.4538162091389386,0,2
88,Low,Medium,No,8,Yes,1,Low,High,Negative,3,No,High School,Near,Male,67,0.6720791058837999,-1.1854219585213517,1,1
64,Low,Medium,Yes,7,Yes,4,High,Medium,Positive,3,No,High School,Moderate,Male,66,0.5051333822819205,-0.4214319626196886,1,2
96,High,High,Yes,7,Yes,1,Low,Low,Neutral,1,No,High School,Near,Female,68,-1.6651610245425126,1.1760016651746976,1,1
69,Medium,High,Yes,6,Yes,1,Medium,High,Negative,1,No,High School,Moderate,Male,62,-0.6634866829312358,-1.3937828664945324,1,1
68,Medium,Medium,Yes,5,Yes,1,Medium,Medium,Negative,4,No,College,Near,Male,68,1.1729162766894383,1.523269845129999,1,0
67,High,Low,No,9,Yes,1,Medium,Medium,Positive,3,No,High School,Near,Male,63,-0.9973781301349948,0.8287334852193963,0,1
61,Medium,High,No,7,Yes,1,Medium,High,Neutral,2,No,High School,Moderate,Male,62,-0.4965409593293564,-0.21307105464650783,1,0
91,High,High,No,10,Yes,2,Low,Medium,Positive,2,No,College,Near,Male,72,0.5051333822819205,-0.5603392346018092,1,2
95,Medium,Low,No,8,Yes,4,Low,Medium,Neutral,3,No,High School,Moderate,Female,69,0.8390248294856795,-1.254875594512412,1,0
85,Medium,Low,Yes,10,Yes,3,Medium,High,Neutral,3,No,High School,Near,Male,67,-0.3295952357274769,-1.3937828664945324,1,2
68,Medium,High,Yes,8,Yes,1,High,High,Neutral,3,No,High School,Moderate,Male,65,-0.6634866829312358,-0.2825246906375681,0,1
71,High,Medium,No,7,Yes,1,Low,Medium,Positive,3,No,High School,Near,Female,69,1.5068077238931974,1.1760016651746976,1,0
79,High,High,Yes,6,Yes,1,Low,Medium,Positive,2,No,High School,Near,Male,72,1.6737534474950768,0.13419712530879355,1,1
98,Low,Medium,Yes,6,Yes,2,Low,Low,Negative,3,No,High School,Near,Female,70,1.005970553087559,-0.14361741865544755,1,1
70,High,High,No,9,Yes,1,Medium,Low,Neutral,4,No,College,Moderate,Male,91,0.17124193507816154,-0.6297928705928695,1,1
89,High,Low,Yes,7,Yes,2,Low,Medium,Negative,3,No,High School,Moderate,Male,65,-0.8304324065331153,-1.1854219585213517,1,0
78,Low,Medium,Yes,8,Yes,0,Low,Medium,Negative,3,Yes,High School,Near,Female,62,-0.8304324065331153,1.7316307531031798,1,0
72,Low,High,Yes,8,Yes,2,Low,Medium,Positive,3,No,College,Far,Male,65,0.5051333822819205,-1.6715974104587736,0,1
78,Medium,Medium,Yes,8,Yes,1,Medium,High,Neutral,1,No,College,Moderate,Female,67,0.5051333822819205,-0.6297928705928695,1,1
63,Medium,Low,No,6,Yes,4,Medium,High,Neutral,4,No,High School,Far,Male,67,1.339862000291318,0.8981871212104565,1,2
92,Medium,High,No,9,Yes,2,High,Medium,Positive,2,No,High School,Near,Female,72,0.6720791058837999,0.06474348931773327,1,1
70,Medium,Low,Yes,7,Yes,1,Medium,High,Negative,3,No,High School,Near,Female,60,-1.4982153009406332,-0.6297928705928695,1,0
89,Medium,Low,No,7,Yes,0,Medium,Low,Neutral,3,No,High School,Near,Female,69,1.005970553087559,1.7316307531031798,1,0
63,Medium,Medium,No,8,Yes,0,Medium,Low,Positive,5,No,High School,Near,Female,61,-0.9973781301349948,0.4120116692730346,0,0
98,Low,Medium,Yes,7,Yes,1,High,Medium,Neutral,4,No,Postgraduate,Near,Female,70,-0.3295952357274769,-0.6992465065839297,0,1
68,Medium,High,No,4,Yes,2,High,Medium,Neutral,3,No,High School,Near,Male,68,0.338187658680041,1.1760016651746976,1,2
95,Medium,High,Yes,9,Yes,2,Medium,Medium,Positive,4,No,High School,Near,Male,75,2.007644894698836,-1.1854219585213517,0,1
92,Medium,Medium,No,9,Yes,1,Medium,Medium,Negative,4,No,Postgraduate,Moderate,Male,75,3.1762649599119923,-0.14361741865544755,1,1
99,High,Medium,No,4,Yes,2,High,Medium,Neutral,3,No,High School,Far,Male,72,0.6720791058837999,1.1760016651746976,0,0
79,Low,Medium,Yes,5,Yes,1,Low,Medium,Negative,4,No,College,Moderate,Female,66,-0.1626495121255974,1.6621771171121196,0,2
89,Low,High,No,10,Yes,5,Medium,Medium,Neutral,4,No,High School,Near,Male,71,0.5051333822819205,-0.4214319626196886,1,0
75,Low,High,No,7,Yes,4,Low,High,Positive,5,No,College,Near,Male,70,0.8390248294856795,-1.254875594512412,1,2
67,Medium,High,Yes,7,Yes,2,Medium,Medium,Negative,3,Yes,High School,Near,Female,63,-0.3295952357274769,0.20365076129985382,1,0
78,High,High,Yes,6,Yes,0,Medium,High,Neutral,3,No,High School,Near,Male,72,1.8406991710969562,1.523269845129999,1,0
67,Medium,Medium,Yes,5,Yes,1,Low,High,Neutral,5,No,High School,Near,Male,65,0.17124193507816154,0.5509189412551552,0,1
99,Medium,Medium,Yes,7,Yes,3,Low,Low,Neutral,2,No,High School,Near,Male,71,0.5051333822819205,0.3425580332819744,0,0
64,Medium,Medium,Yes,8,Yes,0,Medium,Medium,Positive,3,No,College,Near,Female,65,0.6720791058837999,-0.6992465065839297,1,1
84,Medium,Low,Yes,7,Yes,1,Medium,High,Positive,3,No,College,Moderate,Female,69,0.5051333822819205,0.3425580332819744,0,1
85,Medium,Low,Yes,8,Yes,3,Medium,High,Positive,3,No,High School,Moderate,Male,71,0.8390248294856795,1.3149089371568181,1,1
82,Medium,High,Yes,10,Yes,2,Low,Medium,Positive,4,No,College,Near,Male,68,-0.6634866829312358,-0.4214319626196886,1,1
86,Low,Medium,No,6,Yes,2,Medium,High,Positive,4,No,High School,Near,Female,66,-0.4965409593293564,-0.9076074145571106,1,0
65,High,Medium,No,7,Yes,0,High,Medium,Neutral,2,Yes,High School,Moderate,Male,60,-1.1643238537368743,-0.07416378266438728,1,0
82,Medium,Medium,No,9,Yes,0,High,Medium,Positive,3,No,High School,Near,Female,68,0.5051333822819205,-0.4214319626196886,1,1
71,Medium,High,Yes,6,Yes,1,Low,Medium,Neutral,4,No,High School,Near,Female,67,0.8390248294856795,-0.14361741865544755,0,1
98,Medium,Low,No,7,Yes,3,High,High,Neutral,4,No,High School,Near,Male,71,0.5051333822819205,-1.3937828664945324,0,1
90,High,Medium,No,10,Yes,2,Medium,Medium,Neutral,6,No,High School,Near,Male,74,1.6737534474950768,-0.5603392346018092,0,2
99,Low,Medium,No,6,Yes,2,Medium,Low,Negative,4,No,High School,Near,Male,70,0.004296211476282077,1.1065480291836374,1,1
62,Low,High,No,9,Yes,2,Low,Medium,Positive,2,No,College,Moderate,Female,63,0.6720791058837999,-0.3519783266286284,1,0
71,Medium,Medium,No,7,Yes,0,Medium,Medium,Positive,3,No,College,Near,Male,64,-1.1643238537368743,1.5927234811210593,1,1
68,Medium,High,Yes,10,Yes,3,Low,Medium,Neutral,3,No,High School,Near,Male,66,-0.3295952357274769,0.6898262132372758,1,2
60,Medium,Medium,Yes,5,Yes,0,Medium,Low,Neutral,3,No,Postgraduate,Near,Female,64,0.6720791058837999,-0.49088559861074893,1,1
70,High,High,Yes,7,Yes,1,Medium,High,Positive,3,No,College,Moderate,Male,69,0.8390248294856795,-0.8381537785660502,0,1
87,Medium,High,Yes,5,Yes,2,Medium,Low,Positive,4,No,Postgraduate,Near,Male,71,-0.3295952357274769,0.6203725772462154,0,1
69,High,Medium,No,6,Yes,1,Low,Medium,Neutral,2,No,High School,Near,Female,64,0.004296211476282077,-0.6992465065839297,1,1
80,Medium,Medium,Yes,6,Yes,1,Low,High,Neutral,3,No,High School,Near,Male,65,-1.4982153009406332,1.4538162091389386,1,0
96,High,Medium,No,7,Yes,2,Medium,Medium,Neutral,1,No,College,Near,Female,69,-0.3295952357274769,-1.3243292305034722,0,0
88,Medium,High,No,5,Yes,1,Medium,Low,Neutral,1,No,High School,Near,Female,68,0.8390248294856795,-1.6715974104587736,1,1
76,Medium,Medium,Yes,7,Yes,3,Medium,Low,Positive,4,No,High School,Near,Male,68,0.5051333822819205,-0.9770610505481708,1,1
75,High,Medium,Yes,8,Yes,0,Low,High,Neutral,4,No,High School,Moderate,Female,68,0.5051333822819205,0.3425580332819744,0,2
78,Low,Medium,Yes,5,Yes,1,Medium,Medium,Positive,3,No,High School,Far,Male,65,0.004296211476282077,1.1760016651746976,1,0
67,High,High,No,6,Yes,1,Medium,Medium,Negative,4,No,College,Near,Female,65,0.004296211476282077,-1.1159683225302914,0,0
85,Medium,Low,No,10,Yes,1,High,Medium,Neutral,3,No,College,Near,Male,66,-0.6634866829312358,0.27310439729091407,0,0
75,High,Low,No,7,Yes,0,Medium,Medium,Neutral,1,No,Postgraduate,Near,Male,66,0.6720791058837999,-1.254875594512412,1,1
94,Medium,Low,Yes,4,Yes,2,High,High,Neutral,4,No,High School,Moderate,Male,71,0.5051333822819205,0.20365076129985382,1,1
90,High,Medium,Yes,5,Yes,0,Low,High,Negative,1,No,High School,Near,Male,68,0.5051333822819205,-1.6715974104587736,1,1
84,Low,Medium,Yes,7,Yes,0,High,High,Neutral,5,Yes,College,Moderate,Female,65,-0.4965409593293564,0.20365076129985382,1,0
75,Medium,High,Yes,7,Yes,0,Medium,Low,Positive,4,No,College,Moderate,Female,63,-2.165998195348151,0.06474348931773327,0,1
68,High,Medium,No,6,Yes,1,Medium,Low,Neutral,5,No,Postgraduate,Far,Female,66,1.1729162766894383,-1.6021437744677132,0,1
91,High,Low,Yes,10,Yes,7,Low,High,Neutral,4,Yes,College,Moderate,Male,71,-0.4965409593293564,0.6203725772462154,1,1
79,Low,Medium,Yes,10,Yes,2,Low,Medium,Neutral,4,No,College,Moderate,Male,65,-0.8304324065331153,0.27310439729091407,0,1
69,Medium,High,Yes,7,Yes,3,Medium,Medium,Neutral,4,No,High School,Near,Female,68,0.6720791058837999,0.4120116692730346,0,0
68,Medium,Medium,Yes,8,Yes,2,High,Medium,Neutral,3,No,Postgraduate,Near,Male,66,-0.3295952357274769,0.06474348931773327,1,2
67,Low,High,No,8,Yes,2,Low,Medium,Negative,2,Yes,High School,Near,Female,64,1.005970553087559,0.759279849228336,1,1
91,Medium,Low,Yes,9,Yes,1,Low,Low,Positive,4,No,College,Near,Female,70,0.6720791058837999,0.06474348931773327,1,2
69,High,Low,Yes,6,Yes,4,High,Medium,Positive,4,No,College,Moderate,Male,70,0.6720791058837999,1.4538162091389386,1,1
81,Medium,High,No,10,Yes,1,Low,Medium,Positive,5,No,High School,Near,Female,66,-1.3312695773387537,1.523269845129999,0,0
78,Medium,Medium,Yes,7,Yes,3,Medium,Medium,Positive,2,No,High School,Moderate,Female,70,1.1729162766894383,0.759279849228336,1,1
83,High,High,No,8,No,2,Medium,High,Positive,0,No,College,Near,Female,71,0.338187658680041,1.4538162091389386,1,1
95,Low,High,No,7,Yes,2,Medium,High,Positive,4,Yes,High School,Moderate,Male,70,-0.3295952357274769,1.4538162091389386,0,1
95,Medium,Medium,No,7,Yes,1,Low,Medium,Positive,4,No,Postgraduate,Near,Male,70,0.17124193507816154,-0.8381537785660502,0,1
78,High,Medium,Yes,7,Yes,2,Medium,Medium,Positive,2,No,High School,Near,Male,66,-1.8321067481443922,1.7316307531031798,1,0
61,High,Medium,No,5,Yes,1,Low,Medium,Positive,3,No,Postgraduate,Near,Male,64,0.338187658680041,-0.8381537785660502,1,0
77,High,High,No,4,Yes,5,Low,Medium,Positive,3,No,College,Moderate,Male,66,-0.9973781301349948,-1.6715974104587736,1,0
84,High,Medium,Yes,7,Yes,1,Low,Medium,Positive,3,No,High School,Near,Female,68,-1.3312695773387537,1.5927234811210593,1,2
82,Low,Low,No,6,Yes,2,Medium,Medium,Neutral,2,No,High School,Near,Female,61,-1.4982153009406332,-0.9770610505481708,1,0
86,Medium,Medium,Yes,8,Yes,2,Low,High,Positive,4,No,College,Near,Male,72,1.1729162766894383,0.27310439729091407,0,1
66,High,High,No,8,Yes,1,Low,High,Positive,3,No,High School,Moderate,Male,66,-0.6634866829312358,1.6621771171121196,0,1
86,Low,Low,Yes,7,Yes,1,Low,Medium,Positive,3,No,College,Near,Female,68,1.5068077238931974,-1.6021437744677132,1,1
67,Low,Medium,No,9,Yes,1,Low,High,Negative,4,No,College,Far,Male,61,-0.4965409593293564,-0.8381537785660502,1,2
90,High,Medium,Yes,7,Yes,0,Medium,Medium,Neutral,5,No,High School,Near,Female,67,-1.6651610245425126,0.3425580332819744,1,0
74,High,High,Yes,5,Yes,3,Low,Medium,Neutral,3,Yes,College,Near,Female,66,-1.1643238537368743,0.8981871212104565,0,0
88,Medium,Medium,Yes,7,Yes,3,Medium,Medium,Positive,4,No,Postgraduate,Moderate,Female,74,1.1729162766894383,1.0370943931925771,1,1
62,High,Medium,Yes,9,Yes,0,High,Low,Neutral,4,No,Postgraduate,Near,Female,66,-0.1626495121255974,1.3149089371568181,1,1
76,High,Medium,Yes,4,Yes,4,Medium,Medium,Neutral,2,No,Postgraduate,Moderate,Female,67,-0.4965409593293564,-1.1854219585213517,0,1
88,High,Low,Yes,7,Yes,4,Medium,Medium,Neutral,3,No,College,Near,Male,71,0.17124193507816154,-0.4214319626196886,0,1
69,High,Low,Yes,8,Yes,0,Medium,High,Neutral,4,No,College,Far,Male,66,0.5051333822819205,0.759279849228336,1,2
92,Medium,Medium,Yes,10,Yes,0,Low,Low,Positive,3,No,High School,Moderate,Male,71,1.1729162766894383,0.759279849228336,0,2
85,High,Medium,Yes,9,No,4,Low,Medium,Neutral,4,No,Postgraduate,Moderate,Male,72,1.5068077238931974,-0.6992465065839297,0,2
84,Medium,Medium,Yes,7,Yes,2,Medium,Medium,Negative,3,No,High School,Near,Female,66,-0.3295952357274769,-0.6992465065839297,1,1
74,High,Low,Yes,8,Yes,1,Low,Medium,Positive,2,No,High School,Near,Male,62,-1.3312695773387537,-0.6297928705928695,1,0
79,High,Medium,Yes,4,Yes,1,Low,High,Negative,2,No,High School,Moderate,Female,66,-0.3295952357274769,1.3843625731478784,1,0
84,Low,High,Yes,5,Yes,2,Low,High,Neutral,3,No,High School,Moderate,Male,69,0.338187658680041,1.3843625731478784,1,1
79,Medium,Medium,Yes,8,Yes,0,Medium,High,Negative,4,No,High School,Near,Male,64,-0.9973781301349948,-1.6715974104587736,1,1
88,Medium,Medium,Yes,7,Yes,4,Medium,High,Positive,3,No,High School,Near,Female,69,-0.9973781301349948,-0.6297928705928695,1,1
77,High,Low,Yes,7,Yes,2,Medium,Medium,Positive,4,No,Postgraduate,Near,Male,69,0.338187658680041,-0.3519783266286284,0,1
68,High,Low,Yes,7,Yes,0,Low,Medium,Positive,2,Yes,College,Moderate,Female,64,0.004296211476282077,1.6621771171121196,1,2
69,Medium,High,Yes,7,Yes,3,Medium,High,Positive,3,Yes,College,Near,Female,68,0.004296211476282077,1.523269845129999,1,1
60,Medium,Medium,Yes,7,Yes,4,Low,High,Positive,2,No,High School,Near,Male,63,-0.8304324065331153,0.4120116692730346,1,0
72,High,Medium,Yes,5,Yes,1,Low,Medium,Positive,2,No,High School,Near,Male,64,-0.1626495121255974,-1.6021437744677132,1,0
90,Medium,High,Yes,7,Yes,2,Medium,Medium,Neutral,4,No,Postgraduate,Near,Male,69,-0.9973781301349948,-1.0465146865392312,1,1
92,Low,High,No,5,Yes,1,Medium,Medium,Positive,4,No,High School,Near,Female,71,0.8390248294856795,-0.21307105464650783,1,1
68,Medium,High,No,6,Yes,2,Medium,Medium,Neutral,3,No,College,Far,Female,67,1.005970553087559,1.5927234811210593,0,0
98,High,Medium,No,9,Yes,3,Low,Medium,Positive,2,No,High School,Near,Male,67,-1.8321067481443922,-1.3937828664945324,1,0
80,High,Low,Yes,7,Yes,2,Low,High,Negative,2,No,College,Far,Female,66,-0.9973781301349948,1.0370943931925771,1,2
97,Medium,High,Yes,8,Yes,0,Medium,Low,Positive,3,No,High School,Near,Male,67,-1.4982153009406332,-1.0465146865392312,0,1
88,Low,High,No,7,Yes,2,Medium,Medium,Neutral,4,No,Postgraduate,Near,Female,68,-0.6634866829312358,-0.004710146673327003,1,0
89,Medium,Medium,Yes,6,Yes,1,Medium,High,Positive,2,No,High School,Near,Female,69,-0.1626495121255974,0.8981871212104565,1,0
63,High,High,Yes,5,No,0,Low,High,Positive,4,Yes,High School,Moderate,Female,62,-1.4982153009406332,0.6898262132372758,1,2
69,Medium,Medium,Yes,6,Yes,2,High,High,Positive,5,No,High School,Moderate,Female,66,-0.9973781301349948,0.9676407572015168,0,2
60,Medium,Medium,Yes,7,Yes,1,Low,High,Negative,3,No,Postgraduate,Near,Male,63,-0.9973781301349948,1.1065480291836374,0,1
89,Low,Low,Yes,8,Yes,2,Low,Low,Neutral,3,No,College,Near,Female,67,0.17124193507816154,-0.6992465065839297,1,1
74,High,Medium,No,7,Yes,3,Medium,Medium,Positive,4,No,High School,Far,Male,68,0.004296211476282077,-0.49088559861074893,1,2
91,Medium,Low,No,8,Yes,2,Medium,Medium,Neutral,2,No,High School,Far,Female,66,-0.6634866829312358,1.1065480291836374,1,0
74,Medium,Medium,Yes,5,Yes,3,Medium,Medium,Positive,1,No,High School,Near,Male,66,0.17124193507816154,-1.6021437744677132,0,1
93,High,Medium,No,8,Yes,0,Low,Medium,Negative,3,No,High School,Moderate,Female,67,-0.4965409593293564,0.06474348931773327,0,0
65,High,Medium,Yes,5,Yes,1,High,Medium,Neutral,2,No,High School,Near,Female,66,-0.3295952357274769,1.4538162091389386,0,1
67,Medium,Medium,Yes,8,Yes,1,Medium,Medium,Neutral,2,No,College,Near,Female,69,1.6737534474950768,1.3149089371568181,1,1
74,Medium,High,No,8,Yes,2,Medium,Medium,Positive,3,No,Postgraduate,Near,Male,72,1.339862000291318,1.0370943931925771,1,2
76,Medium,Low,Yes,4,Yes,0,Low,Medium,Neutral,1,No,High School,Near,Female,60,-1.3312695773387537,-1.6715974104587736,0,1
74,Low,High,Yes,8,Yes,0,Low,Medium,Positive,4,No,High School,Moderate,Female,68,0.8390248294856795,1.3149089371568181,1,2
91,Low,Medium,Yes,8,Yes,3,Medium,Medium,Neutral,3,No,High School,Near,Female,72,0.8390248294856795,1.4538162091389386,1,1
64,Medium,High,Yes,9,Yes,1,High,Medium,Positive,4,No,High School,Near,Male,64,-1.1643238537368743,0.5509189412551552,1,0
74,Low,Medium,Yes,6,Yes,0,High,Medium,Neutral,1,No,High School,Moderate,Male,65,0.8390248294856795,-0.6992465065839297,1,2
93,High,High,No,7,Yes,3,Medium,High,Positive,3,No,High School,Near,Male,76,1.5068077238931974,-0.07416378266438728,0,1
63,Low,Medium,No,8,Yes,0,Low,Medium,Negative,2,No,High School,Near,Male,59,-1.1643238537368743,0.8981871212104565,0,1
98,Medium,Medium,Yes,8,Yes,0,Low,Medium,Negative,4,No,High School,Moderate,Male,67,-0.9973781301349948,1.1065480291836374,1,0
99,Medium,Medium,Yes,8,Yes,4,Medium,Medium,Positive,4,Yes,High School,Near,Male,73,1.005970553087559,-0.5603392346018092,0,1
64,Medium,High,No,6,Yes,1,Medium,Medium,Neutral,4,No,College,Near,Male,64,0.338187658680041,-0.6297928705928695,1,0
72,Medium,High,No,8,Yes,3,Medium,Low,Neutral,3,No,High School,Near,Male,67,0.5051333822819205,0.8287334852193963,1,0
75,High,Medium,Yes,8,Yes,3,High,Medium,Negative,3,No,College,Near,Male,69,0.338187658680041,0.6203725772462154,1,0
91,Medium,Low,Yes,7,Yes,1,Low,High,Neutral,3,No,College,Moderate,Female,69,0.338187658680041,0.06474348931773327,1,1
84,High,High,Yes,6,No,2,Medium,Medium,Positive,3,No,College,Moderate,Male,67,-1.3312695773387537,-0.2825246906375681,1,1
86,Medium,High,Yes,6,Yes,2,Low,Medium,Positive,4,No,High School,Near,Male,72,1.005970553087559,0.5509189412551552,1,1
90,Low,Medium,No,9,No,2,Low,High,Positive,2,Yes,College,Near,Male,86,1.1729162766894383,-1.6021437744677132,1,0
65,Medium,High,Yes,8,Yes,0,Low,High,Neutral,3,No,High School,Far,Female,62,-0.1626495121255974,-1.4632365024855927,0,1
93,Medium,Low,No,7,Yes,1,Medium,Low,Neutral,3,No,Postgraduate,Near,Female,69,0.004296211476282077,0.27310439729091407,1,1
88,High,High,Yes,7,Yes,2,Medium,Medium,Neutral,3,No,Postgraduate,Near,Male,68,-1.4982153009406332,-0.9770610505481708,1,0
83,High,High,Yes,4,Yes,1,Medium,Medium,Negative,3,No,High School,Far,Male,99,0.5051333822819205,0.9676407572015168,1,0
96,Low,Medium,Yes,7,Yes,1,Low,Medium,Positive,3,No,College,Far,Female,70,0.5051333822819205,0.9676407572015168,0,1
88,Low,Medium,Yes,5,Yes,2,Medium,Medium,Negative,3,No,High School,Near,Male,68,0.004296211476282077,0.6898262132372758,1,1
68,Medium,Medium,Yes,7,Yes,0,Medium,Medium,Positive,4,No,High School,Near,Male,67,1.1729162766894383,1.3843625731478784,1,0
77,High,Medium,Yes,9,Yes,1,Low,High,Negative,2,No,Postgraduate,Near,Male,66,-0.3295952357274769,-1.254875594512412,1,0
80,Low,High,No,6,Yes,0,High,Medium,Positive,2,No,High School,Near,Male,66,0.5051333822819205,-0.8381537785660502,0,0
62,Medium,High,Yes,7,Yes,2,Low,Medium,Positive,2,No,College,Moderate,Female,62,-0.9973781301349948,-0.8381537785660502,1,1
98,Medium,Medium,Yes,8,Yes,3,High,Medium,Negative,2,Yes,College,Near,Male,72,0.004296211476282077,0.9676407572015168,1,2
65,Medium,High,Yes,7,No,0,Medium,Medium,Neutral,3,No,Postgraduate,Near,Female,64,-0.1626495121255974,0.06474348931773327,1,1
88,Medium,Medium,Yes,6,Yes,1,Medium,Medium,Neutral,3,No,High School,Near,Female,68,0.17124193507816154,-0.8381537785660502,1,0
80,Medium,High,Yes,7,Yes,2,Low,Low,Positive,3,No,Postgraduate,Far,Female,66,-0.3295952357274769,-1.254875594512412,1,1
61,Medium,High,Yes,8,Yes,4,Medium,Medium,Positive,3,No,College,Near,Male,68,-0.1626495121255974,1.3843625731478784,0,2
97,Low,High,Yes,7,Yes,3,High,Medium,Neutral,1,No,Postgraduate,Near,Male,75,0.8390248294856795,0.6898262132372758,1,2
94,Low,Low,No,7,Yes,3,Low,High,Neutral,3,Yes,College,Far,Male,67,-0.4965409593293564,0.06474348931773327,1,2
81,Low,Medium,Yes,9,Yes,2,Low,Medium,Neutral,2,No,College,Near,Male,65,-1.6651610245425126,1.5927234811210593,1,1
69,Medium,Medium,No,8,Yes,2,Medium,Low,Neutral,3,No,High School,Near,Female,68,1.6737534474950768,1.1760016651746976,1,1
65,Medium,Medium,Yes,5,Yes,2,Low,Medium,Neutral,5,No,High School,Near,Male,67,1.339862000291318,-1.1159683225302914,0,2
75,Medium,Medium,Yes,8,Yes,1,Low,Medium,Negative,2,No,College,Near,Female,63,-1.3312695773387537,-0.004710146673327003,0,2
70,Medium,High,Yes,8,Yes,2,Medium,High,Negative,3,No,High School,Near,Male,67,0.6720791058837999,-0.07416378266438728,1,0
80,Medium,Medium,Yes,5,Yes,0,Low,Medium,Negative,4,No,Postgraduate,Near,Female,67,-0.4965409593293564,1.1760016651746976,0,1
99,Medium,Medium,Yes,4,Yes,2,Medium,High,Positive,3,No,College,Near,Female,73,0.338187658680041,-1.254875594512412,1,2
83,Medium,Medium,Yes,5,No,0,Low,Medium,Positive,3,No,High School,Near,Male,67,0.338187658680041,-0.14361741865544755,1,2
96,Medium,Medium,No,7,Yes,1,High,Medium,Neutral,4,No,Postgraduate,Near,Male,71,-0.1626495121255974,0.4814653052640949,1,1
86,Low,Medium,No,9,Yes,2,Medium,Medium,Negative,4,No,High School,Near,Male,67,-0.8304324065331153,1.523269845129999,1,1
79,High,Low,Yes,6,Yes,0,High,Medium,Neutral,5,No,College,Near,Male,68,-0.6634866829312358,1.3843625731478784,1,1
94,Low,Low,Yes,8,Yes,1,High,High,Positive,1,No,College,Near,Male,68,-0.8304324065331153,0.13419712530879355,0,1
79,High,Medium,Yes,4,Yes,1,High,Medium,Negative,4,No,High School,Far,Male,66,-0.8304324065331153,0.3425580332819744,0,1
95,High,Low,Yes,7,No,0,Low,High,Neutral,2,No,High School,Near,Male,68,0.004296211476282077,1.2454553011657579,1,0
72,Medium,Low,No,6,No,2,Medium,Low,Positive,4,No,High School,Near,Female,63,-0.6634866829312358,0.8287334852193963,0,1
65,High,High,No,10,Yes,2,Medium,Medium,Neutral,2,No,Postgraduate,Moderate,Male,68,0.6720791058837999,1.3149089371568181,1,1
94,Low,High,Yes,4,Yes,1,Medium,Medium,Positive,5,No,High School,Near,Male,74,1.5068077238931974,1.3843625731478784,1,1
83,Low,Medium,Yes,7,Yes,3,Low,Medium,Neutral,2,Yes,High School,Moderate,Male,65,-0.4965409593293564,1.1760016651746976,1,0
96,Medium,Medium,Yes,4,Yes,1,Low,Low,Positive,2,No,Postgraduate,Moderate,Male,69,0.17124193507816154,-1.7410510464498339,0,1
98,Medium,High,No,6,Yes,1,Low,Medium,Neutral,1,No,High School,Moderate,Male,70,0.5051333822819205,-0.6297928705928695,1,1
62,Medium,Low,Yes,4,Yes,3,Medium,High,Positive,2,No,College,Moderate,Female,65,0.5051333822819205,-0.3519783266286284,1,2
80,Medium,Medium,No,10,Yes,1,Medium,Medium,Positive,4,No,College,Near,Male,68,0.004296211476282077,0.6203725772462154,1,1
75,Low,Medium,No,6,No,0,Medium,Medium,Positive,5,No,College,Moderate,Male,65,0.6720791058837999,-0.6992465065839297,1,1
85,Medium,High,No,7,No,0,High,High,Neutral,2,No,College,Near,Male,68,0.5051333822819205,-0.6297928705928695,1,0
92,Medium,High,Yes,7,Yes,4,Low,Medium,Neutral,3,No,High School,Near,Male,68,-1.1643238537368743,-0.3519783266286284,1,0
71,Medium,Medium,Yes,5,Yes,0,Low,Medium,Positive,1,No,Postgraduate,Far,Male,66,0.8390248294856795,1.5927234811210593,1,0
82,High,Medium,No,9,Yes,0,High,Medium,Positive,0,No,College,Near,Female,70,0.8390248294856795,-0.21307105464650783,1,2
88,Medium,Medium,No,8,Yes,1,High,Medium,Positive,2,No,High School,Far,Male,66,-0.8304324065331153,-1.254875594512412,0,1
65,Medium,High,Yes,8,Yes,0,Low,Medium,Positive,5,No,High School,Near,Male,64,0.004296211476282077,-1.7410510464498339,1,1
93,Medium,High,No,5,Yes,1,Low,Medium,Neutral,1,No,College,Near,Female,70,0.6720791058837999,-0.9076074145571106,1,1
84,High,Medium,No,9,Yes,1,High,Medium,Negative,3,Yes,High School,Near,Male,68,-0.1626495121255974,1.523269845129999,1,0
98,Low,High,Yes,9,Yes,4,Low,Low,Positive,2,No,College,Moderate,Male,74,1.005970553087559,1.5927234811210593,1,0
74,High,Low,Yes,7,Yes,2,Low,High,Positive,2,No,College,Near,Female,71,2.3415363419025947,0.06474348931773327,1,1
64,Medium,Medium,Yes,8,Yes,0,Low,Medium,Negative,3,No,High School,Near,Male,61,-0.8304324065331153,0.4814653052640949,1,0
80,Medium,Low,No,7,Yes,3,Low,Medium,Neutral,3,No,High School,Near,Female,64,-1.3312695773387537,1.0370943931925771,1,1
63,High,Low,No,5,Yes,2,High,Medium,Neutral,1,No,Postgraduate,Moderate,Male,64,0.338187658680041,-1.532690138476653,1,2
99,High,Medium,Yes,7,Yes,0,Medium,Medium,Positive,3,No,High School,Near,Male,73,0.6720791058837999,-0.4214319626196886,0,1
62,Medium,High,Yes,6,Yes,0,Low,High,Negative,3,Yes,College,Moderate,Male,62,-0.1626495121255974,0.4814653052640949,1,1
90,Low,Medium,Yes,7,Yes,0,High,High,Neutral,2,Yes,High School,Near,Male,71,1.5068077238931974,1.3843625731478784,1,1
81,High,Medium,Yes,9,Yes,2,Medium,High,Negative,2,No,Postgraduate,Near,Male,68,-1.3312695773387537,0.759279849228336,1,1
75,Medium,Low,Yes,5,Yes,2,Medium,Medium,Neutral,2,No,Postgraduate,Near,Male,67,0.6720791058837999,-0.49088559861074893,1,2
63,Medium,Medium,No,6,Yes,1,Medium,Medium,Negative,4,No,College,Far,Female,63,-0.6634866829312358,1.3843625731478784,1,2
85,Low,Medium,No,6,Yes,2,Medium,Medium,Positive,3,No,College,Near,Female,71,1.6737534474950768,0.5509189412551552,1,1
83,Medium,Medium,Yes,6,Yes,1,High,Medium,Neutral,3,No,High School,Near,Male,72,2.007644894698836,1.1760016651746976,1,0
71,High,Medium,No,6,No,3,Medium,High,Positive,3,No,Postgraduate,Moderate,Female,66,-0.8304324065331153,-0.4214319626196886,1,2
96,Medium,Medium,Yes,7,Yes,1,Medium,Medium,Negative,4,No,High School,Near,Female,67,-0.4965409593293564,-1.7410510464498339,0,0
72,High,Medium,Yes,8,Yes,0,Low,Medium,Negative,4,No,College,Moderate,Female,66,0.8390248294856795,-1.1854219585213517,1,1
78,Low,Medium,No,8,Yes,4,High,Medium,Positive,4,Yes,College,Near,Male,68,-0.3295952357274769,1.4538162091389386,1,1
82,Low,Low,Yes,7,Yes,0,Medium,Medium,Neutral,3,No,College,Near,Female,64,0.004296211476282077,-1.6021437744677132,0,0
64,Medium,Medium,Yes,8,Yes,1,Medium,Medium,Positive,3,No,High School,Near,Male,65,0.004296211476282077,0.3425580332819744,0,2
97,High,Medium,Yes,10,Yes,0,Low,Low,Neutral,1,No,High School,Near,Male,66,-1.9990524717462717,-0.3519783266286284,1,2
75,High,High,Yes,7,Yes,1,Medium,High,Positive,4,No,College,Moderate,Male,69,0.004296211476282077,-0.2825246906375681,1,2
63,High,High,No,9,Yes,2,Medium,High,Negative,5,No,College,Moderate,Female,64,-0.6634866829312358,-0.3519783266286284,0,0
75,Low,High,Yes,8,Yes,1,Low,High,Positive,3,No,College,Near,Female,65,-0.4965409593293564,-1.532690138476653,1,1
84,High,Medium,Yes,10,Yes,3,Low,High,Neutral,4,No,Postgraduate,Far,Female,72,1.5068077238931974,-1.3243292305034722,1,2
81,High,Medium,No,8,Yes,1,Medium,High,Positive,3,No,College,Near,Male,65,-1.3312695773387537,-1.532690138476653,0,0
88,Low,High,Yes,6,Yes,2,Medium,High,Negative,4,No,College,Near,Female,70,0.8390248294856795,-1.532690138476653,1,1
62,Medium,Medium,Yes,7,Yes,2,Medium,High,Positive,3,No,Postgraduate,Moderate,Male,64,-0.3295952357274769,-1.4632365024855927,0,1
71,Medium,Low,Yes,7,Yes,1,Low,Low,Neutral,2,No,High School,Moderate,Male,62,-0.3295952357274769,0.6898262132372758,1,0
93,Medium,High,No,8,Yes,0,Low,Low,Neutral,3,No,High School,Near,Male,69,0.8390248294856795,-1.3243292305034722,0,2
63,High,Low,No,6,Yes,1,Medium,Low,Negative,2,No,Postgraduate,Moderate,Male,62,0.338187658680041,-0.8381537785660502,1,0
94,Low,Low,Yes,9,Yes,2,Low,Medium,Positive,2,No,High School,Near,Female,69,0.5051333822819205,0.5509189412551552,0,1
64,Medium,High,No,7,Yes,3,Medium,Medium,Positive,3,No,High School,Near,Male,66,1.005970553087559,-1.3243292305034722,1,1
93,Medium,High,Yes,8,Yes,2,Medium,Low,Positive,2,No,High School,Moderate,Female,71,-0.3295952357274769,1.4538162091389386,1,1
74,Medium,High,Yes,7,Yes,4,Low,Low,Positive,3,No,High School,Near,Male,66,-0.6634866829312358,-0.07416378266438728,0,0
84,High,Medium,No,7,No,0,Low,Low,Neutral,4,Yes,High School,Near,Male,64,-1.1643238537368743,1.5927234811210593,1,1
66,Medium,High,Yes,7,Yes,2,High,Medium,Negative,3,No,High School,Moderate,Female,63,-0.8304324065331153,-1.0465146865392312,0,2
63,Medium,High,No,8,Yes,1,Medium,Medium,Positive,3,No,College,Moderate,Male,69,3.0093192363101124,-1.6021437744677132,0,2
69,High,High,Yes,10,No,1,Medium,High,Positive,4,Yes,High School,Near,Female,68,1.1729162766894383,0.3425580332819744,1,1
65,High,High,Yes,4,Yes,0,Medium,High,Neutral,2,No,High School,Near,Female,63,-1.3312695773387537,-0.6297928705928695,1,1
72,Medium,Medium,Yes,8,Yes,1,High,Medium,Positive,3,No,College,Far,Male,64,-1.3312695773387537,0.27310439729091407,1,2
81,Medium,Low,Yes,7,Yes,0,Low,Medium,Neutral,0,No,Postgraduate,Near,Female,66,0.5051333822819205,-0.07416378266438728,1,1
84,Medium,High,Yes,7,Yes,1,High,Medium,Positive,4,No,High School,Near,Male,71,0.5051333822819205,-0.14361741865544755,1,1
92,High,Medium,Yes,4,Yes,0,High,Medium,Negative,4,No,High School,Near,Female,72,0.5051333822819205,1.2454553011657579,1,2
86,High,Medium,No,8,Yes,2,Low,High,Neutral,1,No,College,Near,Male,88,-0.3295952357274769,-1.0465146865392312,0,1
84,Medium,High,Yes,7,Yes,1,Low,Medium,Negative,2,No,College,Far,Male,66,-0.1626495121255974,-0.004710146673327003,1,0
76,Medium,Medium,Yes,6,Yes,0,Low,High,Neutral,2,No,High School,Moderate,Male,65,0.338187658680041,-0.2825246906375681,0,1
79,Low,Medium,Yes,7,Yes,2,Medium,Medium,Neutral,3,No,High School,Near,Male,66,0.17124193507816154,0.6203725772462154,0,0
77,Low,Medium,Yes,7,Yes,4,Low,Medium,Positive,2,No,College,Moderate,Female,62,-2.165998195348151,-1.532690138476653,0,2
94,Medium,Low,No,4,Yes,4,Low,High,Negative,3,No,High School,Moderate,Female,68,-0.1626495121255974,0.06474348931773327,0,1
69,Medium,Medium,Yes,7,Yes,2,Low,Medium,Neutral,5,No,Postgraduate,Near,Female,65,-0.8304324065331153,-0.07416378266438728,0,2
60,Low,High,No,8,Yes,0,Low,Low,Positive,3,No,High School,Near,Male,62,0.17124193507816154,1.6621771171121196,0,0
86,High,Medium,No,6,Yes,1,Low,High,Negative,4,No,High School,Moderate,Female,74,3.0093192363101124,0.8981871212104565,1,2
68,Medium,Low,Yes,7,Yes,0,Medium,Medium,Neutral,3,No,Postgraduate,Near,Male,64,0.338187658680041,-1.1854219585213517,1,1
96,High,High,No,7,Yes,2,Medium,High,Negative,2,No,High School,Near,Male,72,-0.3295952357274769,-0.004710146673327003,1,2
94,Medium,Medium,No,9,Yes,0,Low,Medium,Neutral,3,Yes,High School,Near,Female,70,1.005970553087559,0.9676407572015168,1,1
63,High,Medium,No,7,Yes,2,Medium,High,Positive,1,No,High School,Far,Male,65,0.5051333822819205,0.06474348931773327,1,1
64,Medium,High,Yes,8,Yes,3,Low,High,Neutral,3,No,High School,Near,Female,66,0.5051333822819205,-0.49088559861074893,1,0
80,Medium,Medium,Yes,7,Yes,0,Medium,High,Positive,3,No,College,Far,Male,67,0.6720791058837999,-0.4214319626196886,0,0
84,Medium,High,Yes,10,Yes,1,Low,Medium,Positive,5,No,High School,Near,Male,73,2.007644894698836,-0.49088559861074893,1,1
71,Medium,High,Yes,6,Yes,4,High,Medium,Positive,4,No,College,Moderate,Female,65,-1.1643238537368743,-1.6715974104587736,1,0
89,High,High,No,6,Yes,4,Medium,High,Neutral,3,No,College,Near,Female,74,0.5051333822819205,0.8287334852193963,0,1
84,Medium,Medium,No,7,Yes,0,High,Medium,Neutral,2,No,College,Near,Female,66,-0.9973781301349948,0.4120116692730346,1,1
73,Medium,Medium,No,6,Yes,1,High,Medium,Positive,3,No,High School,Near,Male,67,0.5051333822819205,-0.8381537785660502,1,1
61,Medium,Medium,No,5,No,0,Low,Medium,Neutral,0,No,High School,Near,Female,58,-0.9973781301349948,0.4814653052640949,1,0
90,High,High,No,8,Yes,2,Low,High,Positive,3,No,Postgraduate,Moderate,Male,71,-0.4965409593293564,-0.6992465065839297,1,1
69,Low,High,Yes,4,Yes,1,Medium,Low,Neutral,3,No,High School,Moderate,Male,63,-0.3295952357274769,-0.9076074145571106,1,2
93,Low,High,No,6,Yes,1,Medium,High,Positive,3,No,College,Near,Female,73,1.005970553087559,0.8287334852193963,1,1
77,High,Medium,Yes,5,Yes,1,Medium,Medium,Neutral,2,No,High School,Far,Female,68,1.005970553087559,1.0370943931925771,0,1
83,Low,Medium,Yes,7,Yes,4,Low,Medium,Negative,5,No,College,Near,Female,66,-1.1643238537368743,0.4120116692730346,1,1
95,Low,Medium,No,4,Yes,3,Low,Medium,Negative,3,Yes,High School,Near,Male,68,0.004296211476282077,0.9676407572015168,1,1
95,Medium,Low,No,8,No,2,Medium,High,Neutral,4,No,High School,Near,Female,66,-0.6634866829312358,-0.49088559861074893,1,0
75,Medium,High,No,8,Yes,1,Medium,High,Negative,3,No,High School,Near,Female,62,-1.3312695773387537,-1.4632365024855927,1,0
68,Medium,Medium,Yes,5,Yes,0,Medium,Medium,Neutral,3,Yes,High School,Moderate,Male,78,-0.1626495121255974,0.3425580332819744,1,1
91,Medium,Medium,No,7,Yes,1,Medium,Medium,Negative,4,No,College,Near,Male,68,-0.3295952357274769,-0.8381537785660502,1,1
77,High,High,Yes,8,Yes,5,High,Medium,Positive,4,No,College,Near,Female,77,2.508482065504474,0.9676407572015168,1,1
68,High,Low,Yes,8,Yes,1,Medium,Medium,Neutral,2,No,College,Near,Male,65,0.5051333822819205,-0.49088559861074893,1,1
96,High,High,Yes,5,Yes,3,High,Medium,Positive,4,No,Postgraduate,Near,Female,73,-1.3312695773387537,0.6203725772462154,1,0
68,Medium,Low,Yes,5,Yes,4,Low,Low,Positive,2,No,College,Near,Male,64,-0.4965409593293564,0.20365076129985382,1,1
61,Low,High,Yes,9,No,0,High,High,Positive,4,No,College,Near,Female,67,1.005970553087559,1.1065480291836374,0,1
61,High,Medium,No,6,Yes,1,Medium,Medium,Positive,4,No,High School,Near,Female,69,2.1745906183007153,1.1760016651746976,1,1
85,Low,Low,Yes,6,Yes,1,Low,Medium,Neutral,3,Yes,High School,Moderate,Male,60,-1.6651610245425126,-1.532690138476653,0,2
86,High,Medium,No,8,Yes,0,Medium,Medium,Positive,3,No,College,Near,Female,66,-1.8321067481443922,-0.6992465065839297,1,2
72,Low,High,Yes,5,Yes,2,Low,Low,Positive,2,No,High School,Near,Male,70,1.8406991710969562,1.3149089371568181,1,2
73,High,Medium,Yes,7,No,2,Low,Medium,Positive,3,No,College,Near,Male,66,0.338187658680041,-0.3519783266286284,1,0
74,High,Medium,Yes,8,Yes,1,Medium,Low,Neutral,4,No,High School,Far,Male,64,-0.8304324065331153,0.06474348931773327,1,1
87,Medium,High,No,5,Yes,1,High,Low,Neutral,4,No,College,Near,Male,70,0.5051333822819205,-1.1159683225302914,1,1
62,Medium,Medium,No,6,Yes,3,High,Medium,Neutral,2,No,High School,Far,Female,58,-2.6668353661537894,0.20365076129985382,1,2
97,Medium,High,Yes,5,Yes,0,Low,Medium,Negative,3,No,College,Far,Female,69,0.004296211476282077,-0.8381537785660502,1,1
69,Medium,Medium,Yes,6,Yes,0,High,High,Neutral,1,Yes,High School,Moderate,Male,64,0.338187658680041,1.1065480291836374,0,0
100,Low,Medium,No,9,Yes,2,Medium,Medium,Positive,4,No,High School,Near,Male,72,1.005970553087559,-1.0465146865392312,1,1
67,Medium,Medium,Yes,9,Yes,1,Low,Medium,Neutral,3,Yes,High School,Near,Male,60,-0.9973781301349948,-0.49088559861074893,1,0
91,Medium,Medium,Yes,7,Yes,2,High,Medium,Neutral,3,No,High School,Near,Female,70,0.17124193507816154,-1.3937828664945324,0,2
69,Medium,Low,Yes,8,Yes,1,High,Medium,Negative,1,No,Postgraduate,Moderate,Female,62,-0.9973781301349948,0.27310439729091407,1,1
63,Medium,Medium,Yes,8,Yes,1,High,High,Neutral,3,No,High School,Moderate,Female,66,0.338187658680041,1.523269845129999,1,1
95,Medium,Medium,Yes,6,Yes,0,Medium,Medium,Positive,5,No,High School,Far,Female,66,-0.8304324065331153,-1.1159683225302914,0,0
94,Low,Medium,Yes,7,Yes,1,Low,Medium,Neutral,3,Yes,College,Moderate,Male,65,-0.3295952357274769,-1.6715974104587736,1,1
76,High,Medium,Yes,5,Yes,1,Low,Medium,Negative,3,No,High School,Near,Male,64,-0.9973781301349948,-0.2825246906375681,1,1
88,High,Medium,Yes,6,Yes,1,High,Low,Positive,3,No,High School,Near,Female,72,0.6720791058837999,0.8287334852193963,0,1
82,Medium,Medium,Yes,7,Yes,3,Low,High,Neutral,2,No,High School,Near,Female,71,0.8390248294856795,1.6621771171121196,1,2
94,Low,High,No,5,Yes,1,Medium,Medium,Neutral,3,No,High School,Near,Female,68,-0.1626495121255974,-1.532690138476653,1,1
73,High,Medium,Yes,5,Yes,2,Medium,High,Positive,5,Yes,High School,Moderate,Female,68,0.004296211476282077,0.9676407572015168,1,1
81,Low,Medium,Yes,6,Yes,2,High,Medium,Negative,3,No,Postgraduate,Far,Female,64,-1.4982153009406332,-0.49088559861074893,0,2
79,Low,Medium,Yes,9,Yes,3,Medium,High,Negative,3,No,High School,Near,Female,65,-0.3295952357274769,-1.1854219585213517,1,1
74,Medium,High,Yes,9,No,1,Low,Medium,Positive,3,No,High School,Moderate,Female,64,0.004296211476282077,-1.0465146865392312,1,1
96,Medium,Low,No,7,Yes,1,Low,High,Positive,3,No,College,Moderate,Female,75,2.6754277891063536,1.4538162091389386,1,1
67,Low,Medium,Yes,8,Yes,2,Low,Medium,Negative,2,No,High School,Near,Male,61,-1.1643238537368743,1.0370943931925771,0,1
66,High,High,No,6,Yes,0,Medium,Medium,Negative,3,No,Postgraduate,Near,Male,68,1.5068077238931974,-0.6297928705928695,0,1
83,Medium,Medium,No,4,Yes,2,Low,High,Negative,4,No,College,Moderate,Male,70,1.005970553087559,1.523269845129999,1,0
86,High,Medium,No,6,Yes,5,High,Low,Negative,3,No,Postgraduate,Near,Female,71,0.338187658680041,-1.3937828664945324,0,1
68,Low,High,Yes,7,Yes,0,Low,Medium,Positive,3,No,High School,Near,Male,66,1.8406991710969562,-0.6297928705928695,1,0
76,High,Low,Yes,7,Yes,0,Low,Medium,Positive,1,No,College,Near,Male,66,0.338187658680041,0.5509189412551552,1,0
98,Medium,Medium,Yes,7,Yes,0,Low,Medium,Neutral,3,No,High School,Far,Male,70,0.338187658680041,1.7316307531031798,1,0
70,Low,Medium,No,7,Yes,0,Low,Medium,Negative,5,No,High School,Near,Female,62,0.004296211476282077,-0.14361741865544755,1,1
87,High,Low,Yes,6,Yes,4,High,Medium,Neutral,4,No,High School,Moderate,Male,72,1.1729162766894383,1.1065480291836374,1,0
90,High,Medium,No,8,Yes,0,Medium,Medium,Negative,4,No,High School,Moderate,Male,72,1.1729162766894383,1.4538162091389386,1,2
78,Low,Medium,Yes,5,Yes,2,Low,Medium,Positive,2,No,College,Moderate,Male,63,-0.6634866829312358,-1.7410510464498339,0,1
98,High,Low,Yes,8,No,5,Low,Medium,Neutral,5,No,College,Near,Female,69,-1.3312695773387537,-0.76870014257499,1,1
89,Medium,Medium,Yes,6,Yes,0,Medium,High,Positive,2,No,Postgraduate,Moderate,Male,68,-0.1626495121255974,-1.3937828664945324,1,1
78,High,High,Yes,10,Yes,0,Medium,Medium,Neutral,3,No,High School,Near,Male,67,-0.8304324065331153,0.9676407572015168,1,0
83,High,High,Yes,7,Yes,3,Low,Medium,Neutral,2,No,College,Near,Female,71,0.004296211476282077,0.20365076129985382,0,2
88,Low,Medium,Yes,6,No,2,Low,Medium,Positive,5,No,High School,Far,Male,67,1.1729162766894383,-1.3937828664945324,1,0
84,Low,Low,Yes,6,Yes,0,Medium,Medium,Negative,4,Yes,High School,Near,Male,62,-0.4965409593293564,-0.2825246906375681,0,0
95,Medium,Medium,No,6,Yes,0,Low,High,Positive,4,No,High School,Moderate,Female,69,0.004296211476282077,0.06474348931773327,0,1
74,High,Medium,Yes,8,Yes,2,Low,Medium,Positive,0,No,High School,Near,Male,67,0.004296211476282077,0.6898262132372758,1,1
72,Medium,High,Yes,7,Yes,2,Low,High,Positive,3,No,Postgraduate,Near,Female,71,0.8390248294856795,0.9676407572015168,1,1
69,Medium,High,Yes,8,Yes,1,Medium,High,Positive,2,No,High School,Far,Male,87,-2.165998195348151,-1.4632365024855927,1,2
62,Low,Medium,No,8,Yes,2,High,High,Neutral,3,No,High School,Moderate,Male,62,-0.6634866829312358,-0.07416378266438728,0,1
62,High,Low,Yes,7,Yes,2,Low,High,Positive,1,No,College,Near,Female,64,0.17124193507816154,-1.1854219585213517,1,1
95,Medium,High,No,8,Yes,3,Medium,Medium,Positive,2,No,High School,Far,Female,74,1.1729162766894383,0.8981871212104565,0,2
87,High,High,Yes,9,Yes,0,Low,High,Neutral,2,No,College,Moderate,Male,69,-0.4965409593293564,0.5509189412551552,1,1
86,High,Medium,No,8,Yes,1,Low,High,Neutral,1,No,High School,Near,Male,65,-1.8321067481443922,0.759279849228336,1,1
85,Low,Medium,Yes,7,No,2,Medium,Low,Neutral,3,No,College,Moderate,Female,66,0.6720791058837999,-1.4632365024855927,1,1
94,Medium,Medium,Yes,8,Yes,3,Medium,Medium,Negative,4,No,Postgraduate,Near,Female,70,-0.6634866829312358,0.06474348931773327,1,0
79,High,High,No,5,Yes,3,Medium,Medium,Neutral,3,No,High School,Near,Male,68,-1.1643238537368743,1.1760016651746976,1,1
95,Low,Low,No,10,Yes,4,High,Medium,Positive,2,No,College,Near,Female,70,-0.6634866829312358,0.759279849228336,1,1
74,High,High,No,8,Yes,1,Medium,Medium,Negative,3,No,High School,Near,Male,68,-0.1626495121255974,1.2454553011657579,1,2
97,High,Low,Yes,8,Yes,0,Low,High,Positive,3,No,High School,Near,Male,69,-0.6634866829312358,-1.0465146865392312,1,1
88,Medium,High,Yes,7,Yes,2,Medium,High,Neutral,4,No,Postgraduate,Moderate,Male,66,-2.165998195348151,-0.76870014257499,1,0
70,Medium,Medium,Yes,4,Yes,0,Low,Low,Neutral,4,No,College,Moderate,Male,65,0.8390248294856795,-0.21307105464650783,1,1
83,Medium,Medium,Yes,7,Yes,1,Medium,Medium,Positive,3,No,College,Near,Male,71,1.339862000291318,0.06474348931773327,1,1
81,Medium,Low,Yes,7,Yes,1,Low,Medium,Positive,3,No,High School,Moderate,Male,66,0.6720791058837999,-0.8381537785660502,1,1
66,Low,Medium,Yes,6,Yes,2,Low,Medium,Positive,4,No,High School,Near,Male,61,-1.1643238537368743,-0.4214319626196886,0,0
84,Medium,Medium,Yes,6,Yes,3,Medium,High,Neutral,2,No,Postgraduate,Moderate,Male,69,-0.1626495121255974,0.6203725772462154,1,1
73,Medium,Medium,No,6,Yes,1,Medium,High,Negative,3,No,College,Near,Male,65,0.004296211476282077,0.4814653052640949,0,0
62,Medium,Medium,Yes,8,Yes,0,Medium,Medium,Positive,2,No,College,Moderate,Male,63,0.6720791058837999,-1.3243292305034722,0,1
98,Medium,Low,Yes,9,Yes,2,Low,High,Neutral,2,No,Postgraduate,Far,Female,73,0.6720791058837999,1.6621771171121196,1,2
86,High,Medium,Yes,7,Yes,1,Low,Medium,Positive,4,No,Postgraduate,Moderate,Male,68,-0.6634866829312358,0.20365076129985382,0,0
95,Medium,Medium,Yes,6,Yes,1,High,Low,Positive,4,No,High School,Far,Female,70,0.004296211476282077,-0.07416378266438728,1,1
87,Medium,Medium,Yes,6,Yes,3,Medium,Medium,Neutral,3,No,College,Near,Male,72,0.5051333822819205,1.5927234811210593,1,1
74,High,Medium,Yes,7,No,3,Medium,Medium,Positive,2,No,High School,Moderate,Male,68,1.5068077238931974,-1.254875594512412,0,1
81,Medium,Medium,No,7,Yes,0,High,Medium,Positive,3,No,High School,Near,Male,68,0.6720791058837999,0.13419712530879355,0,1
87,High,Medium,Yes,8,Yes,1,Low,Medium,Negative,4,No,High School,Near,Female,71,0.8390248294856795,1.0370943931925771,1,1
98,Low,Low,Yes,6,Yes,1,Medium,Medium,Positive,3,No,High School,Moderate,Male,68,0.17124193507816154,-0.3519783266286284,1,1
70,High,Low,Yes,8,Yes,3,Low,Medium,Neutral,3,No,Postgraduate,Moderate,Male,70,1.339862000291318,0.8287334852193963,1,2
95,Medium,Low,Yes,8,No,2,Low,High,Neutral,4,No,High School,Near,Female,70,0.338187658680041,1.3843625731478784,0,1
97,High,Medium,Yes,6,Yes,2,Medium,Medium,Neutral,3,No,High School,Near,Female,69,-0.8304324065331153,-0.8381537785660502,1,0
87,High,Medium,Yes,4,Yes,2,Low,High,Positive,4,No,High School,Near,Female,73,1.339862000291318,-0.9076074145571106,1,2
97,Medium,Medium,Yes,6,Yes,1,Medium,High,Neutral,4,No,College,Near,Male,72,0.6720791058837999,-0.49088559861074893,1,0
76,Medium,High,No,9,Yes,0,Medium,High,Neutral,3,No,Postgraduate,Near,Male,67,-0.4965409593293564,-0.2825246906375681,1,1
98,High,Medium,No,4,Yes,2,Low,Low,Positive,3,No,High School,Near,Female,69,-0.4965409593293564,-1.3243292305034722,0,1
88,Low,Medium,Yes,9,Yes,1,High,Medium,Negative,3,No,College,Near,Male,68,0.338187658680041,-0.9076074145571106,0,1
62,High,Low,No,4,Yes,0,Medium,Low,Positive,3,No,Postgraduate,Far,Female,64,0.5051333822819205,1.3149089371568181,0,1
96,Low,High,Yes,6,Yes,2,Medium,High,Neutral,3,No,High School,Moderate,Female,71,0.17124193507816154,0.20365076129985382,0,0
79,High,Medium,Yes,6,Yes,1,Medium,High,Neutral,4,No,High School,Near,Female,68,0.338187658680041,-0.8381537785660502,1,1
78,Medium,High,Yes,10,Yes,1,Low,Low,Positive,2,No,High School,Far,Male,70,1.6737534474950768,1.523269845129999,0,1
83,Medium,High,Yes,7,Yes,3,Low,Medium,Positive,3,No,High School,Moderate,Male,72,1.005970553087559,0.9676407572015168,0,1
66,Low,High,Yes,7,Yes,2,Low,Medium,Positive,1,No,High School,Near,Female,65,0.17124193507816154,-0.49088559861074893,1,2
79,Medium,High,No,6,Yes,1,Low,High,Positive,3,Yes,College,Near,Male,70,1.005970553087559,0.8981871212104565,1,1
93,Medium,Medium,No,8,Yes,2,Low,Medium,Positive,4,No,Postgraduate,Near,Male,69,-0.9973781301349948,0.3425580332819744,0,0
61,Medium,Medium,No,6,Yes,0,Medium,Medium,Positive,2,No,Postgraduate,Near,Male,64,0.338187658680041,0.6203725772462154,1,0
71,Low,High,Yes,7,Yes,3,Low,Medium,Negative,1,No,High School,Near,Male,67,1.8406991710969562,-0.6297928705928695,0,1
60,High,High,Yes,6,Yes,1,Low,Medium,Positive,2,No,College,Near,Male,65,-0.1626495121255974,-1.0465146865392312,1,2
77,Low,Medium,Yes,8,Yes,0,Medium,Medium,Neutral,1,No,High School,Near,Female,62,-0.8304324065331153,-0.8381537785660502,1,1
89,High,Medium,No,8,Yes,2,Low,High,Positive,2,No,College,Moderate,Male,68,-0.6634866829312358,-1.4632365024855927,0,1
92,Medium,High,No,6,Yes,2,Low,Medium,Neutral,2,No,College,Near,Male,68,-1.1643238537368743,-0.07416378266438728,0,2
98,Medium,Medium,No,6,Yes,1,Medium,High,Positive,3,No,High School,Moderate,Male,68,-0.8304324065331153,-0.3519783266286284,0,0
84,Medium,Low,Yes,6,Yes,4,High,High,Negative,3,No,Postgraduate,Near,Male,68,-0.3295952357274769,-1.7410510464498339,0,1
70,Medium,Medium,Yes,7,Yes,1,Low,High,Neutral,4,No,High School,Far,Female,62,-1.3312695773387537,1.2454553011657579,1,1
97,Medium,Low,Yes,8,Yes,4,Medium,Medium,Positive,5,No,High School,Near,Female,72,0.004296211476282077,0.6203725772462154,1,0
91,Low,Medium,No,7,Yes,1,Medium,High,Neutral,3,No,College,Far,Male,69,0.8390248294856795,-0.21307105464650783,0,1
83,Medium,High,No,4,Yes,3,Low,High,Positive,3,No,High School,Moderate,Female,68,-0.8304324065331153,1.5927234811210593,1,0
88,Low,Medium,Yes,8,Yes,4,Low,High,Negative,3,Yes,College,Moderate,Male,71,1.5068077238931974,1.523269845129999,1,1
97,Low,High,Yes,5,Yes,0,Medium,Low,Neutral,3,No,High School,Moderate,Female,69,0.5051333822819205,-1.3937828664945324,1,1
88,Low,High,No,6,Yes,1,High,Medium,Positive,2,No,High School,Near,Male,71,1.005970553087559,0.4120116692730346,1,1
75,Medium,High,Yes,7,Yes,2,Low,Low,Positive,5,No,High School,Far,Male,65,-0.6634866829312358,1.1065480291836374,1,0
89,Medium,High,No,7,Yes,1,Low,Medium,Neutral,4,Yes,High School,Near,Male,68,0.8390248294856795,-1.1159683225302914,1,1
62,Medium,Medium,Yes,8,Yes,1,Low,High,Positive,4,Yes,High School,Near,Female,60,-1.1643238537368743,-1.3243292305034722,1,0
75,Medium,Medium,Yes,6,Yes,3,High,Medium,Neutral,4,No,High School,Near,Male,68,0.8390248294856795,-0.8381537785660502,0,0
76,Low,High,No,6,Yes,1,Medium,Medium,Neutral,4,No,High School,Near,Female,66,0.17124193507816154,-0.76870014257499,1,1
67,Medium,Medium,No,7,Yes,4,Low,Medium,Neutral,3,No,High School,Moderate,Male,66,0.5051333822819205,1.5927234811210593,0,0
61,Medium,Medium,Yes,8,Yes,4,Low,Medium,Neutral,4,No,High School,Far,Female,62,-1.1643238537368743,0.9676407572015168,0,0
65,Medium,Medium,No,8,Yes,2,Low,Medium,Negative,3,No,College,Near,Male,61,-0.8304324065331153,-1.532690138476653,1,1
86,High,Medium,No,7,Yes,2,Low,Medium,Negative,3,No,Postgraduate,Far,Female,69,0.6720791058837999,0.9676407572015168,1,0
92,Medium,High,Yes,9,Yes,1,High,Low,Positive,2,No,High School,Near,Male,69,-0.9973781301349948,-1.1854219585213517,1,2
100,Medium,Medium,Yes,9,Yes,4,High,High,Negative,3,No,Postgraduate,Near,Male,74,0.5051333822819205,-0.49088559861074893,0,1
74,Medium,High,Yes,8,Yes,1,Low,Medium,Negative,4,No,High School,Near,Female,62,-1.3312695773387537,-0.6297928705928695,1,0
84,Medium,Medium,Yes,5,Yes,0,Low,Medium,Negative,3,No,College,Moderate,Female,67,0.8390248294856795,-0.76870014257499,1,1
97,High,Medium,No,8,Yes,1,Low,Medium,Positive,2,No,High School,Near,Female,69,-1.1643238537368743,-0.6992465065839297,0,2
67,High,Low,Yes,7,Yes,1,Low,Medium,Positive,4,No,High School,Near,Male,66,0.5051333822819205,0.8981871212104565,0,1
89,Medium,High,Yes,6,Yes,2,High,Medium,Positive,3,No,College,Near,Male,72,0.6720791058837999,-0.8381537785660502,0,1
90,High,Low,No,6,Yes,2,High,Medium,Neutral,3,No,High School,Near,Male,69,-0.6634866829312358,1.0370943931925771,1,1
64,Medium,High,Yes,7,Yes,0,Medium,Medium,Positive,4,No,High School,Moderate,Male,65,0.5051333822819205,-1.3937828664945324,1,1
94,Medium,High,No,6,Yes,0,High,Medium,Positive,2,No,Postgraduate,Near,Male,72,0.338187658680041,0.3425580332819744,0,0
93,Low,Medium,Yes,7,Yes,2,Medium,Medium,Positive,4,No,High School,Near,Male,69,-0.4965409593293564,1.2454553011657579,0,0
61,Medium,High,No,7,Yes,3,Low,Medium,Positive,2,Yes,High School,Near,Female,60,-0.9973781301349948,-1.4632365024855927,1,1
64,High,Medium,No,7,Yes,0,High,Medium,Neutral,1,Yes,Postgraduate,Near,Female,61,-1.9990524717462717,0.4814653052640949,1,2
62,High,Low,No,8,Yes,1,Medium,Low,Neutral,3,No,High School,Near,Male,63,0.338187658680041,0.06474348931773327,1,1
73,Medium,Medium,No,7,No,3,Medium,High,Positive,5,Yes,Postgraduate,Near,Male,63,-1.4982153009406332,-0.5603392346018092,0,1
80,Medium,Medium,Yes,6,Yes,1,High,High,Negative,3,No,Postgraduate,Moderate,Male,68,0.17124193507816154,-1.3937828664945324,1,2
81,Medium,Medium,Yes,4,Yes,1,Medium,Medium,Positive,4,No,College,Near,Female,68,-0.3295952357274769,0.6203725772462154,0,0
71,High,Medium,No,8,Yes,1,Low,Medium,Negative,2,No,High School,Near,Male,65,0.6720791058837999,-0.6992465065839297,0,1
96,Medium,High,No,7,Yes,1,High,Medium,Positive,2,No,High School,Near,Female,71,-0.3295952357274769,-0.5603392346018092,1,1
75,Medium,Medium,Yes,7,Yes,1,Low,Medium,Negative,3,No,High School,Near,Male,64,-0.3295952357274769,0.759279849228336,0,0
62,Medium,Medium,No,9,Yes,1,Medium,Medium,Negative,2,No,Postgraduate,Near,Male,65,0.6720791058837999,1.523269845129999,0,1
72,High,Medium,Yes,5,Yes,2,Medium,Medium,Neutral,4,No,College,Near,Female,67,0.338187658680041,-0.5603392346018092,1,0
81,High,Medium,No,7,Yes,0,Low,Medium,Neutral,2,No,High School,Near,Female,67,0.338187658680041,0.8287334852193963,1,0
76,Low,Medium,Yes,6,Yes,1,Low,High,Neutral,3,No,College,Moderate,Male,67,0.5051333822819205,1.5927234811210593,1,1
71,Low,Medium,Yes,8,Yes,1,Low,Medium,Negative,3,No,College,Near,Female,87,-1.4982153009406332,-1.3937828664945324,1,1
65,High,High,Yes,4,Yes,1,High,Medium,Neutral,1,No,High School,Moderate,Female,67,0.8390248294856795,0.06474348931773327,0,2
93,High,Medium,Yes,8,Yes,4,Medium,Medium,Positive,2,Yes,High School,Near,Male,72,0.6720791058837999,-1.6715974104587736,0,2
100,Medium,Low,Yes,8,Yes,0,Low,High,Neutral,3,No,High School,Near,Female,69,-0.9973781301349948,1.1065480291836374,1,2
73,Medium,Medium,Yes,6,Yes,1,High,Medium,Positive,3,No,College,Moderate,Female,65,-0.1626495121255974,-0.76870014257499,1,0
75,High,Medium,Yes,7,Yes,1,Low,Medium,Positive,4,No,High School,Near,Female,66,0.004296211476282077,-0.5603392346018092,0,0
85,High,High,No,6,Yes,3,Medium,Medium,Negative,3,No,Postgraduate,Near,Male,70,-0.1626495121255974,0.6203725772462154,0,0
89,High,High,Yes,8,Yes,0,Medium,Medium,Neutral,3,No,High School,Moderate,Male,71,0.338187658680041,0.9676407572015168,0,1
76,Medium,High,Yes,8,No,1,Low,Low,Neutral,4,No,College,Moderate,Female,67,1.5068077238931974,-0.3519783266286284,1,0
96,High,Medium,No,5,Yes,0,Medium,High,Positive,2,No,High School,Far,Male,72,1.005970553087559,0.5509189412551552,1,1
82,Low,Medium,No,5,Yes,0,Low,High,Neutral,1,No,High School,Moderate,Male,63,-1.3312695773387537,1.5927234811210593,1,1
78,High,Low,Yes,9,Yes,0,Low,High,Neutral,4,No,High School,Moderate,Female,67,0.6720791058837999,1.3149089371568181,1,0
86,Low,Medium,No,10,Yes,6,Low,High,Neutral,2,No,High School,Near,Male,72,1.339862000291318,0.6898262132372758,1,1
98,Medium,Medium,No,8,Yes,1,High,Medium,Positive,1,Yes,Postgraduate,Near,Female,72,0.338187658680041,1.523269845129999,0,0
92,Medium,Medium,No,8,No,1,Low,Medium,Negative,4,No,College,Near,Female,70,1.1729162766894383,1.3149089371568181,0,1
62,High,Medium,No,7,Yes,0,Low,Medium,Positive,2,No,High School,Near,Female,67,2.007644894698836,0.759279849228336,1,0
73,Medium,Medium,No,7,Yes,0,Medium,High,Neutral,3,No,High School,Near,Female,68,1.005970553087559,1.4538162091389386,0,2
79,Low,Medium,Yes,8,Yes,1,Low,Medium,Positive,3,No,High School,Moderate,Male,67,0.17124193507816154,1.1065480291836374,1,2
73,High,High,No,7,Yes,3,Low,Medium,Positive,5,No,College,Near,Male,70,1.005970553087559,-0.004710146673327003,1,0
88,Medium,Low,No,9,No,1,Medium,High,Neutral,2,No,Postgraduate,Moderate,Female,67,0.17124193507816154,-0.004710146673327003,0,2
93,Medium,Medium,Yes,7,Yes,1,High,High,Positive,4,No,College,Near,Male,71,0.004296211476282077,-1.7410510464498339,1,1
89,High,Low,Yes,7,Yes,1,High,High,Positive,3,No,Postgraduate,Near,Female,69,-0.3295952357274769,-1.6021437744677132,1,1
100,Medium,Medium,Yes,7,No,3,Low,Medium,Negative,5,No,College,Near,Female,74,1.5068077238931974,0.8287334852193963,1,1
71,High,Low,No,7,Yes,0,Medium,Medium,Positive,3,No,High School,Near,Male,63,-0.8304324065331153,0.20365076129985382,0,1
95,Medium,Low,Yes,9,Yes,0,Medium,High,Neutral,2,No,High School,Near,Female,72,1.5068077238931974,0.8981871212104565,1,1
91,High,Low,Yes,7,Yes,2,Low,Medium,Neutral,3,No,College,Moderate,Male,71,0.5051333822819205,1.523269845129999,1,0
74,High,Medium,No,7,Yes,1,Low,Medium,Neutral,5,No,High School,Near,Male,64,-1.3312695773387537,-0.14361741865544755,1,1
89,Medium,Medium,Yes,7,Yes,1,High,Medium,Positive,3,No,High School,Near,Female,69,0.338187658680041,-1.4632365024855927,1,1
64,High,High,No,6,Yes,2,Low,Low,Positive,3,No,Postgraduate,Moderate,Female,62,-2.165998195348151,0.4120116692730346,0,1
92,Medium,Medium,Yes,5,No,1,Medium,Medium,Neutral,4,No,College,Near,Male,69,0.6720791058837999,-1.3937828664945324,1,1
81,High,Low,Yes,9,Yes,2,Low,Medium,Neutral,3,No,High School,Near,Male,68,0.8390248294856795,0.4120116692730346,1,0
72,High,Medium,Yes,9,Yes,6,Low,Low,Negative,3,No,High School,Near,Male,67,-0.6634866829312358,0.06474348931773327,1,2
86,Medium,Medium,Yes,9,Yes,2,Medium,Medium,Neutral,3,No,Postgraduate,Near,Male,71,0.17124193507816154,0.759279849228336,1,2
86,Medium,Medium,Yes,5,Yes,1,Medium,Medium,Negative,4,No,High School,Moderate,Male,70,2.007644894698836,-0.49088559861074893,1,0
68,High,Medium,No,9,Yes,2,Medium,Low,Neutral,3,No,High School,Moderate,Male,63,-0.4965409593293564,-1.254875594512412,1,1
61,Low,High,No,10,Yes,0,High,Medium,Negative,4,No,College,Moderate,Female,60,-0.9973781301349948,-0.9076074145571106,1,1
77,Medium,Medium,No,9,Yes,0,Low,High,Neutral,3,No,College,Near,Female,69,1.5068077238931974,0.6203725772462154,1,1
83,Medium,Medium,Yes,9,Yes,3,Low,Medium,Neutral,3,No,College,Moderate,Male,71,2.007644894698836,-0.07416378266438728,1,1
95,Low,Low,Yes,8,Yes,1,High,High,Positive,2,No,High School,Near,Male,69,0.004296211476282077,0.13419712530879355,1,1
97,High,Low,Yes,6,Yes,2,Medium,Medium,Positive,1,No,College,Near,Female,73,1.005970553087559,-0.6297928705928695,1,1
81,Medium,High,Yes,8,Yes,1,High,Medium,Positive,3,No,College,Near,Female,73,1.339862000291318,1.1760016651746976,1,1
90,Medium,Medium,No,5,Yes,1,Low,Medium,Positive,3,No,High School,Moderate,Female,68,-0.6634866829312358,1.7316307531031798,1,1
78,High,Medium,Yes,6,Yes,2,Low,Medium,Positive,4,No,College,Moderate,Male,67,-0.4965409593293564,-0.6297928705928695,1,1
90,Medium,High,No,7,Yes,2,Medium,Medium,Positive,3,No,College,Moderate,Male,74,1.1729162766894383,0.759279849228336,1,2
68,Medium,High,No,7,Yes,3,Low,Medium,Positive,3,No,College,Moderate,Male,68,1.6737534474950768,-1.1159683225302914,1,1
75,High,Medium,No,8,Yes,1,Medium,High,Positive,2,No,College,Near,Female,69,0.5051333822819205,0.8287334852193963,1,0
85,High,Medium,No,4,Yes,4,Low,High,Neutral,4,No,College,Near,Male,69,-0.8304324065331153,-0.21307105464650783,0,1
61,High,High,Yes,7,Yes,0,Low,Medium,Positive,4,Yes,College,Moderate,Female,68,2.007644894698836,0.3425580332819744,1,1
89,Low,High,No,8,Yes,1,Low,High,Positive,1,No,High School,Moderate,Male,66,-0.4965409593293564,-0.9076074145571106,1,1
93,Low,Low,Yes,8,Yes,3,Low,High,Negative,3,No,Postgraduate,Moderate,Male,69,-0.3295952357274769,1.2454553011657579,1,1
76,Medium,Medium,Yes,8,Yes,1,Low,Medium,Positive,2,No,College,Near,Female,66,0.338187658680041,-1.1159683225302914,1,1
78,Low,Medium,Yes,7,Yes,5,Low,Medium,Positive,4,No,College,Moderate,Male,72,1.5068077238931974,1.4538162091389386,1,2
94,Medium,Low,Yes,6,Yes,1,Medium,Medium,Negative,3,No,High School,Near,Female,69,0.8390248294856795,-1.532690138476653,1,0
91,Medium,Medium,Yes,8,Yes,1,Low,High,Positive,3,Yes,High School,Moderate,Male,68,0.338187658680041,-0.76870014257499,1,1
72,Medium,Medium,Yes,7,Yes,1,Low,Medium,Neutral,3,No,High School,Near,Male,66,0.5051333822819205,0.20365076129985382,0,1
73,Medium,Low,Yes,8,Yes,1,Low,High,Negative,4,No,High School,Far,Male,65,0.004296211476282077,1.2454553011657579,1,2
87,Medium,Medium,No,8,Yes,2,Low,High,Neutral,2,No,Postgraduate,Near,Male,71,0.5051333822819205,0.27310439729091407,1,2
83,Medium,Medium,Yes,7,Yes,2,Low,Medium,Negative,4,No,High School,Moderate,Male,61,-2.49988964255191,-0.9770610505481708,1,1
66,Low,Medium,Yes,6,Yes,1,Low,Medium,Neutral,3,Yes,College,Near,Female,63,-0.3295952357274769,1.2454553011657579,1,1
72,Medium,High,Yes,9,Yes,1,Medium,Medium,Neutral,3,No,High School,Near,Female,66,0.17124193507816154,0.3425580332819744,1,0
96,Medium,High,No,8,Yes,0,High,Medium,Neutral,2,No,Postgraduate,Near,Male,69,-1.1643238537368743,-0.9076074145571106,0,1
88,High,High,Yes,10,Yes,0,Medium,High,Positive,2,No,High School,Moderate,Male,71,0.338187658680041,0.20365076129985382,0,1
99,High,Medium,Yes,8,Yes,0,High,Medium,Positive,4,No,High School,Near,Female,73,-0.1626495121255974,0.6203725772462154,1,2
91,High,Medium,Yes,8,Yes,2,Low,Medium,Negative,2,No,High School,Near,Male,72,1.8406991710969562,0.6203725772462154,1,0
98,Medium,High,No,5,Yes,2,Medium,Medium,Negative,4,No,High School,Far,Male,73,1.5068077238931974,0.759279849228336,0,0
69,Low,High,Yes,7,Yes,1,Low,High,Positive,2,No,High School,Moderate,Male,65,-0.4965409593293564,1.3843625731478784,0,1
91,Low,High,Yes,7,Yes,1,High,High,Neutral,3,No,High School,Near,Female,71,-0.1626495121255974,1.1065480291836374,1,1
61,High,Medium,Yes,8,Yes,1,Low,High,Positive,3,No,High School,Near,Male,65,0.004296211476282077,0.3425580332819744,1,1
87,Medium,Medium,No,8,Yes,1,Medium,Medium,Positive,5,No,College,Near,Male,67,-0.4965409593293564,-1.6021437744677132,1,0
79,Medium,High,Yes,8,Yes,1,Low,High,Neutral,2,No,Postgraduate,Moderate,Male,69,0.17124193507816154,0.8287334852193963,1,1
74,Low,High,No,10,No,0,Low,Medium,Neutral,3,No,College,Moderate,Male,63,-0.8304324065331153,1.6621771171121196,0,0
94,Low,High,Yes,6,Yes,2,Medium,Medium,Neutral,2,No,Postgraduate,Moderate,Male,68,-1.1643238537368743,-0.6992465065839297,1,2
94,High,Low,Yes,8,No,1,Low,Medium,Neutral,4,No,High School,Near,Female,70,0.6720791058837999,0.3425580332819744,1,2
61,Medium,Medium,Yes,8,Yes,1,Low,Medium,Positive,4,No,High School,Moderate,Female,64,0.6720791058837999,0.8981871212104565,0,0
84,Medium,Medium,No,10,Yes,1,High,Low,Negative,2,Yes,High School,Near,Male,64,-0.8304324065331153,0.4814653052640949,0,1
75,Low,High,Yes,8,Yes,1,Low,Medium,Neutral,0,No,College,Near,Male,68,0.8390248294856795,1.4538162091389386,0,2
77,Medium,High,Yes,8,Yes,0,High,Low,Neutral,2,No,College,Moderate,Female,65,-0.6634866829312358,-0.07416378266438728,0,1
93,High,Medium,No,8,Yes,0,High,Medium,Neutral,1,No,High School,Near,Female,70,0.338187658680041,0.13419712530879355,1,1
72,Medium,Medium,Yes,8,Yes,0,Medium,Medium,Positive,2,No,Postgraduate,Near,Male,66,0.8390248294856795,-1.6021437744677132,0,0
98,High,Low,Yes,9,Yes,1,Low,Medium,Positive,2,No,High School,Moderate,Female,70,0.004296211476282077,1.3843625731478784,1,0
67,Medium,Medium,Yes,6,Yes,3,Low,High,Neutral,3,No,High School,Near,Male,66,0.5051333822819205,-0.8381537785660502,0,2
87,Medium,Medium,No,6,Yes,2,Low,Medium,Neutral,2,No,Postgraduate,Near,Male,69,-0.4965409593293564,1.6621771171121196,0,1
87,High,High,No,10,Yes,2,Medium,Low,Positive,3,No,High School,Moderate,Male,69,-0.1626495121255974,-1.0465146865392312,0,2
70,High,High,No,4,Yes,1,Low,Medium,Neutral,3,No,College,Far,Female,64,-0.1626495121255974,-0.8381537785660502,0,1
73,Medium,Medium,Yes,7,Yes,1,Low,High,Positive,3,No,High School,Moderate,Male,64,-0.6634866829312358,-0.07416378266438728,1,0
93,Low,Medium,Yes,7,Yes,1,Medium,Medium,Positive,3,No,High School,Near,Female,69,-0.1626495121255974,0.5509189412551552,1,1
90,Medium,Medium,Yes,7,Yes,3,Medium,Medium,Negative,3,No,High School,Near,Female,67,-1.4982153009406332,-0.21307105464650783,1,2
73,Low,Medium,Yes,9,Yes,2,Medium,Medium,Positive,3,Yes,College,Near,Female,63,-0.4965409593293564,-0.49088559861074893,1,0
81,Low,High,Yes,8,Yes,1,Medium,High,Positive,3,No,College,Moderate,Male,67,-0.3295952357274769,0.13419712530879355,1,0
62,Medium,High,No,6,Yes,3,Medium,Medium,Neutral,1,No,College,Near,Male,65,-0.3295952357274769,1.5927234811210593,0,0
68,Medium,Medium,Yes,6,Yes,2,Low,Medium,Positive,1,No,High School,Moderate,Female,64,-0.1626495121255974,1.5927234811210593,1,0
79,High,Medium,No,7,Yes,3,High,Medium,Negative,3,No,College,Near,Female,68,0.004296211476282077,-0.6297928705928695,1,0
63,Low,Medium,Yes,9,Yes,0,High,Medium,Neutral,3,No,High School,Near,Female,64,0.5051333822819205,0.6203725772462154,1,2
94,High,Medium,No,7,No,2,Low,Medium,Negative,4,No,College,Moderate,Male,70,0.8390248294856795,0.759279849228336,0,0
89,High,Medium,Yes,7,Yes,0,Low,High,Positive,4,No,Postgraduate,Moderate,Male,70,-0.6634866829312358,0.5509189412551552,1,2
98,High,Low,Yes,6,Yes,1,High,Low,Negative,3,No,College,Moderate,Female,67,-1.1643238537368743,-1.3243292305034722,1,1
88,High,High,Yes,8,Yes,2,Medium,Medium,Positive,3,No,College,Far,Male,69,-0.9973781301349948,0.13419712530879355,1,1
98,High,Medium,No,7,Yes,2,Low,High,Negative,4,No,High School,Far,Male,70,-0.4965409593293564,0.8981871212104565,0,1
82,High,High,No,6,Yes,5,Medium,High,Negative,3,No,College,Near,Male,69,-0.3295952357274769,-1.0465146865392312,1,1
84,Medium,Low,Yes,9,Yes,1,Medium,High,Negative,3,No,College,Moderate,Male,65,-0.8304324065331153,-0.5603392346018092,0,1
99,Medium,High,Yes,10,Yes,0,Low,Low,Negative,1,No,High School,Moderate,Male,66,-1.3312695773387537,-1.0465146865392312,1,1
86,High,High,Yes,7,Yes,2,Medium,Medium,Neutral,3,No,High School,Moderate,Male,70,-0.4965409593293564,1.3149089371568181,1,1
61,Medium,Low,Yes,7,Yes,1,Low,High,Negative,5,No,High School,Near,Male,63,0.17124193507816154,1.2454553011657579,0,0
89,Low,Medium,No,5,Yes,3,High,Medium,Positive,3,No,High School,Near,Female,69,0.6720791058837999,-1.1854219585213517,1,1
96,High,High,Yes,8,Yes,4,Low,Low,Positive,4,No,Postgraduate,Near,Male,74,-0.4965409593293564,0.8981871212104565,0,1
92,Medium,Medium,Yes,8,Yes,2,High,High,Positive,3,No,High School,Near,Male,70,-0.3295952357274769,-0.49088559861074893,0,0
83,High,Medium,No,7,Yes,1,Low,Medium,Neutral,3,No,High School,Near,Female,66,-0.9973781301349948,0.6203725772462154,1,1
87,Low,High,Yes,6,Yes,0,Low,Medium,Positive,3,Yes,Postgraduate,Near,Male,68,0.004296211476282077,-0.004710146673327003,1,1
100,Medium,Low,No,10,Yes,2,Medium,Medium,Negative,5,No,High School,Far,Male,67,-0.8304324065331153,-0.07416378266438728,1,1
64,Medium,Medium,Yes,8,Yes,2,Medium,Medium,Positive,5,No,High School,Moderate,Female,66,0.5051333822819205,1.3149089371568181,0,0
87,High,Medium,No,6,Yes,0,Low,Medium,Negative,3,No,College,Near,Female,65,-1.8321067481443922,0.4814653052640949,1,1
71,Low,Medium,Yes,8,Yes,3,High,High,Positive,2,No,College,Near,Male,66,-0.3295952357274769,-0.9076074145571106,1,1
86,High,Medium,Yes,7,Yes,1,High,Medium,Positive,4,No,High School,Moderate,Male,69,0.338187658680041,-1.3243292305034722,0,1
84,Low,Medium,No,7,Yes,2,Low,Low,Neutral,4,No,High School,Moderate,Female,67,0.17124193507816154,1.523269845129999,1,1
66,Low,High,Yes,8,Yes,1,Medium,Medium,Positive,3,No,College,Far,Male,69,2.6754277891063536,-1.1854219585213517,1,2
68,Medium,Medium,No,4,Yes,2,Medium,Medium,Neutral,3,No,Postgraduate,Far,Female,66,0.338187658680041,0.8287334852193963,1,2
85,Medium,Medium,No,4,Yes,2,High,Medium,Negative,1,Yes,High School,Far,Female,64,-0.9973781301349948,-0.004710146673327003,1,2
65,Medium,Medium,No,9,Yes,1,Medium,Medium,Positive,2,Yes,High School,Near,Female,61,-0.1626495121255974,-1.254875594512412,1,0
71,Low,High,Yes,7,Yes,0,Low,Medium,Negative,2,No,High School,Near,Male,61,-1.8321067481443922,0.9676407572015168,1,1
93,Medium,Medium,Yes,6,Yes,1,Medium,High,Negative,4,No,College,Moderate,Male,70,0.004296211476282077,1.3843625731478784,1,0
73,Medium,High,No,5,Yes,1,Medium,Medium,Positive,2,No,Postgraduate,Near,Female,65,-0.8304324065331153,-1.3243292305034722,1,1
80,High,Low,No,7,Yes,1,Medium,Medium,Neutral,3,No,College,Moderate,Male,67,0.8390248294856795,-1.532690138476653,0,1
98,Low,Medium,No,7,Yes,0,High,Medium,Positive,0,No,College,Near,Male,69,-0.4965409593293564,1.1760016651746976,0,1
69,Medium,Low,Yes,9,Yes,2,Medium,Low,Negative,5,No,High School,Moderate,Female,63,-0.1626495121255974,-0.004710146673327003,1,1
76,Medium,Medium,No,8,Yes,1,High,High,Neutral,4,No,High School,Near,Male,66,-0.6634866829312358,0.6203725772462154,1,2
84,High,Medium,Yes,7,Yes,3,Medium,Medium,Positive,2,No,High School,Near,Male,73,1.6737534474950768,-0.21307105464650783,1,1
90,High,High,No,8,No,0,Low,Medium,Neutral,3,No,High School,Near,Female,68,-0.3295952357274769,-0.2825246906375681,1,2
96,High,High,Yes,9,Yes,0,Low,Medium,Positive,2,No,High School,Far,Male,74,1.8406991710969562,-0.6992465065839297,0,2
97,Low,Medium,Yes,8,Yes,0,Medium,Medium,Neutral,3,No,High School,Near,Male,70,0.8390248294856795,0.20365076129985382,1,1
91,High,Low,Yes,8,Yes,0,Medium,Medium,Positive,2,No,High School,Far,Male,68,0.5051333822819205,-1.1854219585213517,1,1
69,High,High,No,7,Yes,1,High,Medium,Positive,4,Yes,High School,Moderate,Female,67,0.338187658680041,0.759279849228336,1,0
61,High,Medium,No,6,Yes,1,Medium,Medium,Positive,4,No,Postgraduate,Moderate,Male,65,0.338187658680041,0.13419712530879355,1,0
75,Medium,Medium,No,5,Yes,5,High,High,Positive,4,No,High School,Moderate,Male,66,-1.9990524717462717,1.1760016651746976,1,1
66,High,Medium,Yes,5,Yes,0,Low,Medium,Neutral,5,No,High School,Moderate,Female,64,-0.3295952357274769,1.4538162091389386,1,1
88,Medium,Medium,Yes,8,Yes,1,High,High,Neutral,4,No,High School,Near,Female,72,0.8390248294856795,1.3843625731478784,1,0
86,Medium,Medium,Yes,8,Yes,2,Medium,Medium,Neutral,2,No,College,Near,Male,70,0.004296211476282077,0.3425580332819744,1,2
62,Medium,Medium,Yes,9,Yes,1,Low,Medium,Neutral,2,No,College,Moderate,Female,60,-1.3312695773387537,-0.6297928705928695,0,1
93,Medium,Medium,Yes,8,Yes,1,Low,Low,Neutral,3,No,High School,Moderate,Male,68,0.004296211476282077,-0.49088559861074893,1,1
70,Medium,High,Yes,9,Yes,1,High,Medium,Neutral,2,No,Postgraduate,Near,Female,71,1.6737534474950768,0.5509189412551552,0,1
77,Medium,Medium,Yes,7,Yes,1,High,Medium,Neutral,3,No,High School,Moderate,Male,68,1.1729162766894383,0.759279849228336,1,0
87,High,Medium,Yes,8,Yes,2,Low,Medium,Negative,2,Yes,Postgraduate,Near,Male,67,0.004296211476282077,-1.1854219585213517,1,0
77,Medium,Medium,Yes,5,Yes,1,Low,High,Positive,5,No,High School,Near,Female,70,1.005970553087559,1.7316307531031798,0,0
78,Medium,High,No,7,Yes,0,High,Medium,Negative,3,No,High School,Near,Male,65,-0.3295952357274769,-1.3937828664945324,1,2
63,Medium,Medium,No,4,Yes,0,Low,Medium,Positive,3,No,College,Near,Male,60,-1.6651610245425126,0.3425580332819744,1,1
76,High,Low,No,7,No,2,High,Medium,Positive,4,No,College,Near,Male,65,-0.9973781301349948,0.13419712530879355,1,0
91,Medium,Medium,No,9,Yes,0,Low,High,Negative,4,No,High School,Near,Female,70,1.5068077238931974,0.3425580332819744,1,0
97,Low,Low,Yes,7,Yes,4,Low,Low,Neutral,4,No,Postgraduate,Near,Male,69,-0.3295952357274769,0.13419712530879355,0,1
77,High,Low,No,8,Yes,1,Low,Medium,Positive,3,No,High School,Near,Male,64,-0.1626495121255974,-1.532690138476653,0,1
77,Low,Medium,No,7,Yes,2,High,High,Positive,3,Yes,High School,Near,Male,67,-0.3295952357274769,1.7316307531031798,0,1
88,Low,Medium,Yes,6,Yes,2,High,Low,Negative,3,No,Postgraduate,Near,Male,73,1.8406991710969562,1.6621771171121196,1,0
98,Medium,High,No,7,Yes,1,Low,Medium,Neutral,3,No,College,Near,Male,74,1.6737534474950768,0.06474348931773327,1,2
71,Medium,Low,Yes,9,Yes,0,Medium,Medium,Positive,4,Yes,High School,Near,Male,67,2.1745906183007153,-1.0465146865392312,1,1
78,Low,High,Yes,8,Yes,2,High,Medium,Positive,1,No,High School,Near,Male,66,-0.1626495121255974,-1.1159683225302914,1,1
92,Medium,Medium,No,6,Yes,4,High,Medium,Neutral,4,Yes,High School,Near,Male,69,0.338187658680041,-1.532690138476653,1,1
84,High,Medium,No,5,Yes,1,Low,Medium,Negative,3,No,High School,Moderate,Female,64,-1.4982153009406332,0.4120116692730346,0,0
64,Medium,High,Yes,7,Yes,0,High,Medium,Positive,2,No,Postgraduate,Near,Female,69,1.5068077238931974,-0.07416378266438728,1,1
85,Low,High,Yes,6,Yes,1,Low,Medium,Positive,3,No,High School,Near,Female,66,-1.1643238537368743,-0.2825246906375681,1,1
67,High,Medium,Yes,7,Yes,1,Medium,High,Neutral,2,Yes,High School,Near,Male,65,0.17124193507816154,0.06474348931773327,0,1
80,Medium,Medium,Yes,5,Yes,1,Medium,Medium,Positive,3,No,High School,Near,Female,67,-1.1643238537368743,1.3149089371568181,0,2
81,Medium,High,No,9,Yes,3,Medium,High,Negative,3,No,Postgraduate,Moderate,Male,67,-0.6634866829312358,-1.4632365024855927,1,1
95,Medium,Medium,No,7,Yes,0,Low,Medium,Neutral,3,No,High School,Near,Female,68,-0.8304324065331153,0.13419712530879355,0,2
78,Medium,Low,No,7,Yes,4,Medium,Medium,Neutral,2,Yes,High School,Near,Male,65,-0.6634866829312358,0.6898262132372758,1,1
71,Medium,Low,Yes,6,Yes,4,Medium,Medium,Positive,3,Yes,Postgraduate,Near,Male,66,-0.4965409593293564,1.6621771171121196,1,0
69,High,Medium,Yes,7,Yes,2,Low,Medium,Neutral,3,No,College,Near,Male,65,-0.4965409593293564,0.8287334852193963,1,0
95,Medium,Medium,Yes,7,No,0,Low,High,Neutral,3,No,Postgraduate,Near,Male,71,0.8390248294856795,0.13419712530879355,1,2
67,Medium,High,Yes,6,Yes,0,Low,Medium,Neutral,3,No,College,Moderate,Female,63,-1.1643238537368743,0.8981871212104565,1,1
77,High,Low,Yes,7,Yes,2,High,High,Positive,4,No,College,Near,Female,70,0.17124193507816154,1.7316307531031798,1,0
67,High,High,Yes,9,Yes,0,High,Low,Positive,2,No,College,Near,Female,70,1.1729162766894383,1.3149089371568181,1,2
91,Low,Medium,Yes,4,Yes,3,Low,Medium,Neutral,4,No,College,Moderate,Female,67,-0.4965409593293564,-1.4632365024855927,1,2
79,High,Medium,Yes,7,Yes,2,High,High,Positive,2,No,High School,Moderate,Male,68,-0.6634866829312358,0.27310439729091407,1,2
74,Medium,Low,Yes,6,No,0,High,Medium,Neutral,2,No,High School,Moderate,Male,63,-0.1626495121255974,0.9676407572015168,1,1
74,Medium,High,Yes,9,Yes,3,High,Medium,Negative,3,No,College,Near,Female,70,1.1729162766894383,0.6203725772462154,0,0
94,Medium,Medium,No,7,No,1,Low,High,Neutral,2,No,Postgraduate,Near,Male,69,0.17124193507816154,-0.2825246906375681,0,0
82,Medium,Medium,Yes,5,Yes,1,Medium,Low,Positive,3,No,High School,Near,Female,66,-0.4965409593293564,-0.6297928705928695,1,1
89,Low,High,No,7,Yes,2,Low,High,Neutral,2,No,Postgraduate,Moderate,Male,70,0.5051333822819205,0.4120116692730346,1,1
96,Medium,High,No,8,Yes,1,Medium,Low,Positive,3,No,High School,Near,Male,68,-1.1643238537368743,-0.2825246906375681,1,0
96,Medium,Medium,No,10,Yes,0,High,Medium,Negative,4,No,High School,Near,Female,70,0.6720791058837999,-0.3519783266286284,1,1
73,Low,High,Yes,4,Yes,0,Low,Medium,Positive,4,No,Postgraduate,Moderate,Male,67,0.338187658680041,1.1760016651746976,1,1
98,Medium,High,Yes,5,Yes,0,Medium,Medium,Negative,0,No,Postgraduate,Near,Male,69,-0.3295952357274769,-0.6297928705928695,0,1
61,High,Low,Yes,9,Yes,2,Medium,High,Positive,2,No,Postgraduate,Near,Male,64,-0.8304324065331153,0.4814653052640949,1,1
75,High,Medium,No,5,No,1,Low,Medium,Negative,3,Yes,High School,Moderate,Female,62,-0.8304324065331153,1.3149089371568181,1,0
96,Medium,Medium,No,7,Yes,1,Low,Medium,Positive,2,No,Postgraduate,Moderate,Male,71,0.5051333822819205,0.4120116692730346,0,1
71,High,Medium,Yes,6,Yes,2,Medium,High,Neutral,4,No,High School,Near,Male,69,1.1729162766894383,-0.004710146673327003,0,1
71,Medium,High,Yes,6,Yes,0,High,High,Neutral,1,No,High School,Far,Male,62,-0.6634866829312358,-1.6021437744677132,1,0
72,Low,Medium,Yes,7,Yes,0,Medium,Medium,Positive,4,No,High School,Near,Male,66,0.5051333822819205,0.6203725772462154,1,2
84,Medium,High,Yes,7,Yes,3,Low,Medium,Negative,4,Yes,High School,Moderate,Male,64,-2.165998195348151,1.7316307531031798,0,0
78,Low,High,No,9,Yes,3,Low,Medium,Negative,3,No,Postgraduate,Moderate,Male,66,-0.6634866829312358,1.0370943931925771,1,1
89,High,Medium,Yes,9,Yes,2,High,High,Neutral,3,No,College,Near,Female,72,0.004296211476282077,0.4814653052640949,1,1
96,High,High,Yes,8,Yes,3,Medium,Medium,Negative,3,No,College,Near,Female,71,-0.8304324065331153,-0.14361741865544755,0,1
87,Medium,High,Yes,7,Yes,0,Low,Medium,Neutral,3,No,High School,Far,Male,65,-0.9973781301349948,-0.9770610505481708,1,1
68,Medium,Medium,Yes,7,Yes,1,Medium,Medium,Positive,2,No,College,Near,Female,65,-0.6634866829312358,0.6898262132372758,1,1
97,Medium,High,Yes,8,Yes,1,Low,Medium,Negative,3,No,High School,Near,Male,70,0.338187658680041,-1.1159683225302914,1,1
71,Medium,High,Yes,9,Yes,1,High,Medium,Positive,4,No,High School,Near,Male,68,-0.1626495121255974,1.3149089371568181,0,2
66,High,Low,Yes,8,Yes,0,Low,Medium,Negative,2,Yes,College,Moderate,Male,57,-2.165998195348151,-0.49088559861074893,1,2
64,Medium,High,No,9,Yes,4,Low,Low,Neutral,4,Yes,High School,Far,Male,59,-2.165998195348151,-0.3519783266286284,1,2
83,Low,Low,Yes,6,Yes,0,Medium,High,Neutral,4,No,College,Near,Male,64,-0.6634866829312358,-0.9770610505481708,1,1
65,High,Medium,Yes,9,Yes,2,Medium,High,Neutral,3,No,College,Moderate,Male,67,0.5051333822819205,-0.07416378266438728,0,1
66,Low,High,No,8,Yes,2,Low,High,Neutral,3,No,Postgraduate,Near,Female,60,-2.6668353661537894,0.6203725772462154,1,0
72,High,High,Yes,6,Yes,3,Low,High,Positive,2,No,Postgraduate,Far,Male,67,-0.4965409593293564,-0.6992465065839297,1,0
71,Medium,High,Yes,7,Yes,2,Low,Low,Negative,2,No,College,Near,Female,65,-0.4965409593293564,0.6898262132372758,0,0
84,Medium,Medium,Yes,7,Yes,1,Medium,High,Negative,3,No,College,Near,Male,71,1.339862000291318,0.4120116692730346,1,1
93,Low,Medium,Yes,7,Yes,0,Low,Medium,Neutral,2,No,College,Near,Male,67,-0.3295952357274769,-0.4214319626196886,1,1
90,Medium,Medium,Yes,7,Yes,0,Low,Medium,Positive,1,No,Postgraduate,Near,Male,69,0.338187658680041,-0.6297928705928695,1,0
70,High,Medium,Yes,5,Yes,1,Low,Medium,Neutral,3,No,College,Near,Male,68,0.17124193507816154,1.2454553011657579,1,2
70,Medium,Medium,Yes,6,Yes,0,High,Medium,Neutral,1,No,High School,Moderate,Female,59,-2.165998195348151,-1.6715974104587736,0,1
99,High,High,No,7,No,3,Medium,Medium,Positive,3,No,College,Near,Female,75,0.8390248294856795,0.759279849228336,1,0
60,Medium,Medium,Yes,6,Yes,0,Medium,Low,Negative,4,Yes,High School,Far,Male,59,0.17124193507816154,-0.2825246906375681,1,0
95,High,Medium,No,6,Yes,0,Medium,High,Neutral,3,No,High School,Moderate,Female,71,0.5051333822819205,0.759279849228336,1,0
68,High,Low,No,9,Yes,3,Medium,High,Negative,2,No,High School,Moderate,Female,71,4.01099357792139,-0.004710146673327003,0,0
98,Medium,Medium,No,7,Yes,0,Medium,High,Neutral,2,No,High School,Near,Female,66,-2.165998195348151,-1.4632365024855927,0,2
74,Medium,Low,No,10,Yes,1,High,Medium,Positive,2,No,High School,Moderate,Male,69,1.6737534474950768,1.6621771171121196,0,1
78,High,Medium,Yes,7,No,4,Low,High,Neutral,4,Yes,College,Moderate,Female,65,-0.3295952357274769,-1.4632365024855927,1,0
88,Medium,Medium,Yes,9,Yes,3,Low,Medium,Negative,2,No,College,Moderate,Male,68,0.338187658680041,-1.1854219585213517,0,0
84,High,Low,No,7,Yes,5,Low,High,Positive,2,No,High School,Far,Female,68,0.004296211476282077,-0.2825246906375681,0,1
73,Medium,Medium,Yes,6,Yes,1,Medium,High,Positive,3,No,High School,Near,Male,67,-0.4965409593293564,1.523269845129999,1,2
82,High,Medium,Yes,7,Yes,1,Medium,Medium,Positive,5,No,High School,Near,Male,68,-0.4965409593293564,-0.6992465065839297,1,1
89,Low,Medium,Yes,9,Yes,0,Medium,Medium,Positive,3,No,High School,Moderate,Male,68,0.338187658680041,0.20365076129985382,1,1
62,High,Medium,Yes,7,Yes,3,High,Medium,Neutral,3,Yes,High School,Moderate,Male,88,-1.4982153009406332,0.06474348931773327,0,2
60,Medium,High,Yes,8,Yes,1,Medium,High,Neutral,2,No,College,Near,Female,66,0.8390248294856795,-0.5603392346018092,1,1
78,High,Low,Yes,7,Yes,3,Low,Low,Negative,2,No,College,Near,Male,67,-0.3295952357274769,0.6898262132372758,1,2
65,Medium,High,No,7,Yes,2,Medium,High,Neutral,4,No,High School,Moderate,Male,63,-1.1643238537368743,-0.004710146673327003,0,0
87,Medium,High,Yes,7,Yes,3,Low,Medium,Neutral,4,Yes,High School,Near,Female,68,-0.4965409593293564,0.27310439729091407,1,1
69,High,Low,No,6,Yes,2,Medium,High,Positive,1,Yes,High School,Near,Male,65,1.339862000291318,-0.9770610505481708,1,0
77,High,Medium,Yes,7,Yes,1,Low,Low,Positive,3,No,College,Near,Male,67,-0.4965409593293564,1.4538162091389386,0,1
68,High,High,Yes,8,No,3,Medium,Medium,Positive,1,No,Postgraduate,Near,Male,67,0.338187658680041,-1.3243292305034722,0,1
82,Medium,Medium,Yes,7,Yes,1,High,Medium,Neutral,4,No,High School,Near,Male,67,-0.6634866829312358,0.6898262132372758,1,1
65,Medium,Low,No,7,Yes,1,Low,High,Positive,3,No,High School,Far,Male,64,0.8390248294856795,1.3149089371568181,1,0
61,Medium,Medium,No,8,Yes,1,Low,Medium,Neutral,2,Yes,High School,Moderate,Male,61,0.6720791058837999,-1.4632365024855927,1,1
62,Medium,Medium,Yes,7,Yes,2,Medium,Medium,Neutral,1,No,College,Far,Female,65,1.8406991710969562,-1.6715974104587736,1,1
98,Low,High,Yes,7,Yes,1,Medium,Medium,Negative,4,No,High School,Moderate,Female,70,-0.1626495121255974,-0.5603392346018092,0,2
66,Medium,High,No,8,Yes,0,Medium,High,Positive,2,No,College,Near,Male,67,0.6720791058837999,0.9676407572015168,1,1
88,High,Low,No,7,Yes,1,Low,Medium,Positive,2,No,High School,Moderate,Male,68,0.17124193507816154,0.759279849228336,0,1
63,Medium,Medium,Yes,7,Yes,1,Low,Medium,Positive,1,No,High School,Far,Male,65,1.339862000291318,1.1065480291836374,0,1
64,High,Medium,Yes,8,Yes,3,High,High,Negative,3,No,High School,Far,Female,63,-0.6634866829312358,-0.3519783266286284,0,0
80,Medium,High,No,7,Yes,1,High,High,Neutral,3,No,Postgraduate,Moderate,Male,72,0.6720791058837999,1.7316307531031798,1,1
79,High,Medium,Yes,7,Yes,2,High,High,Negative,1,No,College,Near,Female,68,-0.1626495121255974,-0.49088559861074893,1,1
98,Medium,High,Yes,7,Yes,2,Medium,Medium,Positive,4,No,High School,Near,Male,73,0.004296211476282077,1.0370943931925771,1,1
98,High,Medium,Yes,7,Yes,0,Medium,Medium,Positive,3,Yes,College,Near,Female,71,0.17124193507816154,-0.49088559861074893,1,2
91,Medium,High,No,5,Yes,3,Low,High,Neutral,2,No,Postgraduate,Far,Male,70,0.338187658680041,-0.9770610505481708,1,1
84,High,Medium,Yes,7,Yes,0,Medium,Low,Positive,3,No,Postgraduate,Near,Female,68,-0.1626495121255974,-0.5603392346018092,1,0
78,Medium,High,No,10,Yes,3,High,Medium,Negative,5,No,High School,Moderate,Male,68,0.17124193507816154,-1.0465146865392312,1,1
74,Medium,Medium,No,6,Yes,2,Low,High,Neutral,3,No,Postgraduate,Near,Female,68,1.5068077238931974,-1.3243292305034722,1,0
98,Low,High,Yes,6,Yes,1,Low,Medium,Neutral,1,No,Postgraduate,Moderate,Male,71,1.005970553087559,-0.49088559861074893,0,1
84,Medium,Medium,Yes,10,Yes,4,Medium,Medium,Positive,2,No,College,Near,Male,70,0.8390248294856795,-1.254875594512412,1,0
83,High,Medium,No,6,Yes,2,Medium,Medium,Positive,3,Yes,High School,Near,Male,67,-0.4965409593293564,-0.004710146673327003,1,1
69,Low,Medium,Yes,9,Yes,0,High,Medium,Neutral,3,No,College,Near,Female,61,-0.8304324065331153,-1.6021437744677132,1,1
62,High,Low,Yes,7,Yes,1,Medium,Medium,Neutral,3,No,College,Moderate,Female,64,1.005970553087559,-0.21307105464650783,1,0
98,Low,Medium,No,7,Yes,1,Medium,Medium,Negative,4,No,Postgraduate,Near,Male,72,0.8390248294856795,1.5927234811210593,1,1
73,High,Medium,No,7,Yes,1,Low,High,Positive,4,Yes,High School,Moderate,Male,67,1.5068077238931974,-0.49088559861074893,0,0
78,High,Low,Yes,8,Yes,1,Medium,Medium,Negative,3,No,College,Near,Male,65,-0.6634866829312358,-1.254875594512412,1,2
65,Medium,Low,Yes,5,Yes,1,High,Medium,Positive,6,No,College,Moderate,Female,64,-0.1626495121255974,-0.6992465065839297,1,2
93,Low,Medium,Yes,7,Yes,0,Low,Medium,Positive,2,No,High School,Near,Female,66,-1.6651610245425126,1.0370943931925771,0,1
61,Medium,Medium,No,6,Yes,1,Medium,High,Positive,2,No,High School,Moderate,Female,62,-0.3295952357274769,-0.6297928705928695,1,1
93,Low,Medium,No,4,Yes,2,Low,Medium,Neutral,3,No,High School,Near,Male,70,1.005970553087559,-0.4214319626196886,1,1
66,Medium,Medium,Yes,9,No,1,Medium,High,Positive,4,No,High School,Moderate,Female,64,-0.4965409593293564,0.9676407572015168,1,1
95,Medium,Low,No,4,Yes,3,Low,Medium,Positive,3,No,High School,Near,Female,70,0.6720791058837999,-0.8381537785660502,1,0
89,Medium,Low,No,10,Yes,1,Low,Medium,Positive,2,No,High School,Moderate,Female,66,-0.1626495121255974,-0.07416378266438728,1,1
67,Low,High,Yes,8,Yes,0,Medium,High,Negative,3,No,High School,Far,Male,62,0.338187658680041,-1.532690138476653,1,1
83,Low,Low,No,5,Yes,4,Low,Medium,Neutral,2,No,High School,Near,Female,63,-1.1643238537368743,-1.1159683225302914,0,2
73,Low,Medium,Yes,9,Yes,2,Medium,Medium,Positive,3,No,College,Near,Male,66,0.17124193507816154,-1.0465146865392312,1,2
67,Medium,Medium,No,6,Yes,1,Low,Medium,Positive,2,No,College,Moderate,Male,58,-3.0007268133575487,-0.14361741865544755,0,0
94,Medium,High,Yes,6,Yes,1,Low,Medium,Negative,3,No,High School,Moderate,Male,70,-0.1626495121255974,1.1065480291836374,1,1
76,Medium,Low,No,4,Yes,1,High,Low,Neutral,6,No,College,Near,Male,63,-1.6651610245425126,-0.49088559861074893,0,1
76,Medium,High,Yes,6,Yes,0,Medium,High,Neutral,1,No,High School,Near,Male,70,1.1729162766894383,-0.4214319626196886,1,2
67,High,Medium,Yes,6,Yes,1,Low,Medium,Negative,3,No,High School,Near,Male,65,0.8390248294856795,-0.6992465065839297,1,1
75,Medium,Low,Yes,8,Yes,5,Medium,Low,Neutral,3,No,High School,Near,Male,67,0.5051333822819205,-0.6297928705928695,1,1
95,High,Medium,No,9,No,1,Low,Medium,Positive,2,No,Postgraduate,Near,Female,73,1.5068077238931974,-0.3519783266286284,0,1
75,Medium,Medium,Yes,5,Yes,0,Medium,Medium,Positive,3,No,College,Moderate,Male,82,-0.9973781301349948,1.3843625731478784,1,1
98,Low,Medium,No,7,Yes,0,Low,Medium,Positive,2,No,High School,Near,Male,71,1.6737534474950768,-1.6715974104587736,1,2
98,Medium,Medium,Yes,4,Yes,1,Low,Medium,Positive,4,No,Postgraduate,Near,Male,73,1.005970553087559,0.4120116692730346,1,0
66,Medium,High,No,7,Yes,1,High,Medium,Positive,4,No,High School,Moderate,Female,65,-0.1626495121255974,1.3149089371568181,1,0
67,High,Medium,Yes,10,Yes,1,Low,High,Neutral,3,No,High School,Near,Female,67,1.1729162766894383,-0.2825246906375681,1,1
95,Medium,Medium,Yes,4,No,1,Low,High,Neutral,4,No,College,Moderate,Male,67,-1.1643238537368743,0.5509189412551552,1,0
76,High,High,Yes,5,Yes,4,Medium,Medium,Neutral,4,No,Postgraduate,Moderate,Female,69,-0.8304324065331153,0.27310439729091407,1,1
60,Medium,High,Yes,8,Yes,0,Low,Medium,Neutral,3,No,High School,Near,Male,61,-0.6634866829312358,-0.5603392346018092,1,0
71,Medium,Low,No,8,Yes,3,Medium,High,Positive,4,No,High School,Near,Female,64,-0.4965409593293564,-1.254875594512412,0,1
84,Low,High,No,6,Yes,1,High,Medium,Positive,2,No,College,Far,Male,64,-0.9973781301349948,-0.9770610505481708,1,0
92,Low,Medium,Yes,9,Yes,2,Low,Medium,Negative,2,No,College,Far,Male,68,1.1729162766894383,-1.532690138476653,1,0
65,Medium,Low,No,6,Yes,1,Medium,Medium,Positive,1,Yes,College,Near,Male,62,-0.3295952357274769,0.8981871212104565,0,1
64,Medium,Medium,Yes,10,Yes,5,Medium,Medium,Neutral,3,Yes,High School,Near,Male,66,0.338187658680041,0.13419712530879355,1,2
97,High,Low,Yes,8,Yes,1,Low,Medium,Neutral,4,No,College,Near,Male,70,-0.4965409593293564,0.9676407572015168,1,1
90,High,Medium,Yes,9,Yes,3,Medium,Medium,Positive,3,No,High School,Near,Female,67,-1.8321067481443922,-0.6992465065839297,1,0
84,Medium,Medium,Yes,8,Yes,2,Medium,Medium,Positive,2,No,College,Near,Female,70,0.338187658680041,1.0370943931925771,1,1
91,Medium,Medium,No,8,Yes,0,Medium,Medium,Positive,4,No,High School,Moderate,Male,65,-1.8321067481443922,-0.6992465065839297,1,2
77,Low,Medium,No,8,Yes,1,Medium,High,Positive,4,No,College,Moderate,Male,65,0.004296211476282077,-1.3243292305034722,1,1
90,Medium,High,Yes,9,Yes,3,Medium,Medium,Positive,3,No,Postgraduate,Near,Male,70,-1.3312695773387537,0.13419712530879355,1,1
75,High,Medium,Yes,7,Yes,1,Medium,Medium,Neutral,3,No,College,Moderate,Male,72,2.007644894698836,1.523269845129999,0,2
70,Medium,Medium,No,6,Yes,0,Low,Medium,Neutral,2,No,College,Near,Female,65,0.8390248294856795,-0.2825246906375681,1,0
89,High,High,Yes,7,Yes,1,Medium,Medium,Positive,2,No,High School,Near,Male,71,0.17124193507816154,0.06474348931773327,1,1
77,High,High,Yes,6,Yes,3,Medium,High,Negative,3,No,College,Near,Female,71,1.339862000291318,-0.14361741865544755,0,0
99,Medium,High,Yes,6,Yes,1,High,High,Negative,5,No,Postgraduate,Near,Male,72,-0.8304324065331153,-0.14361741865544755,1,2
74,Low,Low,No,9,Yes,0,Medium,Low,Positive,4,No,Postgraduate,Near,Male,64,0.5051333822819205,-0.9770610505481708,1,0
97,Medium,Medium,No,8,Yes,2,High,High,Neutral,1,No,College,Moderate,Male,72,0.17124193507816154,-0.2825246906375681,1,2
97,Low,Medium,No,8,Yes,1,Medium,Medium,Positive,4,No,Postgraduate,Near,Male,71,0.338187658680041,-0.004710146673327003,0,1
70,Medium,Medium,Yes,9,Yes,0,Low,Medium,Neutral,3,No,High School,Moderate,Male,66,1.339862000291318,0.8287334852193963,1,0
92,High,Low,No,8,Yes,3,Medium,Medium,Positive,3,No,College,Near,Female,71,0.6720791058837999,-1.254875594512412,0,1
77,Medium,Medium,Yes,10,Yes,2,Medium,Low,Neutral,2,No,High School,Near,Male,67,0.338187658680041,0.27310439729091407,1,2
97,High,High,No,4,Yes,1,Low,High,Neutral,2,No,Postgraduate,Near,Male,69,-1.6651610245425126,0.5509189412551552,1,0
78,High,Medium,Yes,6,Yes,0,Medium,Medium,Positive,5,No,College,Moderate,Female,67,-0.9973781301349948,-0.4214319626196886,1,2
90,High,Medium,Yes,6,Yes,0,High,Medium,Neutral,4,No,Postgraduate,Near,Male,71,-0.1626495121255974,0.13419712530879355,1,1
79,Medium,Low,No,5,Yes,1,High,Medium,Positive,2,No,High School,Moderate,Female,66,0.17124193507816154,0.759279849228336,0,0
69,High,High,No,7,Yes,1,Medium,Low,Positive,2,No,High School,Far,Male,62,-1.1643238537368743,-0.14361741865544755,0,0
68,Medium,Medium,No,7,Yes,0,Medium,Medium,Neutral,2,No,High School,Moderate,Male,67,2.3415363419025947,-0.5603392346018092,0,2
77,Medium,Low,Yes,10,Yes,2,Low,Medium,Negative,4,No,Postgraduate,Near,Female,70,1.5068077238931974,1.1065480291836374,1,2
90,High,High,No,8,Yes,0,Low,Medium,Neutral,3,No,College,Moderate,Female,72,0.6720791058837999,1.6621771171121196,1,2
84,High,High,No,6,Yes,3,Medium,Medium,Neutral,2,No,High School,Near,Male,69,0.004296211476282077,-0.9770610505481708,0,1
88,Medium,High,No,8,Yes,1,Medium,Medium,Neutral,3,No,High School,Moderate,Male,70,-0.1626495121255974,1.3149089371568181,1,2
71,High,High,No,4,Yes,0,Medium,Medium,Negative,3,No,High School,Near,Female,64,-0.9973781301349948,0.13419712530879355,1,1
79,Medium,Medium,Yes,7,No,1,Medium,Medium,Negative,3,No,High School,Near,Male,65,0.004296211476282077,-0.21307105464650783,1,0
62,Medium,High,Yes,7,Yes,2,Medium,Medium,Negative,2,No,High School,Near,Male,66,0.338187658680041,1.3843625731478784,1,1
93,Low,Medium,No,6,Yes,2,High,Medium,Negative,3,No,High School,Near,Female,68,-1.1643238537368743,1.4538162091389386,0,2
100,Medium,Medium,Yes,7,Yes,2,Low,Medium,Positive,3,No,College,Near,Female,72,0.338187658680041,-0.76870014257499,0,1
76,Medium,Low,Yes,6,Yes,2,High,Medium,Positive,3,No,High School,Moderate,Female,65,-0.1626495121255974,-0.49088559861074893,1,1
60,Medium,Low,Yes,6,Yes,3,Low,High,Neutral,2,No,High School,Moderate,Female,60,-1.8321067481443922,1.2454553011657579,0,1
67,Medium,Medium,No,8,Yes,0,High,High,Negative,4,No,Postgraduate,Near,Female,63,-0.8304324065331153,-0.004710146673327003,1,1
86,Low,Low,Yes,9,Yes,3,Low,High,Positive,3,No,High School,Near,Female,66,-0.3295952357274769,-0.76870014257499,1,0
84,Low,Medium,Yes,8,Yes,1,Medium,Medium,Positive,4,No,Postgraduate,Near,Female,73,1.8406991710969562,1.5927234811210593,1,0
92,Medium,Medium,Yes,6,Yes,4,Low,Medium,Positive,4,No,College,Near,Male,71,0.5051333822819205,-0.9770610505481708,1,0
70,Medium,Medium,Yes,6,Yes,1,Low,Medium,Negative,2,Yes,High School,Far,Male,59,-1.3312695773387537,0.4120116692730346,1,0
91,Medium,Low,Yes,6,Yes,5,Low,High,Neutral,3,No,High School,Moderate,Female,70,0.5051333822819205,-0.2825246906375681,1,1
88,Medium,Low,Yes,7,Yes,1,Medium,Low,Neutral,3,Yes,College,Near,Female,63,-1.4982153009406332,-0.14361741865544755,0,0
73,Medium,Medium,No,6,Yes,1,Medium,Low,Positive,4,No,Postgraduate,Near,Male,67,1.005970553087559,-1.3937828664945324,1,1
82,Low,Medium,Yes,9,Yes,2,Low,Medium,Neutral,2,No,College,Moderate,Male,65,-0.4965409593293564,-0.8381537785660502,0,1
66,Medium,Low,No,7,Yes,5,Medium,Low,Positive,4,No,College,Moderate,Female,64,-0.1626495121255974,-1.1854219585213517,1,1
78,High,Medium,No,8,Yes,2,Low,Medium,Positive,2,No,Postgraduate,Near,Male,71,1.339862000291318,0.8287334852193963,1,0
95,Medium,High,Yes,5,Yes,2,High,Medium,Negative,2,No,College,Near,Male,70,-1.3312695773387537,0.6898262132372758,1,1
77,Medium,Low,Yes,6,Yes,2,Medium,Low,Neutral,2,No,High School,Near,Female,63,-1.3312695773387537,1.0370943931925771,1,1
94,Low,Medium,No,8,Yes,3,Low,High,Neutral,2,No,High School,Near,Female,68,-0.6634866829312358,0.6898262132372758,1,1
84,Medium,Medium,Yes,8,No,1,Medium,Medium,Negative,2,No,College,Near,Female,67,1.005970553087559,-1.3243292305034722,1,1
68,Medium,High,Yes,5,Yes,1,High,Medium,Neutral,4,No,Postgraduate,Near,Female,66,-1.4982153009406332,1.6621771171121196,1,1
83,High,Low,Yes,7,Yes,2,Medium,High,Positive,5,No,High School,Moderate,Male,63,-2.8337810897556692,-1.1159683225302914,1,0
80,Medium,Medium,Yes,7,Yes,0,Medium,Medium,Negative,5,Yes,College,Near,Female,65,-0.4965409593293564,-0.49088559861074893,0,1
76,Medium,High,Yes,6,Yes,2,Low,Medium,Positive,3,Yes,High School,Far,Male,66,0.5051333822819205,0.6898262132372758,1,0
65,Medium,Medium,Yes,8,Yes,2,Low,Low,Negative,4,No,Postgraduate,Near,Female,65,1.1729162766894383,-1.254875594512412,1,1
77,Low,Medium,Yes,5,Yes,2,Medium,High,Neutral,4,No,High School,Near,Male,65,-0.4965409593293564,-1.1159683225302914,0,1
63,High,Low,No,6,Yes,2,Medium,High,Neutral,2,Yes,High School,Near,Male,63,-0.3295952357274769,1.3149089371568181,1,1
64,Medium,High,No,8,Yes,0,Low,Medium,Positive,3,No,High School,Near,Male,65,1.1729162766894383,-0.5603392346018092,1,1
77,Low,High,Yes,7,Yes,1,Low,High,Neutral,4,Yes,High School,Far,Male,62,-1.8321067481443922,0.5509189412551552,0,1
72,Medium,Medium,Yes,7,Yes,1,Medium,Medium,Positive,3,No,College,Near,Female,66,-0.3295952357274769,1.2454553011657579,1,1
97,Medium,Low,No,7,Yes,1,High,Medium,Negative,3,No,Postgraduate,Near,Female,71,0.17124193507816154,1.6621771171121196,1,1
75,Low,Low,Yes,8,Yes,2,Low,Medium,Positive,2,No,High School,Far,Female,64,0.5051333822819205,-0.9770610505481708,1,2
90,Medium,Medium,Yes,8,Yes,0,Medium,Medium,Neutral,4,No,College,Near,Female,67,-0.4965409593293564,-1.3243292305034722,0,0
81,Medium,Medium,No,8,Yes,1,High,Medium,Neutral,3,No,High School,Near,Male,68,0.004296211476282077,0.8287334852193963,0,1
88,Medium,Medium,No,7,Yes,3,Low,Medium,Negative,3,No,College,Near,Female,63,-2.49988964255191,-1.1159683225302914,1,1
70,Low,Medium,Yes,6,Yes,0,High,High,Negative,3,No,College,Near,Female,64,-0.6634866829312358,0.27310439729091407,1,2
98,High,High,Yes,6,Yes,1,Low,High,Neutral,1,No,Postgraduate,Near,Female,74,0.5051333822819205,0.13419712530879355,1,1
81,Low,Medium,Yes,5,Yes,2,High,High,Positive,4,No,Postgraduate,Near,Male,68,-0.9973781301349948,0.20365076129985382,1,1
93,Medium,Medium,Yes,6,No,1,Medium,High,Positive,3,Yes,High School,Moderate,Female,68,0.004296211476282077,0.4814653052640949,1,0
75,High,High,Yes,6,No,2,Medium,Low,Neutral,3,No,Postgraduate,Moderate,Female,69,0.5051333822819205,1.2454553011657579,1,1
64,Low,Medium,Yes,9,Yes,4,Low,Medium,Negative,4,Yes,High School,Near,Male,61,-0.3295952357274769,-0.76870014257499,1,1
87,Low,High,Yes,5,Yes,1,Low,Medium,Positive,2,No,High School,Near,Female,69,0.17124193507816154,0.20365076129985382,0,2
60,Low,Low,Yes,9,Yes,3,High,High,Positive,3,No,High School,Near,Female,61,-0.9973781301349948,-0.5603392346018092,1,0
79,Medium,High,Yes,7,Yes,3,High,Medium,Positive,3,Yes,High School,Near,Male,67,-0.1626495121255974,-0.6297928705928695,1,0
68,Low,High,No,7,Yes,0,Low,Low,Neutral,4,No,High School,Near,Female,63,0.6720791058837999,-1.6715974104587736,0,1
85,Medium,Medium,No,8,Yes,3,Low,High,Positive,3,Yes,College,Moderate,Female,68,0.17124193507816154,0.3425580332819744,1,1
99,Medium,Medium,No,5,No,0,Low,Medium,Neutral,5,No,College,Moderate,Female,68,-0.6634866829312358,1.6621771171121196,0,0
79,Medium,Low,Yes,6,Yes,2,High,Medium,Neutral,1,No,High School,Near,Male,67,0.17124193507816154,0.8981871212104565,1,0
93,Low,Medium,Yes,5,Yes,1,High,Medium,Negative,3,No,College,Moderate,Female,69,0.6720791058837999,-0.9076074145571106,0,2
80,High,Medium,No,6,Yes,2,Low,Medium,Neutral,3,No,High School,Near,Male,64,-1.9990524717462717,0.759279849228336,1,1
80,Low,Low,No,6,Yes,1,Low,Medium,Positive,4,No,Postgraduate,Near,Male,67,1.1729162766894383,-0.6992465065839297,1,0
97,Medium,High,No,9,Yes,1,High,Medium,Neutral,3,Yes,High School,Near,Female,70,-0.3295952357274769,0.8981871212104565,1,0
96,Low,High,Yes,6,Yes,5,Low,Medium,Negative,4,No,High School,Near,Female,72,0.5051333822819205,1.2454553011657579,1,0
91,Low,High,No,4,Yes,1,High,High,Neutral,2,No,High School,Moderate,Female,71,1.1729162766894383,-0.5603392346018092,0,1
72,Medium,Medium,No,6,Yes,1,Low,Medium,Positive,3,No,College,Near,Male,62,-1.3312695773387537,-1.7410510464498339,1,2
82,Medium,Medium,Yes,8,Yes,2,Low,Medium,Positive,5,Yes,Postgraduate,Near,Male,67,-0.6634866829312358,-0.6992465065839297,0,2
69,Medium,High,Yes,9,Yes,3,Low,Medium,Negative,2,No,College,Far,Female,64,-0.3295952357274769,-1.0465146865392312,1,1
78,Medium,Medium,Yes,7,Yes,0,Medium,Low,Neutral,2,No,High School,Near,Male,64,-0.8304324065331153,0.4120116692730346,1,1
79,High,Medium,No,6,Yes,1,Low,Medium,Negative,4,No,Postgraduate,Near,Female,70,1.6737534474950768,-0.6992465065839297,1,1
93,Medium,Medium,Yes,7,Yes,3,Low,Medium,Negative,5,No,College,Near,Female,68,-0.8304324065331153,-1.6021437744677132,1,1
96,Medium,Medium,No,8,Yes,1,Medium,Medium,Neutral,3,No,Postgraduate,Near,Female,70,-0.4965409593293564,0.13419712530879355,1,1
77,Medium,Low,Yes,5,Yes,1,Medium,High,Negative,3,No,High School,Far,Male,65,0.17124193507816154,1.3149089371568181,1,0
61,Low,Low,No,7,Yes,2,High,Medium,Positive,2,No,High School,Near,Female,59,-1.1643238537368743,-0.14361741865544755,1,0
94,Medium,Medium,Yes,7,Yes,1,Medium,High,Positive,2,No,High School,Far,Female,69,-0.3295952357274769,-0.4214319626196886,1,1
67,Medium,Medium,Yes,7,Yes,2,Low,High,Positive,3,No,Postgraduate,Near,Male,67,0.338187658680041,-1.1159683225302914,1,2
85,Medium,High,No,7,Yes,2,Low,Medium,Positive,4,No,High School,Near,Male,68,-0.3295952357274769,-0.4214319626196886,0,1
61,Medium,Medium,No,6,Yes,1,Medium,Medium,Positive,1,No,College,Near,Male,62,-0.1626495121255974,-0.5603392346018092,1,0
76,High,Medium,No,8,No,0,High,Medium,Neutral,4,No,High School,Moderate,Male,65,-0.4965409593293564,1.7316307531031798,0,0
99,High,Medium,Yes,7,Yes,0,High,High,Neutral,5,No,College,Near,Female,69,-1.4982153009406332,-1.6021437744677132,0,1
64,Medium,Medium,Yes,7,Yes,3,Low,Medium,Neutral,4,No,Postgraduate,Moderate,Female,65,0.338187658680041,-0.9076074145571106,0,1
77,High,Low,Yes,5,Yes,1,Medium,Medium,Neutral,2,No,High School,Near,Female,68,1.8406991710969562,-1.532690138476653,1,2
72,High,Low,Yes,8,Yes,4,Low,High,Positive,2,No,High School,Near,Male,68,0.004296211476282077,1.2454553011657579,1,1
96,High,Medium,Yes,6,No,3,Medium,Medium,Negative,3,No,High School,Near,Female,71,0.17124193507816154,-0.2825246906375681,1,2
95,Medium,Low,Yes,9,Yes,3,Low,Low,Positive,4,No,High School,Moderate,Male,71,0.6720791058837999,1.0370943931925771,1,1
70,High,Medium,No,5,Yes,1,High,Medium,Positive,3,No,Postgraduate,Near,Female,66,-1.3312695773387537,0.6898262132372758,1,2
63,Medium,High,Yes,8,Yes,4,Low,Medium,Positive,3,No,Postgraduate,Near,Female,71,1.6737534474950768,1.4538162091389386,0,1
85,Medium,Medium,No,4,Yes,2,Low,Medium,Neutral,3,No,College,Near,Female,66,0.17124193507816154,-1.6715974104587736,1,0
73,High,Low,No,4,Yes,0,Low,Low,Positive,4,No,High School,Moderate,Female,66,1.6737534474950768,-1.0465146865392312,0,1
87,High,High,Yes,6,Yes,2,Medium,High,Neutral,1,No,High School,Near,Female,69,-0.6634866829312358,0.6898262132372758,1,1
61,Medium,Medium,No,4,Yes,0,Low,Low,Positive,3,No,High School,Moderate,Female,65,1.8406991710969562,0.27310439729091407,1,1
65,High,Low,Yes,8,Yes,2,Low,Medium,Negative,3,No,Postgraduate,Near,Female,66,0.8390248294856795,0.6898262132372758,1,1
87,Medium,Low,No,7,Yes,2,Medium,Medium,Neutral,2,No,High School,Far,Male,67,0.5051333822819205,0.27310439729091407,1,1
68,Medium,Medium,No,9,Yes,1,High,High,Negative,4,No,Postgraduate,Moderate,Female,66,0.17124193507816154,0.27310439729091407,0,0
94,Medium,Medium,No,7,Yes,0,Medium,Medium,Neutral,3,No,High School,Near,Female,69,-0.1626495121255974,1.523269845129999,1,1
62,High,Low,No,7,Yes,2,Low,Medium,Neutral,4,No,High School,Near,Male,66,1.1729162766894383,1.4538162091389386,1,1
69,High,Medium,Yes,7,Yes,0,Low,Medium,Negative,3,No,Postgraduate,Near,Male,64,0.17124193507816154,-1.6021437744677132,1,0
100,High,High,Yes,6,Yes,0,Low,High,Positive,2,No,Postgraduate,Near,Female,70,-1.9990524717462717,-0.2825246906375681,1,1
77,Low,Medium,Yes,6,No,1,Medium,Low,Neutral,4,No,College,Moderate,Male,62,-1.1643238537368743,0.06474348931773327,0,0
88,Low,Medium,Yes,5,Yes,1,Low,Low,Positive,5,No,High School,Moderate,Male,67,-0.1626495121255974,-0.49088559861074893,1,2
67,Low,Medium,No,8,Yes,1,Medium,Low,Negative,2,Yes,College,Moderate,Female,60,0.338187658680041,-1.6021437744677132,1,1
84,Low,Low,No,7,Yes,1,High,Medium,Neutral,3,No,Postgraduate,Near,Female,66,0.004296211476282077,-0.07416378266438728,1,0
89,Medium,Medium,Yes,7,Yes,0,Medium,High,Positive,2,No,High School,Near,Female,72,1.1729162766894383,1.6621771171121196,1,1
73,Medium,High,Yes,10,Yes,2,Medium,Medium,Positive,3,No,High School,Near,Male,63,-1.9990524717462717,-1.4632365024855927,1,1
93,Low,Low,Yes,6,Yes,1,High,Medium,Negative,3,No,Postgraduate,Near,Male,69,0.17124193507816154,1.1065480291836374,1,0
84,High,High,Yes,7,Yes,1,Low,Medium,Positive,3,No,College,Moderate,Male,66,-1.8321067481443922,-1.0465146865392312,0,2
76,Medium,Medium,Yes,7,Yes,2,Medium,Medium,Positive,2,No,College,Near,Male,69,0.8390248294856795,0.27310439729091407,1,1
82,High,Medium,No,9,Yes,2,Medium,Medium,Neutral,3,No,College,Moderate,Male,68,-0.1626495121255974,-0.4214319626196886,0,0
83,Medium,Low,No,7,Yes,3,Low,Low,Negative,4,No,High School,Moderate,Female,66,0.5051333822819205,-0.5603392346018092,1,1
67,Medium,Medium,Yes,7,Yes,0,High,Low,Positive,2,No,Postgraduate,Moderate,Male,63,-0.8304324065331153,1.3149089371568181,0,0
76,Medium,Medium,Yes,10,Yes,1,Medium,Medium,Neutral,3,No,High School,Near,Male,70,1.339862000291318,1.6621771171121196,1,2
74,Medium,Medium,No,6,Yes,2,Low,High,Positive,4,No,Postgraduate,Moderate,Male,68,1.005970553087559,-0.4214319626196886,1,1
76,Medium,Medium,Yes,7,Yes,2,Medium,Medium,Positive,4,No,College,Far,Male,68,0.6720791058837999,0.4814653052640949,1,1
90,Medium,Medium,No,8,Yes,1,Low,Medium,Neutral,3,No,High School,Moderate,Male,67,-0.1626495121255974,0.20365076129985382,0,1
79,High,High,Yes,6,Yes,1,Low,Medium,Neutral,1,No,High School,Moderate,Male,67,0.5051333822819205,-1.4632365024855927,1,0
98,High,Low,Yes,8,Yes,3,Low,High,Neutral,3,No,College,Moderate,Female,69,-0.6634866829312358,-1.6021437744677132,1,1
72,Medium,Medium,No,6,Yes,3,Low,High,Neutral,5,No,High School,Near,Male,68,0.8390248294856795,0.9676407572015168,1,0
77,Medium,Low,Yes,9,Yes,0,Medium,High,Neutral,1,No,High School,Moderate,Male,67,1.6737534474950768,-0.3519783266286284,1,1
91,High,Medium,Yes,8,Yes,0,Medium,High,Neutral,2,No,High School,Moderate,Male,70,1.005970553087559,-0.6992465065839297,1,0
82,High,High,No,7,Yes,3,Medium,Medium,Positive,3,No,Postgraduate,Moderate,Male,70,-0.6634866829312358,1.6621771171121196,1,0
82,Medium,Low,No,5,Yes,2,Medium,Medium,Neutral,2,No,College,Moderate,Male,66,0.338187658680041,-1.4632365024855927,1,1
62,High,High,Yes,6,Yes,0,Low,Medium,Negative,2,No,High School,Near,Male,61,-1.3312695773387537,-0.8381537785660502,0,2
76,Low,High,Yes,7,Yes,2,Low,Medium,Negative,2,No,College,Near,Male,68,0.5051333822819205,1.2454553011657579,1,1
71,Low,Medium,Yes,8,Yes,1,Low,Low,Neutral,2,No,Postgraduate,Near,Female,64,0.5051333822819205,-0.2825246906375681,1,0
100,Low,Low,No,7,Yes,1,Low,Medium,Positive,2,No,Postgraduate,Near,Male,66,-1.8321067481443922,0.27310439729091407,1,1
72,Low,High,Yes,8,Yes,3,High,High,Positive,4,No,High School,Near,Male,65,-1.1643238537368743,-1.6021437744677132,0,1
95,Medium,High,No,8,Yes,3,Medium,Low,Negative,6,No,Postgraduate,Near,Male,73,-0.3295952357274769,1.4538162091389386,1,1
87,Low,Low,No,8,No,3,High,High,Positive,4,No,High School,Near,Male,66,-0.3295952357274769,-1.254875594512412,1,1
74,High,High,Yes,7,Yes,2,Low,Medium,Positive,3,No,High School,Moderate,Male,65,-1.1643238537368743,-0.9770610505481708,1,1
82,Medium,High,Yes,7,Yes,0,Medium,Medium,Negative,4,No,College,Near,Male,68,0.338187658680041,-1.1854219585213517,1,1
94,Medium,Medium,Yes,7,Yes,0,Low,High,Neutral,3,No,High School,Near,Male,69,0.338187658680041,-0.004710146673327003,1,0
95,Low,High,Yes,6,Yes,1,Medium,High,Neutral,4,No,College,Near,Male,72,-0.1626495121255974,1.1065480291836374,1,2
66,Medium,Medium,No,9,Yes,3,Medium,Medium,Neutral,3,No,High School,Near,Male,63,-0.8304324065331153,-0.8381537785660502,0,1
74,Low,Medium,No,8,Yes,0,Medium,Medium,Positive,1,No,High School,Near,Male,65,1.005970553087559,-1.254875594512412,0,1
73,High,Medium,Yes,9,Yes,0,Medium,Medium,Negative,4,No,College,Near,Male,69,1.6737534474950768,-0.3519783266286284,1,0
62,High,Low,No,6,Yes,2,Medium,Medium,Negative,3,No,High School,Far,Female,62,-0.4965409593293564,1.6621771171121196,0,1
84,Medium,High,Yes,8,Yes,0,Medium,Medium,Negative,3,No,Postgraduate,Near,Female,66,-0.6634866829312358,-1.6715974104587736,1,0
94,Low,Low,Yes,9,Yes,3,Low,Medium,Neutral,2,No,Postgraduate,Moderate,Female,69,0.5051333822819205,-0.004710146673327003,0,1
75,High,Medium,Yes,9,Yes,2,Low,Medium,Positive,4,Yes,Postgraduate,Moderate,Female,67,-0.3295952357274769,0.5509189412551552,1,1
90,Medium,High,Yes,5,Yes,0,Low,Medium,Neutral,2,No,College,Far,Female,94,-0.1626495121255974,1.0370943931925771,1,0
85,Medium,Medium,Yes,7,Yes,2,Medium,Medium,Neutral,2,No,High School,Near,Female,71,0.6720791058837999,0.8287334852193963,0,2
75,Medium,Medium,No,7,Yes,2,Low,Medium,Positive,4,No,High School,Near,Female,61,-1.8321067481443922,-1.4632365024855927,1,0
66,High,Medium,Yes,9,Yes,2,Low,Medium,Positive,2,No,College,Near,Male,68,1.339862000291318,-0.14361741865544755,1,1
88,Medium,Medium,No,4,Yes,0,High,Low,Negative,4,No,High School,Near,Male,66,0.004296211476282077,-1.4632365024855927,1,0
94,High,High,Yes,5,Yes,0,High,Low,Negative,5,No,High School,Near,Female,71,-0.3295952357274769,0.4120116692730346,1,1
87,Low,Medium,No,9,Yes,3,Low,High,Positive,4,No,High School,Moderate,Female,66,-0.1626495121255974,-1.4632365024855927,1,0
61,Low,Medium,No,6,Yes,2,Low,Low,Negative,2,No,Postgraduate,Near,Male,60,0.004296211476282077,-1.6021437744677132,0,1
69,Medium,Medium,Yes,5,Yes,0,Medium,Medium,Positive,3,No,High School,Near,Female,60,-1.6651610245425126,-0.6992465065839297,0,0
63,Low,Low,Yes,9,No,3,Medium,High,Negative,3,No,High School,Near,Male,66,1.5068077238931974,1.523269845129999,1,2
83,Medium,Low,Yes,5,Yes,1,High,High,Neutral,2,No,College,Far,Male,67,0.004296211476282077,0.6898262132372758,1,1
90,Low,Low,No,9,Yes,4,Medium,Medium,Neutral,3,No,High School,Moderate,Male,67,0.5051333822819205,-1.7410510464498339,0,0
64,Medium,Medium,No,5,Yes,2,High,Medium,Negative,1,No,High School,Near,Male,64,1.005970553087559,-0.76870014257499,1,1
94,Medium,Medium,No,5,Yes,0,Medium,High,Neutral,3,No,College,Near,Male,66,-0.9973781301349948,-1.6715974104587736,1,1
82,High,Low,No,7,Yes,1,Medium,High,Negative,3,No,High School,Near,Female,68,0.5051333822819205,-0.6992465065839297,1,2
88,High,Low,Yes,6,Yes,1,Medium,High,Positive,3,No,Postgraduate,Moderate,Female,70,-0.3295952357274769,0.6203725772462154,1,1
99,High,Medium,Yes,7,Yes,3,Low,Medium,Positive,4,No,College,Moderate,Female,75,0.8390248294856795,0.8981871212104565,0,1
63,High,High,Yes,10,Yes,0,Low,Medium,Positive,2,Yes,High School,Moderate,Male,86,-2.165998195348151,1.0370943931925771,0,1
96,Medium,Medium,Yes,7,Yes,3,Medium,High,Negative,3,No,College,Near,Female,73,-0.1626495121255974,1.3843625731478784,0,2
65,Medium,Low,No,9,Yes,1,High,Medium,Neutral,3,No,High School,Moderate,Male,61,-0.6634866829312358,-0.49088559861074893,1,1
76,High,High,No,7,Yes,0,Medium,Medium,Negative,6,No,High School,Moderate,Male,68,0.5051333822819205,1.2454553011657579,0,1
94,Medium,High,No,8,Yes,1,Low,High,Neutral,0,No,College,Far,Female,70,0.5051333822819205,0.759279849228336,1,1
96,Medium,Medium,Yes,4,Yes,1,High,High,Positive,2,No,High School,Near,Male,71,-0.6634866829312358,0.13419712530879355,1,2
80,High,Medium,Yes,8,Yes,2,Medium,High,Positive,4,No,Postgraduate,Near,Male,71,-0.6634866829312358,1.5927234811210593,0,2
84,Medium,Medium,No,8,Yes,2,Medium,Medium,Neutral,1,Yes,College,Near,Male,68,-0.1626495121255974,1.523269845129999,1,2
88,High,High,Yes,6,Yes,2,Low,Medium,Negative,4,No,High School,Near,Female,70,-0.8304324065331153,1.3843625731478784,1,1
93,Medium,Medium,Yes,10,Yes,1,Medium,Medium,Positive,3,No,College,Moderate,Male,70,0.8390248294856795,-1.0465146865392312,1,0
65,Medium,High,Yes,6,Yes,0,Medium,High,Neutral,3,No,High School,Moderate,Female,62,-0.3295952357274769,-1.0465146865392312,0,0
92,High,Low,Yes,5,Yes,3,Medium,Medium,Neutral,1,No,Postgraduate,Near,Female,67,-2.8337810897556692,1.3843625731478784,1,2
79,Medium,Medium,No,8,Yes,3,Medium,Medium,Positive,3,No,College,Near,Female,68,-0.3295952357274769,-0.3519783266286284,1,2
78,High,High,Yes,5,Yes,1,Medium,Medium,Neutral,3,No,Postgraduate,Near,Female,68,-0.9973781301349948,1.0370943931925771,1,1
77,High,High,No,7,Yes,2,Low,High,Neutral,1,No,High School,Far,Male,64,-1.6651610245425126,0.6203725772462154,0,0
80,Medium,High,No,9,Yes,1,High,High,Positive,3,No,Postgraduate,Near,Male,68,-1.1643238537368743,0.8981871212104565,1,1
98,Low,High,Yes,8,Yes,0,Medium,Medium,Neutral,3,No,High School,Near,Male,69,0.17124193507816154,-1.6715974104587736,1,1
82,Medium,High,No,7,Yes,1,Medium,High,Neutral,3,No,High School,Near,Male,70,1.339862000291318,-0.2825246906375681,1,0
98,Medium,Medium,Yes,6,Yes,4,Low,Medium,Neutral,4,No,High School,Near,Female,73,0.338187658680041,1.2454553011657579,1,1
67,High,Medium,Yes,9,Yes,1,High,High,Positive,3,No,Postgraduate,Moderate,Male,66,-0.6634866829312358,-0.07416378266438728,1,1
89,Low,Medium,No,5,Yes,0,Low,Medium,Positive,3,No,Postgraduate,Moderate,Male,68,0.5051333822819205,0.6898262132372758,1,0
92,Low,Medium,Yes,8,No,1,High,Medium,Neutral,3,No,High School,Near,Female,68,-0.4965409593293564,0.8981871212104565,1,2
87,Low,Medium,Yes,10,Yes,2,Medium,High,Neutral,0,No,Postgraduate,Moderate,Female,65,-0.6634866829312358,-1.3243292305034722,0,0
84,Medium,Medium,Yes,8,Yes,2,Low,Low,Neutral,3,No,Postgraduate,Near,Female,66,-1.1643238537368743,-1.1854219585213517,1,2
83,High,Low,Yes,7,Yes,0,Low,Medium,Negative,1,No,College,Far,Female,62,-1.8321067481443922,0.759279849228336,1,1
94,Low,Low,Yes,7,Yes,3,Medium,High,Neutral,2,No,High School,Near,Female,67,-0.3295952357274769,-1.532690138476653,0,0
93,Medium,High,Yes,6,Yes,1,Medium,High,Positive,3,No,Postgraduate,Near,Female,73,0.17124193507816154,-0.5603392346018092,1,2
65,Medium,Low,Yes,6,Yes,2,Medium,High,Neutral,2,No,Postgraduate,Near,Male,65,-0.1626495121255974,1.4538162091389386,0,1
94,High,Low,No,7,Yes,2,High,Medium,Neutral,4,No,High School,Near,Female,70,-0.3295952357274769,0.27310439729091407,0,2
77,High,Medium,Yes,8,Yes,3,Medium,Medium,Neutral,2,No,Postgraduate,Near,Male,68,-0.9973781301349948,1.4538162091389386,1,1
70,High,Medium,Yes,9,Yes,3,Medium,Low,Positive,3,No,High School,Moderate,Male,67,0.6720791058837999,-0.6992465065839297,0,1
95,Low,Medium,Yes,4,Yes,2,Low,Medium,Negative,3,No,High School,Moderate,Male,66,-1.3312695773387537,0.4814653052640949,1,2
77,Medium,Low,No,4,Yes,3,Low,Medium,Neutral,4,Yes,College,Near,Female,65,0.8390248294856795,-0.76870014257499,1,0
92,High,Low,Yes,9,Yes,1,Medium,Medium,Neutral,4,No,High School,Moderate,Female,66,-0.9973781301349948,-1.3243292305034722,1,0
71,High,High,No,7,Yes,2,Low,Low,Neutral,4,No,High School,Near,Male,66,-0.8304324065331153,1.7316307531031798,1,0
60,Medium,High,No,7,Yes,2,Low,Medium,Positive,1,No,College,Moderate,Male,60,-1.4982153009406332,-1.1159683225302914,1,2
80,High,Low,Yes,8,Yes,0,High,High,Negative,4,No,College,Near,Female,66,-0.4965409593293564,-1.1159683225302914,1,1
64,High,Medium,Yes,7,Yes,2,Low,High,Positive,4,No,College,Moderate,Female,68,1.005970553087559,1.1760016651746976,0,0
90,Medium,Medium,Yes,10,Yes,3,Low,Medium,Positive,5,No,High School,Near,Male,72,0.5051333822819205,1.0370943931925771,1,0
71,Low,High,No,8,No,1,Medium,Medium,Positive,3,No,College,Near,Male,68,1.005970553087559,1.6621771171121196,1,1
78,Medium,Medium,Yes,6,Yes,0,Low,Medium,Neutral,3,No,Postgraduate,Near,Female,67,0.5051333822819205,-1.4632365024855927,1,2
63,High,Medium,No,6,Yes,0,Medium,Low,Positive,4,No,Postgraduate,Near,Male,62,-1.1643238537368743,-1.3937828664945324,1,2
71,Medium,Medium,No,7,Yes,0,High,High,Positive,5,No,College,Moderate,Female,66,-0.3295952357274769,-0.21307105464650783,1,2
91,High,Medium,No,6,Yes,0,Low,Medium,Positive,3,No,Postgraduate,Near,Male,69,-0.8304324065331153,0.3425580332819744,0,1
66,Medium,Medium,No,10,Yes,0,Low,High,Positive,3,No,High School,Near,Male,64,1.339862000291318,-1.6021437744677132,1,0
86,Low,Medium,No,7,No,0,Medium,Medium,Positive,3,No,High School,Near,Male,63,-1.1643238537368743,-1.1854219585213517,0,1
97,Low,High,Yes,5,Yes,2,High,Medium,Positive,2,No,High School,Near,Male,74,0.8390248294856795,0.6898262132372758,1,1
87,High,Medium,Yes,8,Yes,0,Medium,High,Positive,4,No,College,Moderate,Male,72,0.8390248294856795,0.5509189412551552,0,1
92,Medium,Medium,Yes,9,No,1,Low,Medium,Positive,3,No,College,Near,Male,71,1.8406991710969562,-1.4632365024855927,0,1
64,Low,High,Yes,9,Yes,2,Medium,Medium,Negative,3,No,High School,Moderate,Female,64,-0.3295952357274769,1.523269845129999,1,1
70,High,High,No,6,No,0,Low,Medium,Neutral,3,No,High School,Near,Male,65,0.6720791058837999,-0.8381537785660502,1,0
96,Medium,Medium,Yes,5,Yes,1,Medium,High,Negative,5,Yes,High School,Moderate,Female,75,2.3415363419025947,1.3149089371568181,1,2
89,High,Medium,No,9,Yes,2,Medium,Low,Positive,3,No,College,Far,Male,69,-0.6634866829312358,1.4538162091389386,1,1
86,Medium,Medium,No,5,Yes,1,Medium,Low,Neutral,4,No,Postgraduate,Moderate,Female,65,-1.4982153009406332,-0.004710146673327003,1,1
87,Low,Low,No,8,No,0,Low,High,Neutral,1,No,College,Moderate,Male,60,-1.8321067481443922,-0.2825246906375681,1,0
77,Medium,Medium,Yes,6,Yes,2,High,Medium,Positive,4,No,High School,Near,Male,69,0.6720791058837999,-0.76870014257499,1,1
62,High,High,Yes,9,Yes,4,High,Medium,Neutral,4,No,College,Far,Male,65,-1.8321067481443922,1.0370943931925771,1,2
91,Low,Medium,Yes,5,Yes,0,High,High,Positive,4,No,High School,Moderate,Male,67,-0.3295952357274769,-1.0465146865392312,0,0
87,High,Low,No,6,Yes,5,Medium,High,Neutral,2,No,High School,Far,Female,70,0.5051333822819205,0.4120116692730346,0,0
79,Medium,Low,Yes,8,Yes,1,Low,High,Positive,4,No,College,Moderate,Female,66,0.17124193507816154,0.20365076129985382,1,0
96,Medium,Medium,Yes,8,Yes,0,Low,High,Neutral,4,No,High School,Moderate,Female,69,0.5051333822819205,-0.9076074145571106,1,1
73,Medium,Medium,Yes,9,Yes,2,Medium,High,Neutral,3,No,Postgraduate,Near,Male,69,0.17124193507816154,1.6621771171121196,1,1
72,High,Medium,Yes,8,Yes,1,Medium,Medium,Negative,2,No,High School,Near,Female,68,1.339862000291318,1.1760016651746976,1,0
95,Medium,Medium,Yes,8,Yes,5,Medium,Medium,Positive,4,No,College,Near,Female,70,-0.9973781301349948,-1.6715974104587736,0,1
92,Medium,Low,No,9,Yes,2,Low,Medium,Neutral,2,No,High School,Moderate,Female,66,-0.6634866829312358,-0.2825246906375681,0,2
81,High,Medium,No,5,No,0,Medium,High,Positive,3,No,High School,Near,Female,65,-0.8304324065331153,-0.49088559861074893,1,0
65,Low,Medium,No,6,Yes,1,Low,High,Negative,4,No,College,Near,Male,65,0.8390248294856795,1.3149089371568181,1,1
69,Low,Medium,Yes,5,Yes,1,High,Medium,Neutral,2,No,High School,Near,Male,65,0.8390248294856795,-0.8381537785660502,0,1
86,Low,Medium,Yes,4,Yes,0,Low,High,Negative,3,No,Postgraduate,Near,Male,69,0.5051333822819205,1.7316307531031798,1,1
75,Medium,Medium,No,8,Yes,4,Medium,Medium,Positive,2,No,Postgraduate,Moderate,Female,69,1.1729162766894383,-1.0465146865392312,1,1
93,Medium,High,No,9,Yes,0,Low,Medium,Neutral,3,No,High School,Moderate,Male,65,-1.1643238537368743,-0.9076074145571106,0,0
98,High,High,Yes,8,No,1,Low,High,Neutral,3,No,High School,Near,Female,76,1.6737534474950768,0.5509189412551552,1,2
92,Medium,High,No,8,Yes,2,Medium,Low,Neutral,3,No,College,Near,Male,72,1.5068077238931974,-1.1854219585213517,0,0
75,Medium,Low,No,7,Yes,2,Medium,High,Negative,4,No,High School,Near,Male,67,0.6720791058837999,1.3149089371568181,1,1
92,High,Medium,Yes,7,Yes,3,Low,High,Positive,3,No,High School,Near,Male,74,1.8406991710969562,-1.3937828664945324,1,1
74,Medium,Medium,Yes,10,Yes,2,Medium,High,Neutral,3,No,College,Near,Male,66,-1.6651610245425126,1.6621771171121196,1,2
67,High,High,Yes,9,Yes,2,Low,Low,Positive,3,No,High School,Near,Female,66,-0.4965409593293564,1.3149089371568181,0,1
61,Medium,High,No,6,Yes,4,High,High,Neutral,3,No,High School,Near,Male,66,-0.6634866829312358,1.1760016651746976,1,2
75,Low,High,Yes,9,Yes,5,High,High,Negative,5,No,College,Near,Female,71,0.6720791058837999,-0.3519783266286284,1,2
96,Medium,Low,No,9,Yes,0,Low,High,Neutral,3,No,High School,Moderate,Male,66,-0.9973781301349948,0.06474348931773327,1,1
70,Low,High,No,8,Yes,1,Low,Low,Negative,2,No,Postgraduate,Near,Male,65,0.8390248294856795,-0.14361741865544755,1,2
68,Low,High,Yes,8,Yes,1,High,Medium,Neutral,3,No,High School,Near,Female,69,1.339862000291318,1.6621771171121196,1,1
99,Medium,Low,Yes,8,Yes,1,Low,High,Negative,2,No,High School,Near,Male,69,0.6720791058837999,-1.6021437744677132,1,0
61,Medium,Medium,Yes,5,Yes,2,Low,High,Neutral,2,No,High School,Far,Female,63,0.338187658680041,-0.4214319626196886,1,0
91,Low,Medium,No,5,Yes,0,High,High,Neutral,3,No,High School,Near,Female,68,-0.9973781301349948,1.5927234811210593,1,2
73,Medium,Medium,No,8,Yes,1,High,Medium,Neutral,3,No,High School,Near,Female,64,-0.8304324065331153,-0.49088559861074893,1,1
61,Medium,Medium,No,5,Yes,2,Low,Low,Neutral,2,No,College,Near,Male,64,1.1729162766894383,-0.3519783266286284,1,1
97,Medium,High,Yes,5,Yes,1,Low,High,Negative,5,No,College,Moderate,Male,73,0.8390248294856795,0.4814653052640949,1,2
66,Low,High,Yes,4,Yes,2,High,Medium,Neutral,2,No,High School,Moderate,Female,66,0.004296211476282077,1.3843625731478784,1,2
82,Medium,High,No,6,Yes,4,Low,Medium,Positive,3,No,High School,Moderate,Female,67,-0.4965409593293564,-0.6992465065839297,0,0
71,High,Medium,Yes,8,Yes,3,Medium,Medium,Neutral,1,Yes,High School,Near,Female,63,-1.9990524717462717,1.523269845129999,0,1
63,Medium,Medium,Yes,8,Yes,1,Low,Medium,Neutral,3,No,High School,Moderate,Male,61,-0.9973781301349948,-0.76870014257499,1,2
62,Medium,Medium,Yes,8,Yes,4,High,High,Positive,4,No,High School,Moderate,Male,71,1.8406991710969562,1.1065480291836374,1,2
65,Low,Medium,Yes,6,Yes,1,Medium,Medium,Positive,3,No,College,Near,Female,61,-1.3312695773387537,-0.76870014257499,1,1
63,Medium,Low,Yes,7,Yes,1,Medium,Medium,Positive,3,No,College,Moderate,Female,62,0.17124193507816154,-1.4632365024855927,0,0
90,High,High,Yes,8,Yes,1,High,High,Neutral,4,Yes,High School,Near,Male,74,1.005970553087559,1.1065480291836374,0,1
79,Medium,Medium,No,8,Yes,2,Medium,Medium,Neutral,4,No,High School,Near,Male,65,-1.3312695773387537,-0.14361741865544755,0,1
74,Low,Low,Yes,6,Yes,2,Low,High,Positive,3,No,High School,Moderate,Female,64,0.17124193507816154,-0.3519783266286284,1,0
77,Low,Low,No,7,Yes,1,Medium,High,Neutral,4,No,Postgraduate,Moderate,Male,66,1.005970553087559,-0.2825246906375681,1,1
97,High,High,Yes,4,Yes,1,Medium,Medium,Positive,2,Yes,High School,Near,Male,72,0.004296211476282077,0.4120116692730346,1,1
96,High,Medium,Yes,7,Yes,0,Medium,High,Positive,4,No,High School,Near,Male,76,2.842373512708233,-0.8381537785660502,0,1
89,Medium,Medium,Yes,6,Yes,4,Low,Medium,Positive,3,No,Postgraduate,Moderate,Male,67,-1.6651610245425126,-0.9076074145571106,1,1
95,Medium,High,No,9,Yes,3,Low,Medium,Neutral,3,Yes,High School,Near,Female,71,1.005970553087559,-0.07416378266438728,0,0
73,High,Medium,No,6,Yes,1,Medium,Medium,Positive,3,No,High School,Near,Male,65,-0.1626495121255974,-1.6021437744677132,1,1
75,Low,Low,Yes,7,Yes,3,Medium,High,Negative,4,No,Postgraduate,Near,Male,68,0.8390248294856795,0.4814653052640949,0,1
85,Medium,Medium,Yes,6,Yes,1,Low,High,Neutral,3,No,High School,Far,Male,68,0.5051333822819205,1.1065480291836374,1,0
85,High,Low,Yes,6,Yes,3,High,High,Neutral,2,No,High School,Far,Male,67,-0.6634866829312358,0.759279849228336,0,0
79,Medium,Low,No,8,Yes,1,Low,Low,Neutral,2,No,High School,Near,Female,64,0.17124193507816154,-0.14361741865544755,1,1
76,Low,High,No,6,No,0,Medium,Medium,Negative,4,Yes,Postgraduate,Near,Male,60,-1.8321067481443922,0.20365076129985382,1,0
99,Medium,Medium,No,10,Yes,1,Low,Medium,Neutral,3,No,High School,Near,Male,70,0.6720791058837999,-1.6715974104587736,1,0
93,High,Medium,Yes,4,Yes,1,High,Low,Positive,2,No,College,Near,Male,73,0.338187658680041,1.4538162091389386,0,2
77,Medium,Medium,Yes,8,Yes,2,High,High,Positive,3,No,High School,Moderate,Male,69,0.6720791058837999,0.20365076129985382,0,0
89,High,Medium,No,7,Yes,0,Low,Medium,Neutral,5,Yes,College,Near,Male,70,1.005970553087559,-0.6297928705928695,1,1
71,Medium,Medium,No,7,Yes,1,Low,Medium,Neutral,3,No,College,Near,Male,64,0.338187658680041,-0.6992465065839297,1,0
64,High,Low,Yes,7,Yes,2,Low,Low,Neutral,3,No,High School,Moderate,Female,64,0.17124193507816154,0.5509189412551552,1,2
74,High,Medium,Yes,8,Yes,0,High,Medium,Negative,3,No,College,Near,Male,65,-0.8304324065331153,0.27310439729091407,1,1
76,Medium,Medium,No,7,Yes,0,Low,Medium,Neutral,2,No,College,Near,Female,62,-0.6634866829312358,-1.1159683225302914,1,0
61,Medium,Medium,Yes,9,Yes,0,Medium,Medium,Neutral,2,No,High School,Near,Male,64,1.1729162766894383,-0.3519783266286284,1,1
93,Medium,Medium,Yes,7,Yes,0,High,Medium,Neutral,3,No,College,Moderate,Male,72,1.5068077238931974,0.6203725772462154,1,1
74,Medium,Low,Yes,5,No,1,Low,High,Positive,3,No,High School,Near,Male,64,-0.1626495121255974,-0.6992465065839297,1,2
83,Medium,Medium,Yes,7,Yes,0,Medium,Medium,Neutral,4,No,High School,Near,Female,67,0.004296211476282077,-0.004710146673327003,1,1
63,High,High,Yes,9,No,4,High,High,Negative,3,No,College,Near,Male,64,-0.8304324065331153,-0.8381537785660502,0,0
67,Low,Medium,No,6,Yes,0,Medium,Low,Negative,2,No,High School,Far,Male,61,1.1729162766894383,-1.4632365024855927,0,1
96,Medium,High,Yes,5,Yes,1,Low,Medium,Positive,4,No,High School,Near,Male,72,0.6720791058837999,-0.4214319626196886,1,1
84,Medium,Medium,Yes,8,No,2,Medium,Medium,Positive,1,No,High School,Far,Male,70,2.007644894698836,0.8287334852193963,1,1
98,Medium,High,No,8,Yes,4,Low,Medium,Positive,2,No,High School,Moderate,Female,70,-0.8304324065331153,-0.9770610505481708,1,1
100,Medium,Medium,No,6,Yes,2,Medium,Medium,Neutral,2,No,College,Moderate,Male,71,-0.3295952357274769,0.8981871212104565,1,1
75,High,High,No,7,Yes,1,Medium,Medium,Positive,2,No,College,Near,Female,68,0.17124193507816154,0.5509189412551552,1,0
72,Medium,Medium,No,7,Yes,3,High,Medium,Neutral,2,No,College,Near,Female,68,0.6720791058837999,-0.004710146673327003,0,1
94,High,High,No,7,Yes,0,Low,Medium,Neutral,1,Yes,High School,Near,Male,70,-0.1626495121255974,1.6621771171121196,1,1
100,High,High,No,8,Yes,2,Medium,High,Negative,3,No,College,Near,Male,73,-0.8304324065331153,1.3149089371568181,1,2
85,High,Medium,No,6,Yes,2,Medium,High,Neutral,1,No,High School,Far,Female,69,0.8390248294856795,0.20365076129985382,1,0
92,Medium,High,No,8,Yes,0,Medium,Medium,Neutral,3,No,High School,Near,Male,71,0.6720791058837999,0.20365076129985382,1,2
91,Low,Medium,No,6,Yes,1,Low,High,Positive,3,Yes,High School,Near,Male,64,-0.8304324065331153,-0.76870014257499,1,0
74,Medium,Medium,No,9,Yes,0,Medium,Medium,Neutral,3,No,High School,Near,Female,68,1.339862000291318,1.4538162091389386,0,0
83,Medium,Medium,No,10,Yes,0,High,Low,Neutral,4,No,High School,Moderate,Female,69,1.1729162766894383,1.3843625731478784,0,1
93,High,Low,No,6,Yes,1,Low,High,Positive,2,No,High School,Near,Female,70,0.17124193507816154,0.8287334852193963,1,1
88,Medium,Medium,No,5,Yes,1,Low,Medium,Neutral,4,No,High School,Near,Female,67,0.004296211476282077,-1.3243292305034722,1,1
61,Medium,High,Yes,8,Yes,1,Medium,High,Positive,0,No,High School,Near,Male,66,0.5051333822819205,0.6898262132372758,0,1
73,Medium,High,No,7,Yes,2,Medium,Medium,Neutral,5,No,Postgraduate,Moderate,Male,65,-0.8304324065331153,-0.8381537785660502,1,1
66,Medium,High,Yes,8,Yes,4,Medium,Medium,Positive,3,No,College,Near,Male,66,0.004296211476282077,-1.1159683225302914,1,0
69,Low,Medium,Yes,6,Yes,0,Low,High,Negative,4,No,Postgraduate,Near,Female,61,-2.165998195348151,0.8981871212104565,0,1
96,Low,Medium,No,7,Yes,0,Low,Medium,Positive,2,No,High School,Near,Female,71,0.8390248294856795,1.5927234811210593,1,1
61,High,Low,Yes,6,Yes,5,High,Low,Neutral,3,No,High School,Far,Male,60,-1.4982153009406332,-1.3937828664945324,1,1
69,Medium,Medium,Yes,7,Yes,1,Low,Low,Positive,2,No,College,Near,Male,66,1.5068077238931974,-1.1854219585213517,1,1
72,Low,Low,Yes,5,Yes,1,Medium,Medium,Negative,4,No,College,Moderate,Male,61,-0.3295952357274769,-0.9770610505481708,0,0
85,Medium,Medium,Yes,7,Yes,2,Medium,Medium,Negative,3,Yes,High School,Moderate,Female,68,-0.1626495121255974,1.5927234811210593,1,2
81,Medium,High,Yes,5,No,2,Low,Medium,Positive,3,No,College,Near,Male,68,-0.6634866829312358,0.6898262132372758,1,2
69,Medium,Medium,Yes,6,Yes,2,Low,Medium,Positive,4,No,High School,Near,Male,65,-0.3295952357274769,0.6203725772462154,1,1
67,High,Low,No,7,No,3,Low,Medium,Neutral,1,No,High School,Near,Female,65,1.5068077238931974,-0.004710146673327003,1,1
69,Medium,Medium,Yes,8,No,2,Low,High,Negative,2,No,College,Near,Female,60,-2.49988964255191,0.13419712530879355,1,1
80,Low,Medium,No,8,Yes,2,Low,Medium,Neutral,2,No,College,Near,Male,67,1.339862000291318,-0.6992465065839297,0,0
71,High,Medium,No,8,No,2,Low,Medium,Negative,4,No,College,Near,Female,65,0.338187658680041,-1.1854219585213517,1,1
98,High,Medium,Yes,5,Yes,1,High,Medium,Negative,3,No,High School,Near,Male,70,-1.1643238537368743,0.9676407572015168,1,2
79,Medium,Medium,No,9,Yes,1,Medium,Medium,Neutral,4,No,High School,Near,Male,64,-0.9973781301349948,-0.07416378266438728,1,1
62,Medium,High,Yes,6,Yes,2,Low,High,Positive,4,No,High School,Moderate,Male,68,1.6737534474950768,-0.8381537785660502,1,1
89,High,Medium,No,6,Yes,2,Medium,Medium,Negative,4,No,College,Moderate,Female,69,-0.9973781301349948,0.4814653052640949,1,2
73,Medium,High,Yes,7,Yes,0,High,High,Neutral,3,No,College,Near,Female,65,-1.1643238537368743,-1.0465146865392312,1,2
86,Medium,Medium,No,6,Yes,2,High,High,Neutral,3,No,High School,Near,Male,71,1.1729162766894383,-0.07416378266438728,0,1
71,Medium,Medium,Yes,8,Yes,1,Medium,High,Neutral,4,No,High School,Moderate,Female,65,0.338187658680041,-1.0465146865392312,1,0
83,Medium,High,Yes,8,Yes,0,High,Medium,Negative,2,Yes,High School,Moderate,Male,65,-0.9973781301349948,0.8981871212104565,1,0
91,Medium,Medium,Yes,6,Yes,0,Medium,Medium,Positive,2,Yes,College,Far,Female,68,0.17124193507816154,-0.6297928705928695,1,2
97,Medium,Low,No,7,Yes,1,Low,Low,Neutral,3,No,High School,Near,Female,66,-0.9973781301349948,-0.21307105464650783,1,2
70,Low,Low,Yes,7,No,1,High,Medium,Neutral,3,No,High School,Near,Male,65,1.1729162766894383,0.8981871212104565,1,1
73,High,High,Yes,8,Yes,2,Medium,Medium,Positive,4,No,College,Near,Male,71,1.005970553087559,0.5509189412551552,1,0
79,Low,Medium,Yes,6,Yes,3,Medium,High,Negative,4,No,Postgraduate,Moderate,Female,68,0.5051333822819205,-0.3519783266286284,1,1
97,Medium,Medium,Yes,6,No,2,High,Medium,Neutral,2,No,College,Near,Male,70,0.338187658680041,-1.4632365024855927,1,1
96,Medium,Low,No,5,Yes,3,Low,High,Neutral,2,No,College,Near,Female,74,1.8406991710969562,1.4538162091389386,0,0
64,High,Low,Yes,6,Yes,0,Low,Medium,Neutral,2,No,High School,Near,Male,62,0.004296211476282077,-1.7410510464498339,0,2
65,Medium,High,No,5,Yes,1,Medium,Medium,Positive,2,Yes,High School,Moderate,Female,61,-1.1643238537368743,0.8287334852193963,1,0
80,High,High,Yes,6,Yes,0,Medium,Medium,Neutral,3,No,High School,Near,Male,70,0.5051333822819205,1.523269845129999,0,1
64,Low,Medium,Yes,9,Yes,0,Medium,Medium,Negative,2,No,College,Moderate,Male,65,2.1745906183007153,-0.6992465065839297,1,1
74,Medium,Medium,Yes,8,Yes,2,Low,Low,Neutral,2,No,High School,Moderate,Male,62,-0.9973781301349948,-1.4632365024855927,1,2
66,High,High,No,9,Yes,2,High,Medium,Neutral,4,No,High School,Moderate,Female,65,-0.3295952357274769,-0.9076074145571106,1,1
85,High,Medium,No,6,Yes,0,Low,Medium,Positive,4,No,College,Near,Male,68,0.338187658680041,-0.6297928705928695,0,0
98,Medium,High,Yes,4,Yes,2,Medium,Low,Positive,1,No,High School,Far,Male,70,0.004296211476282077,-0.14361741865544755,0,1
100,Medium,Low,No,7,Yes,1,Medium,Medium,Neutral,3,No,Postgraduate,Near,Female,68,-0.9973781301349948,0.06474348931773327,0,0
75,Low,Medium,No,10,No,3,Medium,Medium,Positive,6,No,Postgraduate,Near,Female,69,1.1729162766894383,0.759279849228336,0,1
84,Medium,High,Yes,6,Yes,1,Low,Medium,Neutral,3,No,Postgraduate,Far,Male,73,2.3415363419025947,1.3843625731478784,0,1
94,Medium,Medium,Yes,7,Yes,1,Medium,Medium,Positive,5,No,College,Near,Female,71,0.17124193507816154,-0.14361741865544755,0,1
65,Low,High,Yes,5,Yes,0,Low,High,Neutral,4,No,High School,Near,Female,63,-0.8304324065331153,0.8287334852193963,0,1
88,High,Medium,Yes,7,Yes,2,Medium,Medium,Neutral,2,No,College,Near,Male,66,-1.4982153009406332,-1.3243292305034722,1,0
76,High,Low,Yes,7,Yes,1,Low,High,Positive,4,No,Postgraduate,Near,Male,67,0.338187658680041,-0.6297928705928695,0,0
68,Low,High,No,4,Yes,0,Low,High,Neutral,1,No,High School,Near,Female,64,1.1729162766894383,-1.3243292305034722,1,1
76,Medium,Low,Yes,5,Yes,1,Medium,Low,Neutral,3,No,High School,Near,Female,66,0.5051333822819205,0.6898262132372758,1,1
63,High,High,Yes,5,Yes,2,High,High,Positive,3,No,College,Near,Male,69,0.004296211476282077,1.3843625731478784,1,1
88,Medium,High,Yes,5,Yes,4,Medium,Medium,Positive,6,No,College,Moderate,Male,72,-0.6634866829312358,1.3149089371568181,0,2
70,Medium,High,Yes,6,Yes,1,Medium,Medium,Negative,4,No,High School,Near,Male,63,-1.1643238537368743,-0.6297928705928695,1,1
72,Medium,High,Yes,8,Yes,2,Low,Medium,Positive,2,No,High School,Near,Female,67,0.8390248294856795,-0.9076074145571106,1,1
65,Low,Medium,No,6,Yes,1,Medium,Medium,Negative,4,No,College,Near,Male,64,0.8390248294856795,-0.76870014257499,0,1
95,Medium,Medium,Yes,9,Yes,4,Low,Medium,Positive,4,No,High School,Moderate,Male,68,-1.4982153009406332,-0.76870014257499,1,2
80,High,High,No,6,Yes,1,High,Medium,Positive,3,No,High School,Moderate,Female,71,1.6737534474950768,-1.4632365024855927,1,2
83,Medium,Low,Yes,7,No,2,Medium,High,Positive,4,No,High School,Moderate,Female,67,0.5051333822819205,-1.254875594512412,1,1
83,Medium,Low,No,8,Yes,1,Low,Medium,Negative,5,Yes,Postgraduate,Near,Male,67,1.339862000291318,-0.9770610505481708,0,1
76,Medium,Medium,Yes,9,Yes,2,Medium,High,Negative,3,No,College,Near,Male,64,-1.3312695773387537,-1.7410510464498339,1,1
68,High,Low,No,6,Yes,5,High,High,Neutral,3,No,College,Near,Male,63,-1.3312695773387537,-1.6021437744677132,1,0
90,High,High,No,8,Yes,2,Medium,Medium,Neutral,4,No,College,Near,Male,72,-0.1626495121255974,0.6898262132372758,1,1
65,Low,Medium,Yes,6,Yes,2,Low,Medium,Neutral,2,No,High School,Near,Female,63,0.5051333822819205,0.4120116692730346,1,0
64,High,Medium,No,10,Yes,2,Medium,Medium,Negative,4,No,High School,Far,Female,67,1.8406991710969562,1.523269845129999,0,0
88,Low,Medium,Yes,5,No,1,Low,Medium,Positive,2,No,Postgraduate,Near,Male,68,0.6720791058837999,-0.3519783266286284,0,1
68,Low,High,Yes,8,Yes,2,Low,High,Neutral,3,No,College,Far,Male,64,-0.1626495121255974,-0.21307105464650783,0,2
72,Medium,High,No,9,Yes,4,Medium,Medium,Negative,3,No,Postgraduate,Near,Male,65,-0.9973781301349948,-1.532690138476653,1,1
79,Medium,Low,Yes,5,Yes,2,Medium,Medium,Neutral,1,No,Postgraduate,Far,Female,68,1.1729162766894383,-1.1854219585213517,0,2
78,Medium,High,Yes,8,Yes,2,Low,Medium,Negative,4,No,High School,Near,Male,66,-0.9973781301349948,0.6898262132372758,0,1
88,Medium,Medium,Yes,6,Yes,4,Low,Medium,Positive,5,No,College,Far,Female,73,1.6737534474950768,-0.9076074145571106,0,2
85,Low,Medium,Yes,10,Yes,1,High,Medium,Positive,3,No,High School,Near,Female,68,-0.3295952357274769,0.9676407572015168,0,1
86,Medium,High,No,4,Yes,2,Medium,Medium,Neutral,5,Yes,Postgraduate,Far,Male,72,1.6737534474950768,0.6898262132372758,0,2
89,Medium,Medium,Yes,5,No,3,High,Medium,Neutral,0,No,High School,Near,Female,70,0.6720791058837999,0.8287334852193963,1,1
72,Medium,Medium,Yes,5,Yes,1,Low,Medium,Neutral,4,No,College,Near,Female,66,-0.1626495121255974,0.6898262132372758,0,2
73,Low,Medium,Yes,5,Yes,3,Medium,Medium,Positive,1,No,College,Near,Female,66,-0.4965409593293564,0.6898262132372758,1,2
78,Low,Low,Yes,8,Yes,2,Medium,High,Neutral,4,No,College,Near,Female,66,-0.3295952357274769,0.13419712530879355,0,1
72,High,Low,Yes,10,Yes,2,Low,Medium,Negative,2,No,High School,Moderate,Male,65,0.5051333822819205,0.6203725772462154,1,0
99,High,Low,Yes,9,Yes,2,Low,Medium,Neutral,5,No,College,Far,Male,71,0.004296211476282077,0.06474348931773327,1,2
93,Low,Medium,Yes,7,Yes,1,Medium,Medium,Positive,1,No,High School,Moderate,Female,66,-0.6634866829312358,-1.0465146865392312,1,1
67,Medium,Low,No,7,Yes,1,Medium,Medium,Neutral,4,No,College,Moderate,Female,63,-0.1626495121255974,-0.9770610505481708,0,2
60,Medium,Medium,Yes,6,Yes,2,Low,Medium,Neutral,3,Yes,Postgraduate,Near,Female,63,0.004296211476282077,-0.3519783266286284,1,1
62,High,Medium,Yes,8,Yes,0,Medium,Low,Positive,3,No,College,Moderate,Male,58,-2.165998195348151,-1.6715974104587736,1,0
70,Medium,High,No,7,Yes,3,Medium,High,Neutral,3,No,High School,Near,Female,68,0.5051333822819205,1.3149089371568181,1,0
65,High,Medium,No,7,Yes,2,Low,Medium,Neutral,3,No,High School,Moderate,Male,61,-0.9973781301349948,-0.8381537785660502,1,1
81,Medium,High,No,6,Yes,2,Low,Medium,Positive,4,No,High School,Near,Male,65,-1.1643238537368743,-1.532690138476653,1,0
94,High,Low,No,5,Yes,1,High,Medium,Positive,3,No,High School,Moderate,Male,67,-1.6651610245425126,-0.2825246906375681,1,1
89,Low,High,Yes,7,Yes,1,High,Low,Neutral,3,No,Postgraduate,Near,Male,67,-1.8321067481443922,1.1065480291836374,1,1
69,High,Low,No,7,Yes,1,Medium,Medium,Positive,4,No,High School,Near,Male,62,-1.3312695773387537,-0.3519783266286284,0,1
76,Medium,High,Yes,6,Yes,0,Low,Medium,Positive,1,No,High School,Near,Female,86,-0.6634866829312358,-0.8381537785660502,1,2
80,High,Medium,No,6,Yes,0,Medium,Medium,Neutral,5,No,College,Near,Male,71,2.007644894698836,0.13419712530879355,1,0
92,Medium,Medium,Yes,8,Yes,1,Low,Medium,Positive,3,No,Postgraduate,Near,Male,70,-0.4965409593293564,0.27310439729091407,1,1
94,Medium,Medium,No,8,Yes,1,Medium,Medium,Positive,3,No,College,Near,Male,71,0.17124193507816154,0.8981871212104565,1,1
96,High,Low,No,10,Yes,2,Low,Medium,Neutral,3,Yes,College,Moderate,Male,71,0.338187658680041,1.0370943931925771,1,2
80,High,High,Yes,9,Yes,1,High,Medium,Negative,3,No,College,Near,Female,70,0.17124193507816154,0.6898262132372758,1,0
88,Medium,High,Yes,5,No,2,Low,Medium,Neutral,5,No,High School,Moderate,Male,67,0.004296211476282077,-1.7410510464498339,1,1
64,Medium,Low,Yes,7,Yes,0,Medium,Low,Positive,4,No,High School,Near,Male,60,-1.1643238537368743,-1.7410510464498339,1,2
83,High,High,No,5,Yes,0,Medium,High,Neutral,4,No,College,Near,Female,73,1.5068077238931974,1.6621771171121196,1,1
70,High,Low,Yes,4,Yes,1,Medium,Medium,Neutral,2,Yes,High School,Near,Female,67,1.8406991710969562,-0.8381537785660502,1,2
77,Low,High,Yes,10,Yes,1,Low,Medium,Negative,3,Yes,College,Near,Female,62,-1.6651610245425126,-0.76870014257499,0,2
85,Medium,High,No,9,Yes,0,Medium,Medium,Negative,3,No,College,Near,Female,67,-0.9973781301349948,0.8287334852193963,1,2
70,High,Low,No,6,Yes,1,Medium,High,Positive,2,No,College,Near,Female,65,-0.3295952357274769,0.27310439729091407,1,1
62,Medium,Medium,No,9,Yes,1,Low,Medium,Neutral,6,No,High School,Near,Male,61,-0.9973781301349948,-0.14361741865544755,1,1
60,High,Medium,Yes,9,No,0,Low,Medium,Negative,4,No,High School,Moderate,Female,61,0.5051333822819205,-1.3243292305034722,0,0
61,High,Medium,No,4,Yes,1,Low,Medium,Neutral,2,No,High School,Near,Female,60,-0.6634866829312358,-1.4632365024855927,0,0
60,High,High,No,8,Yes,4,Low,Low,Negative,3,No,High School,Near,Male,68,2.1745906183007153,0.6898262132372758,1,0
64,High,Medium,Yes,6,Yes,0,Low,High,Neutral,5,No,College,Moderate,Female,65,1.1729162766894383,-1.3243292305034722,1,0
70,High,High,Yes,8,Yes,3,Medium,Low,Neutral,1,No,Postgraduate,Moderate,Female,67,0.17124193507816154,-0.21307105464650783,1,0
69,High,Low,No,10,Yes,2,Medium,Low,Positive,2,No,Postgraduate,Near,Male,67,1.005970553087559,0.8287334852193963,1,0
99,High,Medium,No,9,Yes,0,High,Medium,Positive,2,No,College,Moderate,Male,74,1.1729162766894383,1.4538162091389386,0,0
72,Low,Medium,No,7,Yes,4,Medium,Medium,Positive,2,No,High School,Far,Female,64,-0.4965409593293564,1.3149089371568181,1,0
65,Medium,High,Yes,9,Yes,2,Low,Low,Neutral,3,No,College,Near,Male,64,-0.8304324065331153,1.2454553011657579,0,0
82,Medium,Low,Yes,4,Yes,2,Low,High,Neutral,3,No,High School,Near,Male,67,0.004296211476282077,-0.49088559861074893,1,1
94,High,High,No,8,Yes,6,Medium,Medium,Negative,3,Yes,High School,Far,Female,74,0.8390248294856795,1.4538162091389386,1,2
87,Medium,Medium,Yes,8,Yes,1,Low,Low,Positive,2,No,College,Near,Male,69,0.17124193507816154,0.6203725772462154,0,2
72,Low,Medium,No,8,Yes,1,Low,Low,Positive,2,No,High School,Near,Male,62,-1.4982153009406332,1.3149089371568181,1,2
82,Medium,Medium,Yes,6,Yes,1,Medium,Medium,Positive,2,No,College,Near,Female,66,-0.8304324065331153,-1.4632365024855927,1,1
89,High,High,Yes,8,Yes,2,Medium,Medium,Negative,3,No,College,Moderate,Female,69,0.004296211476282077,-1.6021437744677132,1,0
89,High,Medium,Yes,8,Yes,1,Medium,Medium,Negative,1,No,Postgraduate,Far,Male,68,0.004296211476282077,-0.2825246906375681,1,1
87,High,Medium,Yes,4,Yes,2,High,Medium,Neutral,2,No,High School,Moderate,Female,74,2.007644894698836,1.1065480291836374,1,1
95,Medium,Medium,No,7,Yes,4,Medium,High,Positive,3,No,High School,Far,Male,68,-1.3312695773387537,-0.3519783266286284,1,1
95,Medium,Medium,Yes,6,Yes,2,Medium,Medium,Neutral,3,No,High School,Near,Male,73,0.5051333822819205,1.3149089371568181,1,2
83,Medium,Low,No,8,Yes,4,High,Medium,Negative,5,No,College,Near,Male,70,1.5068077238931974,-0.9076074145571106,1,0
77,Medium,High,No,9,Yes,0,Medium,Medium,Neutral,4,No,High School,Moderate,Female,69,2.3415363419025947,-1.6021437744677132,0,1
86,Medium,Medium,Yes,6,Yes,2,Medium,High,Neutral,2,No,College,Far,Male,68,-0.3295952357274769,0.8981871212104565,1,1
93,Medium,High,No,5,Yes,2,Low,Medium,Negative,1,No,College,Near,Male,71,0.5051333822819205,0.4120116692730346,0,2
60,Low,Medium,No,7,Yes,3,High,Medium,Neutral,2,No,College,Near,Female,64,0.5051333822819205,-0.21307105464650783,1,0
100,Medium,Medium,No,5,Yes,3,Low,Low,Positive,3,Yes,Postgraduate,Near,Male,71,0.17124193507816154,1.1760016651746976,1,0
67,Medium,Medium,No,7,Yes,1,Low,High,Neutral,3,No,High School,Near,Female,65,-0.1626495121255974,1.1065480291836374,1,1
79,Low,Medium,Yes,7,Yes,1,High,Medium,Positive,3,No,Postgraduate,Near,Male,68,0.5051333822819205,-0.6297928705928695,0,2
95,Medium,High,Yes,8,Yes,1,Low,High,Neutral,2,No,College,Near,Female,67,-2.49988964255191,1.1760016651746976,0,0
69,Medium,High,Yes,7,Yes,2,Medium,High,Negative,4,No,Postgraduate,Far,Male,67,0.6720791058837999,-0.5603392346018092,1,1
79,Medium,Low,Yes,7,Yes,2,Medium,Medium,Neutral,4,No,High School,Near,Male,67,0.17124193507816154,0.4120116692730346,1,0
65,Medium,High,Yes,9,Yes,1,Low,Medium,Neutral,3,No,Postgraduate,Moderate,Male,63,-0.1626495121255974,-1.0465146865392312,1,0
76,Medium,Medium,No,7,Yes,0,Medium,Low,Positive,3,No,High School,Near,Female,68,2.007644894698836,-0.8381537785660502,1,1
67,High,High,Yes,6,Yes,1,Low,High,Positive,3,No,Postgraduate,Near,Female,66,-0.6634866829312358,-0.21307105464650783,1,1
75,Medium,Medium,Yes,7,Yes,1,High,High,Positive,4,No,High School,Near,Male,67,-0.3295952357274769,-0.6297928705928695,1,2
75,Medium,Low,Yes,6,Yes,3,Medium,Medium,Neutral,2,No,College,Moderate,Female,68,2.007644894698836,-1.3243292305034722,1,1
100,High,Medium,Yes,5,Yes,2,High,Medium,Neutral,3,No,Postgraduate,Near,Male,72,-0.8304324065331153,-0.07416378266438728,0,1
100,Medium,Medium,No,5,Yes,3,Low,High,Neutral,3,No,Postgraduate,Moderate,Female,70,-0.4965409593293564,0.06474348931773327,0,0
65,Low,High,No,9,Yes,3,Medium,Medium,Negative,4,No,High School,Moderate,Female,62,-0.1626495121255974,-1.1854219585213517,1,0
89,Medium,Low,Yes,6,Yes,2,Low,Medium,Neutral,2,No,College,Near,Female,69,0.8390248294856795,-1.1159683225302914,1,1
62,Medium,Low,Yes,7,Yes,0,Low,Medium,Positive,4,No,High School,Near,Female,61,0.17124193507816154,-1.6715974104587736,0,0
61,Medium,Low,Yes,7,Yes,2,Low,Medium,Positive,2,No,High School,Moderate,Female,58,-1.3312695773387537,-1.6021437744677132,1,0
64,Low,Medium,No,7,Yes,5,Medium,Medium,Neutral,3,No,High School,Near,Male,63,-0.4965409593293564,-0.49088559861074893,0,1
99,High,Medium,No,9,No,4,Medium,Medium,Positive,3,No,College,Near,Female,71,-0.6634866829312358,-1.254875594512412,1,2
98,Low,Medium,Yes,7,No,1,Low,High,Positive,3,No,College,Near,Female,70,0.004296211476282077,1.4538162091389386,1,0
68,High,Medium,No,6,Yes,1,Low,Medium,Neutral,3,No,High School,Near,Female,64,0.5051333822819205,-1.0465146865392312,1,1
66,High,Low,No,6,Yes,2,Medium,Medium,Positive,1,No,College,Far,Male,63,0.5051333822819205,-1.532690138476653,1,0
70,High,Medium,Yes,8,Yes,1,Medium,Medium,Positive,3,No,College,Near,Male,63,-1.8321067481443922,-0.3519783266286284,1,0
81,High,Low,No,8,Yes,2,Low,High,Positive,5,No,Postgraduate,Near,Female,71,1.005970553087559,-1.0465146865392312,1,2
83,Low,High,Yes,8,No,0,Low,Low,Negative,2,No,Postgraduate,Near,Female,65,0.338187658680041,-1.532690138476653,1,1
69,High,High,No,7,Yes,2,Low,Medium,Neutral,2,No,High School,Moderate,Male,68,1.339862000291318,0.8981871212104565,1,0
90,Medium,High,Yes,5,No,1,Medium,Medium,Neutral,3,No,High School,Moderate,Male,70,0.5051333822819205,0.20365076129985382,0,2
72,High,High,Yes,8,Yes,3,Medium,Low,Neutral,3,No,High School,Far,Female,68,1.1729162766894383,-1.532690138476653,1,1
97,Medium,High,No,7,No,3,Low,Medium,Negative,1,No,High School,Moderate,Male,69,0.5051333822819205,-0.14361741865544755,0,1
86,Medium,Medium,Yes,7,Yes,0,Medium,Medium,Positive,5,No,College,Near,Male,70,1.339862000291318,-1.6021437744677132,1,1
77,High,Medium,No,5,Yes,0,High,High,Positive,3,Yes,High School,Near,Male,67,0.5051333822819205,-0.49088559861074893,0,0
92,Low,High,Yes,6,Yes,2,Medium,Medium,Neutral,2,No,High School,Near,Female,69,-0.1626495121255974,-0.49088559861074893,1,1
93,Low,Medium,No,6,Yes,2,High,Medium,Neutral,3,No,High School,Moderate,Female,73,2.3415363419025947,1.1065480291836374,1,0
72,Medium,Medium,Yes,8,Yes,3,Medium,Low,Positive,3,No,Postgraduate,Moderate,Male,68,0.8390248294856795,0.8287334852193963,1,0
74,High,Medium,No,8,Yes,2,Low,Medium,Negative,2,No,College,Far,Female,67,0.5051333822819205,1.3843625731478784,1,1
97,Medium,High,Yes,7,Yes,0,Low,Medium,Positive,4,No,College,Moderate,Female,67,-1.3312695773387537,-1.254875594512412,0,0
67,Medium,High,Yes,8,Yes,2,Low,High,Positive,3,No,College,Near,Male,64,-1.3312695773387537,0.13419712530879355,0,1
62,High,Medium,No,9,Yes,2,Low,Medium,Neutral,2,No,High School,Near,Male,63,0.338187658680041,-1.6715974104587736,1,1
78,Low,High,No,8,No,1,Medium,Low,Negative,5,No,Postgraduate,Near,Female,67,0.17124193507816154,1.1065480291836374,0,1
92,Medium,High,Yes,8,Yes,1,Medium,High,Positive,2,No,High School,Near,Male,70,-0.6634866829312358,-0.49088559861074893,1,1
91,High,Medium,Yes,6,Yes,1,Medium,Medium,Positive,3,No,Postgraduate,Near,Female,71,0.17124193507816154,-1.532690138476653,1,2
97,Medium,High,Yes,6,Yes,1,Medium,Medium,Neutral,2,No,College,Near,Male,74,1.6737534474950768,-0.6297928705928695,0,2
81,Medium,High,Yes,9,Yes,2,High,Low,Positive,3,No,High School,Near,Male,70,0.6720791058837999,-0.76870014257499,1,2
64,Low,Low,No,6,Yes,1,Medium,Medium,Neutral,2,No,College,Moderate,Female,59,-1.1643238537368743,0.8981871212104565,1,1
84,Low,Medium,Yes,8,Yes,0,Low,Medium,Neutral,3,Yes,High School,Near,Male,64,-0.1626495121255974,-1.3243292305034722,0,1
91,Low,Medium,No,10,Yes,2,Medium,High,Neutral,3,No,High School,Near,Female,67,-0.8304324065331153,0.20365076129985382,1,0
64,Medium,Medium,Yes,8,Yes,1,Low,Medium,Neutral,3,No,High School,Near,Male,63,-0.3295952357274769,1.0370943931925771,1,1
67,Low,High,Yes,7,Yes,5,Low,Low,Positive,2,No,College,Near,Male,66,-0.3295952357274769,0.8287334852193963,1,1
60,Medium,Medium,Yes,5,Yes,1,Medium,Medium,Negative,4,No,College,Far,Male,62,-0.4965409593293564,1.523269845129999,0,1
84,Low,Medium,No,7,Yes,3,High,High,Neutral,3,No,High School,Near,Male,65,-1.3312695773387537,-1.7410510464498339,1,1
95,High,High,Yes,9,Yes,3,High,Medium,Positive,4,No,College,Far,Male,73,-0.1626495121255974,-0.49088559861074893,1,1
87,High,High,Yes,7,Yes,1,Medium,High,Positive,2,No,High School,Near,Male,70,-0.4965409593293564,-0.49088559861074893,1,2
99,Medium,Low,Yes,9,Yes,0,Medium,Medium,Neutral,4,No,High School,Near,Male,62,-3.0007268133575487,-1.6021437744677132,1,0
63,Medium,High,No,8,No,2,High,Low,Positive,5,Yes,High School,Near,Female,68,2.007644894698836,1.1065480291836374,1,1
96,High,Low,Yes,7,Yes,1,High,Medium,Neutral,3,No,College,Near,Male,74,1.1729162766894383,0.6203725772462154,1,1
93,Medium,Medium,No,7,Yes,2,Medium,Medium,Neutral,4,No,High School,Near,Female,96,-0.3295952357274769,0.06474348931773327,0,0
73,High,High,No,5,Yes,1,Low,High,Negative,2,No,High School,Moderate,Male,66,0.004296211476282077,-0.3519783266286284,1,2
99,Low,High,Yes,6,No,0,Low,Medium,Positive,4,No,Postgraduate,Near,Male,69,-1.1643238537368743,1.3843625731478784,1,1
72,High,High,Yes,6,Yes,1,Low,Medium,Neutral,3,No,Postgraduate,Near,Female,70,1.6737534474950768,-0.8381537785660502,1,1
96,Medium,Low,Yes,8,Yes,2,Medium,Medium,Neutral,3,No,College,Near,Male,73,1.8406991710969562,-0.5603392346018092,0,1
95,Low,Low,No,7,Yes,1,Low,High,Positive,2,No,High School,Near,Male,69,0.17124193507816154,1.5927234811210593,1,0
90,High,High,Yes,9,Yes,1,Low,Medium,Neutral,4,No,High School,Far,Male,71,1.005970553087559,-1.532690138476653,0,1
83,High,Low,Yes,7,No,0,Low,Low,Neutral,2,No,College,Moderate,Female,65,0.17124193507816154,0.9676407572015168,1,0
65,Medium,Low,Yes,6,Yes,1,Medium,Medium,Positive,3,No,Postgraduate,Near,Female,62,-1.3312695773387537,0.759279849228336,1,1
81,High,High,No,6,Yes,1,Medium,Medium,Positive,3,No,High School,Near,Male,69,-0.3295952357274769,1.3843625731478784,1,0
74,Low,Medium,No,6,Yes,3,Low,Medium,Positive,2,No,College,Near,Male,65,0.17124193507816154,-1.3937828664945324,1,2
92,Medium,Medium,No,7,Yes,1,Medium,Medium,Neutral,2,No,College,Far,Female,68,-0.4965409593293564,1.6621771171121196,1,1
90,Low,Low,Yes,6,Yes,1,Low,Medium,Negative,3,Yes,Postgraduate,Near,Male,65,-0.1626495121255974,-1.6715974104587736,1,2
96,Medium,High,Yes,5,Yes,4,High,Medium,Neutral,1,No,High School,Moderate,Male,72,-0.1626495121255974,-0.5603392346018092,0,1
61,High,High,Yes,9,Yes,2,High,Medium,Positive,4,No,Postgraduate,Near,Male,67,0.004296211476282077,-1.4632365024855927,0,1
92,Medium,Low,No,7,Yes,2,Medium,High,Positive,2,No,College,Far,Male,68,0.004296211476282077,-1.532690138476653,0,1
98,Low,Medium,No,7,No,0,Medium,High,Positive,3,No,High School,Near,Male,68,-0.9973781301349948,1.5927234811210593,1,1
92,Medium,Medium,No,6,No,2,Medium,Medium,Neutral,3,Yes,College,Near,Female,66,-0.6634866829312358,0.759279849228336,0,0
65,Medium,High,Yes,5,Yes,0,High,Medium,Negative,2,No,High School,Moderate,Male,62,-1.3312695773387537,-0.004710146673327003,0,2
63,Medium,Medium,Yes,7,Yes,2,Medium,High,Neutral,4,No,High School,Far,Male,65,1.005970553087559,-1.3937828664945324,1,1
61,Low,High,Yes,4,Yes,1,Medium,Medium,Positive,5,No,High School,Far,Female,60,-2.165998195348151,0.06474348931773327,0,2
85,High,Medium,Yes,8,Yes,2,Low,High,Neutral,4,Yes,High School,Moderate,Male,70,1.1729162766894383,-0.6297928705928695,0,1
85,Medium,Medium,Yes,6,Yes,1,Low,Medium,Neutral,1,No,High School,Moderate,Male,68,1.339862000291318,-0.76870014257499,1,0
99,Medium,High,Yes,7,Yes,1,Medium,Medium,Neutral,3,No,Postgraduate,Near,Male,72,-0.3295952357274769,0.4120116692730346,1,0
76,Medium,Medium,Yes,8,Yes,2,High,Medium,Positive,2,No,High School,Moderate,Female,63,-2.6668353661537894,1.0370943931925771,1,1
73,Medium,High,Yes,7,Yes,1,Medium,Medium,Neutral,1,Yes,High School,Moderate,Male,63,-0.3295952357274769,-0.21307105464650783,0,0
85,Low,Medium,Yes,5,Yes,1,Medium,Medium,Neutral,2,No,College,Near,Male,67,0.004296211476282077,-0.004710146673327003,1,0
93,Medium,Low,Yes,9,Yes,4,Medium,Medium,Neutral,2,No,Postgraduate,Near,Female,68,-0.9973781301349948,0.5509189412551552,1,0
97,Medium,Medium,No,5,Yes,2,High,Medium,Positive,3,No,High School,Near,Female,69,-0.4965409593293564,-1.3243292305034722,1,0
92,High,Medium,Yes,4,Yes,1,High,High,Neutral,4,No,High School,Near,Female,75,1.5068077238931974,1.1065480291836374,1,0
77,Low,Medium,No,8,Yes,0,High,Medium,Neutral,3,No,High School,Moderate,Male,67,0.6720791058837999,1.1760016651746976,1,2
85,High,High,Yes,5,Yes,2,Low,High,Positive,3,No,High School,Near,Male,69,-0.9973781301349948,0.13419712530879355,1,1
94,Low,Medium,No,9,Yes,0,Medium,Medium,Positive,2,No,Postgraduate,Near,Male,65,-1.6651610245425126,-1.1159683225302914,1,0
80,Low,High,Yes,8,No,2,Medium,Medium,Negative,4,No,High School,Near,Male,65,-0.3295952357274769,-0.004710146673327003,1,1
69,Medium,Medium,Yes,7,Yes,1,Low,Medium,Positive,4,No,College,Near,Female,63,-0.1626495121255974,-1.3937828664945324,1,0
67,Low,Medium,No,6,Yes,2,Medium,Medium,Neutral,4,No,High School,Near,Male,65,0.5051333822819205,0.8981871212104565,0,1
60,Medium,Low,No,6,Yes,0,Low,Medium,Positive,2,No,High School,Far,Female,58,-0.4965409593293564,-0.6297928705928695,1,1
89,High,High,Yes,6,Yes,0,Low,High,Positive,3,No,High School,Moderate,Male,70,0.5051333822819205,-0.6297928705928695,0,0
64,Low,Low,Yes,6,Yes,1,Medium,Low,Neutral,5,No,College,Moderate,Male,66,2.007644894698836,1.523269845129999,1,1
70,Medium,Low,No,9,No,2,Low,Medium,Negative,2,No,College,Near,Female,63,0.8390248294856795,-0.2825246906375681,1,1
72,Medium,Low,Yes,6,Yes,1,Low,Medium,Negative,3,No,High School,Far,Male,62,0.004296211476282077,0.9676407572015168,0,0
82,Medium,Medium,Yes,8,Yes,2,Medium,Medium,Positive,3,No,College,Moderate,Female,69,-0.1626495121255974,0.4814653052640949,0,2
76,Medium,Medium,No,9,Yes,1,High,High,Positive,3,No,High School,Near,Female,66,-0.3295952357274769,-0.6297928705928695,1,2
87,High,Low,No,6,Yes,0,Low,High,Neutral,2,No,High School,Moderate,Male,68,1.1729162766894383,-1.3243292305034722,1,1
62,Low,Medium,Yes,8,Yes,2,High,Medium,Neutral,2,No,Postgraduate,Far,Male,62,-0.6634866829312358,1.0370943931925771,1,0
65,High,Medium,No,6,Yes,0,Medium,High,Negative,4,Yes,High School,Near,Male,64,0.004296211476282077,0.8981871212104565,1,1
80,Medium,High,Yes,7,No,0,Medium,Medium,Neutral,2,No,College,Near,Female,65,0.004296211476282077,-1.1854219585213517,1,0
73,Medium,High,Yes,6,Yes,2,Low,Medium,Negative,3,No,College,Far,Male,64,-0.4965409593293564,-0.9076074145571106,0,0
72,Medium,Medium,No,6,Yes,2,High,Medium,Positive,3,No,High School,Near,Female,65,-1.3312695773387537,0.8981871212104565,1,2
63,Medium,Medium,Yes,7,Yes,3,Medium,Medium,Neutral,4,No,High School,Moderate,Male,65,0.338187658680041,1.6621771171121196,0,0
96,Low,Medium,Yes,5,Yes,0,Medium,Medium,Neutral,3,No,College,Near,Female,70,0.004296211476282077,1.1760016651746976,1,1
88,Low,High,No,8,Yes,2,Medium,Medium,Positive,3,Yes,Postgraduate,Near,Female,71,0.5051333822819205,0.6203725772462154,0,2
65,Medium,Medium,Yes,5,Yes,2,Medium,High,Positive,3,No,College,Moderate,Male,65,-0.4965409593293564,1.4538162091389386,1,0
63,High,Medium,No,5,No,1,High,High,Positive,4,No,Postgraduate,Near,Male,67,1.1729162766894383,-0.76870014257499,1,1
99,Low,High,Yes,7,No,4,Low,Medium,Positive,2,No,High School,Moderate,Male,68,-0.8304324065331153,-1.7410510464498339,1,2
87,High,High,Yes,6,Yes,1,Medium,Medium,Neutral,4,No,High School,Near,Male,73,1.6737534474950768,-0.6297928705928695,1,0
77,Medium,High,No,8,Yes,0,Medium,High,Neutral,4,Yes,High School,Near,Male,64,-1.6651610245425126,1.6621771171121196,1,1
88,High,High,No,7,No,3,Low,Medium,Positive,1,No,High School,Near,Male,71,0.5051333822819205,1.3149089371568181,0,0
90,Medium,High,No,5,Yes,2,Medium,High,Positive,2,No,High School,Near,Female,70,0.5051333822819205,-1.532690138476653,0,1
91,Low,High,No,8,Yes,4,Medium,Medium,Neutral,1,No,High School,Near,Female,68,-0.8304324065331153,-0.004710146673327003,1,1
79,High,Medium,Yes,7,Yes,2,Low,Medium,Neutral,4,No,College,Moderate,Female,68,0.5051333822819205,-1.4632365024855927,0,1
77,Low,High,Yes,7,Yes,3,Low,Medium,Positive,3,Yes,High School,Far,Male,68,1.339862000291318,0.9676407572015168,1,1
60,Medium,High,Yes,10,Yes,0,Low,Medium,Positive,3,No,College,Moderate,Female,59,-2.165998195348151,-0.4214319626196886,0,0
97,Medium,Medium,Yes,9,Yes,2,Medium,High,Neutral,4,No,College,Near,Male,74,0.5051333822819205,1.4538162091389386,0,1
84,Medium,Medium,Yes,7,No,1,Low,High,Positive,3,No,Postgraduate,Moderate,Male,62,-2.49988964255191,-1.532690138476653,1,0
68,High,Low,Yes,5,Yes,2,Medium,Medium,Positive,3,No,High School,Far,Male,64,-0.9973781301349948,0.8287334852193963,1,2
97,High,High,No,5,Yes,0,High,Medium,Positive,2,No,Postgraduate,Near,Male,76,1.6737534474950768,-0.3519783266286284,1,1
97,High,Medium,Yes,9,Yes,2,Low,Medium,Positive,2,No,High School,Near,Male,70,-0.4965409593293564,-0.8381537785660502,1,1
100,High,Medium,No,6,No,0,Low,Low,Positive,5,No,Postgraduate,Near,Male,69,-1.1643238537368743,0.06474348931773327,1,1
95,Medium,Medium,Yes,7,No,0,Low,High,Positive,2,No,High School,Near,Female,69,-0.1626495121255974,-0.07416378266438728,1,2
100,Low,High,Yes,5,No,4,Medium,Medium,Positive,3,No,High School,Far,Male,74,2.007644894698836,-0.5603392346018092,1,1
70,High,Medium,No,8,No,2,High,High,Negative,2,No,High School,Near,Female,62,-1.8321067481443922,0.4814653052640949,1,0
94,Medium,Medium,No,9,Yes,2,Low,High,Positive,3,No,Postgraduate,Moderate,Male,70,-0.9973781301349948,0.5509189412551552,1,2
93,Low,Medium,Yes,9,No,4,Low,High,Positive,3,No,High School,Near,Male,71,1.5068077238931974,-1.4632365024855927,1,1
69,Medium,Low,Yes,6,Yes,4,Medium,Medium,Negative,2,No,College,Near,Male,68,1.8406991710969562,0.3425580332819744,1,0
64,High,Low,Yes,8,Yes,3,High,Medium,Neutral,3,No,Postgraduate,Near,Female,66,-0.1626495121255974,0.759279849228336,0,0
99,Low,Medium,No,7,Yes,3,High,Medium,Negative,3,No,High School,Far,Male,67,-1.1643238537368743,-1.4632365024855927,1,2
72,High,Medium,No,8,Yes,3,Low,High,Neutral,4,No,High School,Near,Male,71,2.1745906183007153,0.5509189412551552,0,0
95,Medium,Medium,Yes,7,Yes,3,Medium,Medium,Neutral,1,No,High School,Moderate,Male,74,1.6737534474950768,1.0370943931925771,1,1
60,Low,Medium,Yes,6,Yes,3,Medium,Medium,Positive,2,No,College,Near,Male,65,0.6720791058837999,1.1760016651746976,1,0
61,High,Low,Yes,9,Yes,1,Medium,Medium,Neutral,3,No,High School,Moderate,Female,60,-0.8304324065331153,-1.6021437744677132,0,1
79,High,High,Yes,7,Yes,2,Medium,Medium,Neutral,2,No,College,Moderate,Male,69,0.004296211476282077,0.6898262132372758,1,0
70,Medium,Medium,Yes,6,Yes,2,Low,Medium,Positive,3,No,High School,Moderate,Male,65,-0.1626495121255974,1.0370943931925771,0,0
88,Medium,Low,Yes,7,Yes,3,Low,Medium,Positive,2,No,High School,Near,Female,69,0.338187658680041,-0.3519783266286284,1,1
83,Medium,Low,Yes,6,Yes,1,Medium,Medium,Neutral,4,No,High School,Near,Male,70,1.5068077238931974,0.13419712530879355,1,2
63,High,Low,Yes,8,Yes,0,Medium,High,Positive,1,Yes,Postgraduate,Near,Female,65,0.8390248294856795,-0.8381537785660502,0,1
67,Low,Low,Yes,7,Yes,0,Low,Medium,Neutral,4,No,High School,Far,Female,57,-0.9973781301349948,-0.6297928705928695,1,0
76,Medium,Medium,Yes,6,Yes,0,Medium,High,Positive,2,No,High School,Near,Female,68,1.339862000291318,-0.004710146673327003,1,0
67,High,High,No,10,Yes,2,High,Low,Neutral,3,No,Postgraduate,Near,Male,67,0.338187658680041,-1.1854219585213517,1,1
92,Medium,Medium,No,5,Yes,2,Medium,Medium,Negative,4,No,High School,Near,Female,70,0.6720791058837999,-0.4214319626196886,0,1
77,Medium,Medium,Yes,8,Yes,1,Medium,Medium,Neutral,3,No,High School,Near,Male,68,1.5068077238931974,-0.6992465065839297,1,1
64,High,High,Yes,7,Yes,1,Low,Medium,Neutral,1,No,College,Moderate,Female,62,-1.1643238537368743,-0.9076074145571106,1,1
79,High,Medium,Yes,5,Yes,1,Low,Medium,Neutral,5,No,High School,Far,Male,67,0.004296211476282077,-0.07416378266438728,1,1
64,High,High,Yes,6,Yes,0,Medium,Medium,Positive,1,No,Postgraduate,Near,Male,66,-0.4965409593293564,1.1760016651746976,0,1
65,Medium,Low,Yes,5,Yes,2,Medium,High,Neutral,2,No,College,Far,Female,60,-1.4982153009406332,-0.9076074145571106,1,1
70,High,Low,No,10,Yes,0,Medium,Medium,Positive,2,No,College,Moderate,Male,65,0.338187658680041,0.5509189412551552,1,0
94,High,Medium,Yes,7,Yes,1,Low,High,Positive,2,No,College,Near,Female,75,2.508482065504474,-0.8381537785660502,1,1
97,Low,Medium,Yes,7,Yes,4,Medium,High,Neutral,5,No,High School,Far,Female,67,-1.8321067481443922,-1.254875594512412,1,1
93,Medium,High,No,10,Yes,1,Low,Medium,Neutral,2,No,Postgraduate,Moderate,Male,71,0.004296211476282077,1.523269845129999,1,1
73,Low,Low,Yes,6,Yes,0,Medium,Medium,Negative,2,Yes,High School,Near,Male,63,0.6720791058837999,0.4814653052640949,1,1
71,High,Medium,Yes,9,Yes,2,High,High,Positive,1,No,Postgraduate,Moderate,Male,67,0.17124193507816154,-1.3937828664945324,1,0
82,High,Medium,No,8,Yes,2,Low,Medium,Negative,4,No,Postgraduate,Near,Female,68,-0.1626495121255974,0.4814653052640949,0,0
89,High,Low,Yes,4,Yes,2,Low,High,Negative,4,No,High School,Near,Male,65,-1.3312695773387537,-1.1159683225302914,1,0
100,Low,High,No,6,No,1,High,Medium,Positive,3,No,College,Moderate,Female,72,0.17124193507816154,1.3149089371568181,1,1
65,Medium,Medium,No,8,Yes,1,Medium,Medium,Neutral,4,No,High School,Moderate,Female,61,-0.8304324065331153,-0.9076074145571106,1,1
62,Low,High,No,7,Yes,1,Medium,Low,Neutral,5,No,College,Moderate,Female,60,-2.165998195348151,1.0370943931925771,1,1
88,High,High,Yes,7,Yes,2,Low,Medium,Positive,2,No,High School,Near,Female,72,1.1729162766894383,-1.0465146865392312,1,1
93,Medium,Medium,Yes,6,Yes,2,Medium,Medium,Neutral,3,No,Postgraduate,Far,Female,72,1.005970553087559,0.20365076129985382,1,1
94,Low,Medium,Yes,6,Yes,2,Medium,Medium,Negative,3,No,College,Near,Male,70,0.004296211476282077,1.4538162091389386,0,1
87,Low,Medium,No,7,Yes,2,Medium,Medium,Negative,3,Yes,College,Near,Male,67,0.17124193507816154,-0.6992465065839297,1,2
98,Medium,Medium,No,10,Yes,0,Low,High,Neutral,1,No,Postgraduate,Near,Male,71,1.005970553087559,-1.4632365024855927,0,1
80,Medium,Low,Yes,6,Yes,0,Medium,Medium,Negative,2,No,Postgraduate,Near,Female,66,0.17124193507816154,0.20365076129985382,0,1
97,High,High,No,6,Yes,0,Low,High,Positive,2,No,High School,Near,Female,72,0.8390248294856795,-1.1159683225302914,1,0
99,Medium,Medium,Yes,7,No,1,High,Medium,Neutral,4,No,High School,Moderate,Female,70,-0.3295952357274769,0.759279849228336,1,1
94,Medium,Low,Yes,5,Yes,2,High,Medium,Negative,2,No,High School,Moderate,Female,71,1.339862000291318,0.3425580332819744,1,1
72,Low,Low,Yes,8,Yes,2,Medium,Medium,Negative,4,No,College,Far,Male,64,0.338187658680041,-0.5603392346018092,1,2
68,Medium,Medium,Yes,5,No,3,High,Medium,Positive,2,No,College,Moderate,Male,66,0.17124193507816154,0.6898262132372758,1,1
82,High,Low,No,5,Yes,2,Medium,Medium,Positive,4,No,High School,Near,Male,64,-1.3312695773387537,-0.9076074145571106,1,0
78,Medium,Medium,Yes,5,Yes,0,Low,Medium,Neutral,3,No,High School,Moderate,Male,67,0.338187658680041,1.4538162091389386,1,1
95,Low,Low,No,5,Yes,3,Medium,Medium,Positive,3,No,High School,Moderate,Female,67,-0.8304324065331153,-0.5603392346018092,1,2
64,High,Low,No,9,Yes,1,Medium,High,Positive,3,No,High School,Near,Male,64,-0.6634866829312358,0.8981871212104565,1,1
70,Low,Medium,No,8,Yes,0,Medium,Medium,Positive,4,No,High School,Moderate,Female,61,-0.8304324065331153,-0.8381537785660502,0,0
90,High,High,Yes,8,Yes,4,Medium,Medium,Negative,2,No,High School,Near,Female,99,-0.9973781301349948,0.759279849228336,0,1
64,Medium,Medium,No,8,No,3,High,Medium,Positive,4,No,High School,Near,Male,67,2.1745906183007153,-1.6021437744677132,1,0
73,Medium,High,Yes,7,Yes,3,High,High,Positive,3,No,Postgraduate,Near,Male,72,1.339862000291318,-0.6992465065839297,1,2
75,Low,Low,No,7,Yes,1,Medium,Medium,Neutral,4,No,High School,Moderate,Male,66,2.007644894698836,-1.3937828664945324,1,1
85,Low,High,Yes,9,Yes,3,Medium,High,Positive,2,No,Postgraduate,Moderate,Male,68,-1.1643238537368743,-0.14361741865544755,1,2
66,High,Low,No,9,Yes,1,Medium,High,Positive,1,No,College,Near,Female,64,0.004296211476282077,-0.21307105464650783,1,0
94,High,High,No,5,Yes,1,High,Medium,Neutral,2,No,High School,Near,Male,69,-1.3312695773387537,-0.49088559861074893,1,2
78,Medium,High,No,10,Yes,0,Low,Medium,Positive,4,No,High School,Far,Female,65,-0.6634866829312358,1.6621771171121196,1,0
97,Low,High,No,5,No,1,Medium,Medium,Neutral,4,Yes,Postgraduate,Far,Female,66,-0.9973781301349948,-0.9076074145571106,1,1
79,High,High,Yes,6,Yes,3,Medium,High,Positive,4,No,High School,Near,Male,73,1.1729162766894383,1.0370943931925771,1,0
71,Medium,Medium,Yes,7,Yes,0,Low,Medium,Neutral,4,No,High School,Near,Female,63,-0.3295952357274769,-0.21307105464650783,1,0
66,Medium,Medium,Yes,7,Yes,3,Medium,Medium,Negative,4,No,High School,Moderate,Female,66,1.005970553087559,-0.5603392346018092,1,2
60,Medium,Medium,Yes,10,Yes,3,Low,High,Neutral,2,No,Postgraduate,Near,Female,65,0.6720791058837999,-1.0465146865392312,0,0
81,Medium,Medium,Yes,9,Yes,1,Medium,High,Negative,2,No,High School,Near,Male,71,2.3415363419025947,0.4814653052640949,1,0
64,Medium,Low,Yes,8,No,1,Medium,Medium,Neutral,2,Yes,College,Near,Male,58,-1.4982153009406332,-0.5603392346018092,1,2
76,Medium,Medium,No,9,Yes,0,Low,High,Neutral,3,No,High School,Moderate,Male,68,1.339862000291318,1.1065480291836374,0,1
84,Medium,Medium,No,8,Yes,0,Low,Medium,Neutral,4,No,High School,Moderate,Male,69,1.1729162766894383,1.5927234811210593,1,1
71,High,Low,Yes,6,Yes,0,Low,Medium,Positive,3,No,Postgraduate,Near,Female,63,-0.9973781301349948,-0.9770610505481708,1,0
67,Medium,Medium,Yes,8,Yes,1,Medium,Medium,Negative,5,No,College,Near,Female,66,1.005970553087559,-1.3243292305034722,1,1
91,Medium,Medium,Yes,7,No,0,High,High,Negative,3,No,College,Near,Female,69,0.338187658680041,-0.6297928705928695,1,1
98,Medium,Low,Yes,6,Yes,3,Low,Medium,Negative,3,No,College,Near,Male,69,-0.1626495121255974,-0.14361741865544755,0,1
64,High,Medium,No,9,Yes,2,Medium,Medium,Neutral,2,No,High School,Near,Male,63,-0.8304324065331153,-0.6992465065839297,1,1
66,Low,High,Yes,7,Yes,1,Low,Medium,Positive,3,No,College,Near,Female,65,-0.6634866829312358,1.6621771171121196,1,1
98,Low,High,No,5,Yes,2,High,Low,Positive,3,No,College,Near,Male,76,2.007644894698836,0.9676407572015168,0,1
62,High,Medium,Yes,6,Yes,0,High,High,Neutral,3,No,Postgraduate,Near,Male,67,0.004296211476282077,1.5927234811210593,1,2
99,Low,Medium,No,8,No,1,Low,High,Positive,3,No,Postgraduate,Moderate,Male,70,0.8390248294856795,-0.4214319626196886,1,1
60,Medium,Low,No,9,Yes,1,Medium,High,Negative,5,No,College,Moderate,Male,60,-0.8304324065331153,-0.6992465065839297,1,1
95,High,Low,No,8,Yes,2,High,High,Neutral,3,Yes,High School,Near,Female,68,-0.8304324065331153,-0.3519783266286284,1,1
72,Medium,Medium,Yes,8,Yes,1,Medium,Medium,Negative,3,No,Postgraduate,Near,Male,68,1.005970553087559,0.06474348931773327,1,1
98,Low,High,Yes,6,Yes,2,Low,Medium,Neutral,3,No,Postgraduate,Near,Female,70,-1.3312695773387537,0.8287334852193963,0,1
73,Medium,High,Yes,7,Yes,1,High,Medium,Neutral,3,No,Postgraduate,Moderate,Female,68,-0.3295952357274769,1.3149089371568181,0,2
86,High,High,No,7,Yes,3,Low,Low,Neutral,3,Yes,High School,Near,Male,69,0.004296211476282077,-0.14361741865544755,1,1
63,Medium,Medium,Yes,7,Yes,0,Low,Medium,Negative,3,No,High School,Near,Female,62,0.17124193507816154,-0.76870014257499,1,1
70,High,Low,No,7,Yes,1,High,Low,Neutral,4,No,College,Moderate,Male,64,-0.1626495121255974,-0.6297928705928695,0,1
91,High,Medium,No,6,Yes,2,Medium,Medium,Positive,2,No,High School,Moderate,Female,71,0.338187658680041,0.6898262132372758,0,0
81,Medium,Medium,Yes,8,Yes,1,Low,Medium,Positive,2,No,High School,Near,Male,68,0.6720791058837999,0.20365076129985382,1,1
97,High,Medium,No,5,Yes,0,Medium,Low,Neutral,5,No,High School,Near,Female,72,0.6720791058837999,-0.07416378266438728,1,2
77,Medium,Medium,Yes,5,Yes,1,High,High,Negative,3,No,Postgraduate,Far,Male,64,-0.9973781301349948,-1.0465146865392312,0,0
95,Medium,High,Yes,6,Yes,6,Low,High,Neutral,3,No,High School,Far,Female,73,-0.3295952357274769,1.3149089371568181,1,1
78,Medium,High,No,8,Yes,0,Low,Medium,Neutral,3,No,Postgraduate,Near,Female,69,1.1729162766894383,0.9676407572015168,1,0
99,Low,Medium,No,8,Yes,1,Medium,Low,Positive,3,No,Postgraduate,Moderate,Male,70,0.8390248294856795,-1.254875594512412,0,1
98,Medium,High,No,4,Yes,3,Low,High,Neutral,2,No,High School,Near,Female,69,-1.3312695773387537,-0.49088559861074893,1,1
73,Medium,Low,No,8,Yes,1,High,Medium,Neutral,3,No,High School,Far,Male,64,0.338187658680041,0.13419712530879355,1,1
95,Medium,Medium,No,7,Yes,2,Medium,Medium,Neutral,2,No,College,Near,Male,66,-1.9990524717462717,-0.14361741865544755,0,0
94,Medium,Medium,Yes,6,Yes,1,Medium,Medium,Neutral,2,No,High School,Moderate,Female,69,0.004296211476282077,-0.3519783266286284,1,2
68,High,Medium,No,7,Yes,1,Low,Medium,Positive,3,No,High School,Moderate,Female,68,1.8406991710969562,0.759279849228336,0,0
85,Medium,Low,Yes,5,Yes,4,Medium,Medium,Neutral,3,No,High School,Near,Male,65,-0.9973781301349948,-1.532690138476653,1,1
63,High,Low,Yes,7,Yes,4,Low,Medium,Negative,2,No,High School,Moderate,Male,62,-0.8304324065331153,-0.07416378266438728,1,1
93,High,High,Yes,5,Yes,2,High,Medium,Positive,2,No,Postgraduate,Near,Female,75,0.8390248294856795,-0.8381537785660502,1,1
67,Medium,Medium,Yes,6,Yes,0,Low,Medium,Positive,3,No,High School,Near,Female,60,-1.4982153009406332,-1.4632365024855927,1,0
63,Medium,High,Yes,6,Yes,0,Medium,Medium,Neutral,4,No,College,Near,Male,63,-0.6634866829312358,-0.14361741865544755,1,1
76,Medium,Low,Yes,8,Yes,2,Medium,Medium,Positive,4,No,College,Far,Male,66,0.6720791058837999,-1.1159683225302914,1,1
83,High,Medium,Yes,7,Yes,0,Medium,Medium,Neutral,3,No,Postgraduate,Near,Female,67,-0.6634866829312358,-0.8381537785660502,1,1
94,Low,Medium,Yes,8,Yes,1,Medium,Medium,Negative,3,No,College,Moderate,Female,68,-0.1626495121255974,-0.004710146673327003,1,1
99,Medium,Medium,Yes,5,Yes,0,Low,Medium,Positive,3,No,High School,Moderate,Female,72,0.6720791058837999,1.6621771171121196,1,1
78,Low,Medium,No,7,Yes,0,Low,Medium,Neutral,3,No,College,Near,Male,66,0.5051333822819205,0.6203725772462154,0,2
62,Medium,Medium,Yes,8,Yes,0,Low,Medium,Neutral,3,No,Postgraduate,Near,Female,63,0.338187658680041,-0.76870014257499,1,1
90,Medium,High,Yes,9,Yes,1,High,High,Positive,3,No,College,Moderate,Female,71,-0.3295952357274769,-0.4214319626196886,0,1
83,Low,Medium,Yes,5,Yes,2,Low,Medium,Positive,3,No,College,Far,Male,67,0.338187658680041,-0.3519783266286284,1,2
78,Medium,Medium,Yes,6,Yes,1,Low,Medium,Neutral,3,No,Postgraduate,Near,Male,66,-0.1626495121255974,-1.1854219585213517,1,1
72,High,Medium,No,8,No,2,Low,High,Positive,2,No,College,Near,Female,66,0.5051333822819205,-1.1854219585213517,0,1
80,High,High,No,9,Yes,4,Low,Medium,Positive,2,No,College,Near,Male,68,-0.4965409593293564,-1.254875594512412,1,1
74,Medium,Medium,No,7,Yes,1,High,Medium,Neutral,3,No,College,Near,Female,66,-0.1626495121255974,0.06474348931773327,1,2
90,High,Medium,Yes,5,Yes,0,Low,Medium,Negative,3,No,Postgraduate,Near,Female,68,-0.9973781301349948,0.6203725772462154,1,1
82,High,Medium,Yes,5,Yes,3,Low,Medium,Neutral,1,Yes,College,Near,Female,68,0.004296211476282077,0.3425580332819744,1,1
95,Low,Medium,Yes,7,Yes,0,High,High,Neutral,2,No,High School,Near,Female,68,-0.8304324065331153,1.6621771171121196,1,0
82,Medium,High,No,8,Yes,2,Low,High,Neutral,3,No,Postgraduate,Near,Male,66,-1.1643238537368743,-1.3243292305034722,0,0
70,High,Low,No,7,Yes,1,Low,High,Positive,2,No,High School,Moderate,Male,66,0.338187658680041,1.6621771171121196,0,1
94,Medium,High,No,5,Yes,0,Medium,High,Neutral,3,No,Postgraduate,Far,Female,70,0.17124193507816154,-0.14361741865544755,1,0
82,High,Medium,Yes,9,Yes,1,High,Medium,Negative,2,No,High School,Near,Male,68,0.8390248294856795,-0.9770610505481708,1,0
68,Medium,Medium,Yes,6,Yes,2,High,Low,Negative,3,No,High School,Moderate,Male,65,-0.4965409593293564,1.523269845129999,1,2
85,Low,High,Yes,8,Yes,1,Medium,Medium,Positive,3,No,College,Near,Male,70,0.338187658680041,-0.14361741865544755,0,2
74,Medium,Medium,No,4,Yes,3,High,Medium,Negative,5,No,High School,Far,Male,66,0.5051333822819205,-0.5603392346018092,0,1
94,Medium,High,Yes,9,No,0,Medium,Medium,Negative,1,Yes,Postgraduate,Moderate,Female,68,0.5051333822819205,-0.9770610505481708,1,1
78,Medium,Medium,Yes,6,Yes,1,Medium,Medium,Neutral,2,Yes,College,Moderate,Male,64,-0.8304324065331153,-0.8381537785660502,0,2
89,Medium,Medium,No,9,Yes,0,Medium,Medium,Negative,3,No,High School,Near,Male,69,0.17124193507816154,1.6621771171121196,0,1
64,Medium,Medium,No,8,Yes,2,Medium,Medium,Neutral,4,No,Postgraduate,Near,Female,65,0.338187658680041,-0.6992465065839297,0,0
76,Medium,High,Yes,5,No,3,Medium,High,Negative,3,No,Postgraduate,Near,Female,69,0.004296211476282077,1.6621771171121196,1,0
99,Low,High,Yes,7,No,1,High,High,Neutral,4,No,High School,Near,Female,66,-2.165998195348151,-0.5603392346018092,0,0
92,High,Low,No,9,Yes,1,Medium,Low,Positive,2,No,High School,Near,Female,68,0.17124193507816154,-0.9076074145571106,1,1
66,Medium,Medium,Yes,6,Yes,3,High,Medium,Positive,2,No,Postgraduate,Near,Female,70,2.1745906183007153,-1.1159683225302914,1,1
71,High,Medium,No,9,Yes,1,Medium,High,Positive,3,No,High School,Moderate,Female,65,-0.3295952357274769,-0.2825246906375681,1,1
73,High,Medium,Yes,8,Yes,0,High,High,Neutral,2,No,High School,Near,Female,65,-0.6634866829312358,-0.9076074145571106,0,1
86,Medium,Low,No,9,Yes,1,Medium,Medium,Negative,3,No,Postgraduate,Near,Female,68,0.338187658680041,0.6898262132372758,1,1
90,Low,Medium,No,7,Yes,0,Medium,Medium,Positive,3,No,College,Near,Male,67,0.338187658680041,-0.9076074145571106,1,0
90,High,High,No,7,Yes,0,Low,Medium,Neutral,3,No,High School,Near,Female,72,1.1729162766894383,1.1760016651746976,0,1
80,High,High,Yes,10,Yes,1,High,High,Positive,3,No,Postgraduate,Moderate,Male,70,-1.3312695773387537,1.1760016651746976,1,2
92,Low,High,Yes,8,Yes,1,High,High,Neutral,3,No,College,Near,Male,72,0.6720791058837999,-0.76870014257499,0,2
77,High,High,Yes,7,Yes,1,High,Medium,Negative,5,No,College,Near,Male,71,0.6720791058837999,0.8981871212104565,1,0
65,Low,Medium,No,8,Yes,1,Medium,High,Neutral,4,No,College,Near,Male,64,-0.1626495121255974,1.2454553011657579,0,0
83,Low,High,Yes,6,Yes,2,Medium,Medium,Positive,5,No,High School,Moderate,Female,69,0.338187658680041,0.3425580332819744,1,1
98,Medium,Medium,Yes,7,Yes,4,Low,Medium,Positive,1,No,High School,Near,Female,73,1.005970553087559,-0.49088559861074893,1,1
92,Low,High,Yes,9,Yes,1,Low,Medium,Negative,5,No,Postgraduate,Far,Female,70,0.8390248294856795,-0.21307105464650783,1,1
83,High,Medium,No,7,Yes,1,Low,Medium,Neutral,4,No,Postgraduate,Near,Female,68,-1.1643238537368743,0.9676407572015168,1,1
86,High,Medium,No,6,Yes,2,Medium,High,Positive,5,No,High School,Moderate,Male,71,0.8390248294856795,-0.6992465065839297,1,1
97,Medium,High,No,6,Yes,1,Low,High,Positive,3,No,Postgraduate,Near,Female,71,0.004296211476282077,-0.5603392346018092,0,0
77,Low,High,Yes,7,Yes,0,High,Medium,Neutral,3,No,High School,Near,Male,66,0.004296211476282077,-1.1854219585213517,1,2
73,Medium,High,No,6,Yes,3,High,High,Neutral,4,No,High School,Near,Female,68,0.004296211476282077,-0.3519783266286284,1,0
99,Medium,High,Yes,5,Yes,0,Medium,Medium,Neutral,2,No,Postgraduate,Near,Male,70,-0.1626495121255974,-1.4632365024855927,1,0
95,Medium,Medium,No,5,Yes,3,Medium,Medium,Neutral,4,No,High School,Near,Male,72,1.1729162766894383,-0.6297928705928695,1,0
73,Low,High,Yes,9,Yes,1,Low,Low,Positive,4,No,Postgraduate,Near,Female,66,-0.1626495121255974,-0.4214319626196886,1,2
79,Medium,High,Yes,7,No,3,High,Medium,Neutral,2,No,High School,Near,Female,65,-1.1643238537368743,-0.8381537785660502,0,0
77,Medium,High,Yes,7,No,3,High,Medium,Neutral,3,Yes,High School,Near,Female,66,-0.3295952357274769,-1.3937828664945324,0,2
66,High,Medium,Yes,6,Yes,3,Low,Medium,Neutral,1,No,High School,Moderate,Female,65,0.17124193507816154,0.06474348931773327,0,0
98,High,Low,Yes,6,Yes,0,Low,Medium,Neutral,4,No,High School,Moderate,Male,72,1.1729162766894383,1.2454553011657579,0,0
76,Medium,Medium,Yes,6,Yes,2,High,Medium,Negative,3,No,College,Near,Female,68,0.6720791058837999,-0.5603392346018092,1,1
95,Medium,Medium,Yes,7,Yes,0,High,Medium,Negative,3,No,College,Near,Female,68,-0.8304324065331153,-0.9076074145571106,1,2
68,Low,High,Yes,5,Yes,0,High,Low,Positive,4,Yes,High School,Near,Male,67,2.508482065504474,-0.76870014257499,1,1
82,Medium,Medium,Yes,9,Yes,2,Low,Medium,Neutral,2,No,High School,Near,Male,68,0.338187658680041,1.2454553011657579,1,0
61,High,Medium,No,7,Yes,1,Medium,High,Positive,4,No,High School,Moderate,Male,67,1.339862000291318,0.06474348931773327,1,2
91,Medium,High,No,7,Yes,3,High,High,Negative,3,No,High School,Moderate,Female,69,-0.1626495121255974,-1.254875594512412,1,0
83,Low,Low,No,8,Yes,2,Low,Medium,Neutral,2,Yes,High School,Near,Male,65,0.5051333822819205,0.6898262132372758,0,1
85,Medium,Medium,No,8,Yes,2,Medium,High,Neutral,4,No,College,Near,Male,70,0.8390248294856795,-1.1854219585213517,1,1
62,High,Medium,No,6,Yes,1,Medium,Medium,Positive,2,No,High School,Moderate,Male,64,1.1729162766894383,-1.532690138476653,1,0
68,Medium,Medium,No,8,Yes,2,Low,High,Positive,3,No,High School,Near,Male,66,1.005970553087559,-0.8381537785660502,1,1
63,Low,Medium,No,8,Yes,1,High,Medium,Positive,1,No,College,Near,Female,64,0.8390248294856795,-1.1854219585213517,1,1
72,High,High,Yes,7,Yes,1,High,High,Negative,2,Yes,High School,Moderate,Female,66,-0.3295952357274769,0.3425580332819744,1,2
85,Medium,Medium,Yes,9,Yes,1,Medium,Medium,Neutral,2,No,High School,Near,Male,67,-0.4965409593293564,-0.07416378266438728,0,1
83,Medium,Low,Yes,8,Yes,3,Medium,Low,Negative,4,No,High School,Near,Male,68,0.338187658680041,0.759279849228336,1,1
84,Medium,Medium,No,8,Yes,5,Medium,High,Neutral,2,No,High School,Moderate,Male,71,1.005970553087559,0.06474348931773327,1,1
82,High,Low,No,9,Yes,1,Low,High,Neutral,3,No,College,Near,Female,67,-0.1626495121255974,-0.2825246906375681,0,1
71,High,Medium,Yes,7,Yes,3,Low,Medium,Positive,2,No,Postgraduate,Moderate,Male,69,1.005970553087559,0.06474348931773327,1,1
70,Medium,Low,Yes,7,Yes,1,Medium,Medium,Positive,4,No,College,Near,Male,67,1.5068077238931974,-0.21307105464650783,1,0
65,Low,High,Yes,8,Yes,4,Low,Medium,Neutral,3,Yes,High School,Moderate,Female,61,-0.8304324065331153,-1.6021437744677132,0,1
94,Medium,Medium,No,7,Yes,0,Medium,High,Positive,2,No,High School,Moderate,Male,68,-0.8304324065331153,0.6203725772462154,1,1
85,Low,Low,Yes,8,Yes,2,Medium,Low,Neutral,4,No,High School,Near,Female,67,-0.1626495121255974,1.5927234811210593,0,1
67,Low,Medium,Yes,6,Yes,1,Medium,High,Neutral,4,No,College,Moderate,Male,64,0.338187658680041,-0.2825246906375681,1,0
67,Medium,Medium,Yes,4,Yes,3,Medium,High,Negative,2,No,High School,Moderate,Female,63,-0.4965409593293564,-0.2825246906375681,1,1
95,Low,Medium,No,8,Yes,3,High,High,Negative,4,No,College,Near,Male,72,1.339862000291318,-1.6021437744677132,1,2
90,High,Medium,No,5,Yes,2,Low,Medium,Negative,2,No,High School,Moderate,Male,69,0.5051333822819205,1.3843625731478784,1,0
86,Low,High,No,6,Yes,1,High,Low,Neutral,2,Yes,High School,Far,Male,66,0.004296211476282077,1.4538162091389386,1,1
76,Medium,Medium,Yes,8,Yes,1,High,High,Neutral,3,Yes,College,Near,Female,64,-1.4982153009406332,1.1065480291836374,0,0
70,Low,Medium,Yes,8,Yes,2,Medium,High,Negative,4,No,High School,Near,Female,61,-1.3312695773387537,-1.3937828664945324,1,1
99,Medium,High,Yes,9,Yes,2,Low,Low,Negative,4,Yes,High School,Near,Male,71,0.338187658680041,1.3843625731478784,1,1
92,Low,Medium,Yes,4,Yes,0,High,Medium,Positive,1,No,High School,Near,Female,63,-2.165998195348151,-1.6715974104587736,1,1
72,Medium,Low,No,7,Yes,2,Medium,Low,Neutral,4,No,High School,Near,Female,65,1.005970553087559,-0.21307105464650783,1,0
94,High,Low,Yes,7,Yes,2,High,Medium,Negative,5,No,College,Near,Female,71,-0.1626495121255974,-0.004710146673327003,1,1
90,High,High,No,8,Yes,2,Medium,High,Neutral,1,No,High School,Near,Female,78,3.1762649599119923,1.1760016651746976,0,2
72,Medium,High,Yes,9,Yes,1,High,Medium,Positive,3,No,Postgraduate,Near,Male,73,2.3415363419025947,0.8981871212104565,0,0
77,Low,Medium,No,5,Yes,1,Low,High,Neutral,3,No,College,Near,Female,65,-0.1626495121255974,1.0370943931925771,0,0
67,Low,Medium,Yes,7,Yes,0,Medium,Medium,Positive,4,No,Postgraduate,Near,Male,66,-0.1626495121255974,1.2454553011657579,1,2
64,High,Low,Yes,8,Yes,3,Medium,High,Neutral,2,No,High School,Near,Male,66,1.005970553087559,-0.07416378266438728,1,0
89,Medium,Medium,No,6,Yes,3,High,Medium,Neutral,3,No,Postgraduate,Moderate,Male,74,1.6737534474950768,0.9676407572015168,1,1
71,Medium,Low,No,10,Yes,4,High,Medium,Positive,3,No,High School,Near,Female,62,-1.6651610245425126,-1.532690138476653,0,0
93,High,Low,Yes,6,Yes,1,Medium,Medium,Positive,2,No,College,Near,Female,66,-1.8321067481443922,-0.21307105464650783,1,0
100,High,High,No,7,Yes,4,Low,Medium,Negative,4,No,High School,Near,Female,71,-0.6634866829312358,-1.6021437744677132,1,1
63,High,Medium,Yes,5,Yes,2,High,Medium,Neutral,2,No,High School,Near,Female,67,0.5051333822819205,1.4538162091389386,1,1
79,High,Low,Yes,7,Yes,0,Medium,High,Neutral,4,No,College,Near,Female,69,0.5051333822819205,1.5927234811210593,1,0
92,Medium,High,No,4,Yes,2,High,Medium,Positive,4,No,High School,Moderate,Male,72,1.005970553087559,-1.4632365024855927,1,1
92,High,High,Yes,7,Yes,2,High,Medium,Positive,4,No,Postgraduate,Near,Male,72,-1.1643238537368743,0.13419712530879355,1,1
90,Medium,Medium,Yes,9,Yes,2,Medium,High,Positive,2,No,High School,Far,Male,65,-2.3329439189500305,-0.6297928705928695,1,1
74,High,High,No,5,Yes,1,Medium,Medium,Positive,5,No,Postgraduate,Near,Male,71,0.8390248294856795,-0.5603392346018092,1,2
78,Medium,Medium,No,5,Yes,0,High,High,Positive,1,Yes,College,Near,Male,64,-0.8304324065331153,-0.14361741865544755,0,1
84,Medium,Low,Yes,9,Yes,1,Low,Medium,Positive,2,No,High School,Moderate,Male,61,-1.9990524717462717,-1.3243292305034722,1,0
99,Medium,Low,Yes,9,Yes,1,High,High,Negative,2,No,College,Moderate,Female,69,0.17124193507816154,-1.1159683225302914,1,0
73,Low,Medium,Yes,5,Yes,1,Low,Medium,Neutral,5,No,High School,Moderate,Female,65,0.8390248294856795,0.27310439729091407,0,1
97,Medium,Low,Yes,10,Yes,3,Low,High,Neutral,4,No,College,Far,Female,69,-0.1626495121255974,-1.6715974104587736,1,2
71,Medium,Medium,No,8,Yes,2,High,Low,Neutral,3,No,High School,Near,Female,64,-0.4965409593293564,0.3425580332819744,1,0
100,Medium,Low,Yes,9,Yes,1,High,Medium,Negative,4,Yes,Postgraduate,Moderate,Male,69,-0.1626495121255974,-0.6297928705928695,1,2
87,Medium,Medium,Yes,6,Yes,1,Low,Medium,Neutral,4,No,High School,Near,Female,68,-0.3295952357274769,1.1760016651746976,0,0
79,Medium,Low,No,9,Yes,1,High,Medium,Positive,2,No,College,Moderate,Male,63,-1.3312695773387537,0.3425580332819744,1,0
85,Low,Medium,No,7,Yes,1,Medium,High,Neutral,2,No,High School,Near,Male,66,-0.6634866829312358,0.6898262132372758,1,2
71,Medium,Medium,No,7,Yes,1,Medium,Medium,Positive,4,No,High School,Near,Female,65,0.5051333822819205,-1.3243292305034722,0,0
71,High,Medium,Yes,8,Yes,2,Medium,High,Negative,2,No,High School,Moderate,Male,66,0.338187658680041,-0.8381537785660502,1,1
65,Medium,Medium,No,6,Yes,3,Medium,Medium,Neutral,4,No,Postgraduate,Near,Male,67,0.17124193507816154,1.7316307531031798,1,1
65,Medium,High,Yes,5,Yes,3,Low,High,Negative,2,No,High School,Near,Male,62,-0.9973781301349948,-0.21307105464650783,0,0
74,Medium,High,Yes,7,Yes,2,Low,High,Negative,2,No,High School,Near,Female,66,-0.1626495121255974,-0.49088559861074893,1,1
91,High,Medium,No,7,No,3,High,Medium,Neutral,3,No,Postgraduate,Moderate,Female,68,-2.165998195348151,1.3149089371568181,1,2
84,Medium,Medium,Yes,6,Yes,2,High,High,Negative,5,No,High School,Moderate,Male,68,0.17124193507816154,-1.6021437744677132,1,1
64,Low,Medium,No,9,Yes,0,Low,High,Negative,2,No,High School,Moderate,Female,63,1.5068077238931974,0.13419712530879355,1,1
94,High,Low,Yes,10,Yes,1,Medium,Low,Neutral,3,No,College,Moderate,Male,66,-1.4982153009406332,-0.9770610505481708,1,1
84,High,Low,No,6,No,3,Medium,Medium,Neutral,3,No,High School,Near,Male,65,-0.6634866829312358,-0.49088559861074893,0,0
98,High,Medium,Yes,7,Yes,1,High,Medium,Positive,1,No,High School,Near,Male,72,0.338187658680041,-1.0465146865392312,1,1
87,Medium,Medium,No,6,Yes,4,Low,Low,Neutral,3,No,Postgraduate,Near,Female,70,1.339862000291318,-1.6021437744677132,0,1
67,High,Low,No,10,Yes,1,Medium,Medium,Positive,3,No,High School,Near,Male,63,-0.4965409593293564,-0.2825246906375681,1,1
79,Medium,Medium,No,8,Yes,0,Low,High,Neutral,4,No,High School,Near,Male,65,-0.6634866829312358,0.9676407572015168,0,1
86,High,Low,Yes,8,Yes,1,Low,Medium,Neutral,1,No,College,Near,Male,65,-1.9990524717462717,1.5927234811210593,0,0
61,High,High,No,9,Yes,1,Medium,Medium,Neutral,3,No,Postgraduate,Near,Male,66,0.17124193507816154,0.4120116692730346,0,1
61,High,Medium,Yes,7,Yes,0,High,Medium,Positive,3,No,High School,Moderate,Female,68,2.007644894698836,-0.4214319626196886,1,2
65,Medium,Low,Yes,7,No,2,Medium,Medium,Positive,4,No,College,Near,Male,64,0.338187658680041,0.8981871212104565,1,0
70,High,Medium,No,9,Yes,3,Medium,Medium,Neutral,4,No,College,Moderate,Male,66,0.004296211476282077,-0.004710146673327003,1,0
77,Low,Medium,Yes,8,Yes,3,High,High,Positive,4,No,High School,Moderate,Male,68,0.338187658680041,-0.49088559861074893,1,1
79,Low,Medium,Yes,6,Yes,0,Low,Medium,Positive,2,No,High School,Moderate,Male,64,0.004296211476282077,-1.1159683225302914,1,1
66,Medium,Medium,No,6,Yes,2,Medium,Medium,Negative,3,No,College,Far,Female,62,-0.8304324065331153,1.0370943931925771,1,0
87,Medium,Medium,Yes,6,No,0,Low,Medium,Neutral,2,Yes,High School,Near,Male,67,0.8390248294856795,-0.004710146673327003,0,1
84,Low,High,No,9,Yes,1,Low,Medium,Negative,3,No,High School,Moderate,Male,67,0.17124193507816154,1.5927234811210593,1,1
72,Medium,Medium,No,9,Yes,1,Medium,Medium,Neutral,2,No,Postgraduate,Moderate,Male,65,0.004296211476282077,1.0370943931925771,0,0
61,Low,Medium,Yes,10,No,2,Low,Medium,Neutral,4,No,High School,Near,Male,59,-0.9973781301349948,-0.2825246906375681,1,1
63,Medium,High,Yes,6,Yes,0,Low,Medium,Positive,2,No,High School,Moderate,Female,66,1.339862000291318,0.8287334852193963,1,0
76,High,Low,No,7,Yes,4,Medium,Medium,Neutral,2,No,High School,Near,Female,68,0.6720791058837999,-0.14361741865544755,1,1
66,High,Medium,No,6,Yes,2,High,Low,Positive,3,Yes,High School,Near,Female,63,-0.4965409593293564,-1.4632365024855927,1,1
75,Medium,Low,Yes,7,Yes,2,Medium,Medium,Neutral,3,No,College,Near,Male,68,1.005970553087559,0.06474348931773327,1,1
85,High,Low,Yes,8,Yes,2,Medium,High,Positive,3,No,College,Far,Female,68,-0.4965409593293564,1.2454553011657579,1,0
82,Medium,Medium,Yes,7,Yes,3,Low,High,Negative,2,No,High School,Moderate,Female,66,-0.8304324065331153,1.2454553011657579,1,1
69,High,Low,No,9,Yes,1,Medium,Medium,Positive,2,No,High School,Moderate,Female,63,-0.8304324065331153,0.27310439729091407,0,0
74,Medium,Low,No,6,Yes,3,Low,Medium,Positive,2,No,High School,Moderate,Female,61,-1.8321067481443922,-0.4214319626196886,0,0
85,High,Medium,Yes,8,Yes,0,High,Low,Negative,4,No,College,Near,Female,68,0.5051333822819205,-1.6715974104587736,1,0
94,High,Low,No,6,Yes,0,Low,High,Positive,3,No,College,Near,Male,66,-1.8321067481443922,-0.6297928705928695,1,0
90,Medium,High,No,4,Yes,1,High,Medium,Neutral,4,Yes,College,Moderate,Male,69,-1.1643238537368743,1.6621771171121196,1,2
82,Medium,High,Yes,5,No,0,Low,Medium,Negative,3,No,Postgraduate,Near,Female,64,-1.9990524717462717,0.759279849228336,1,1
74,Medium,Medium,No,7,Yes,1,High,Medium,Positive,3,No,Postgraduate,Near,Male,68,-0.1626495121255974,0.759279849228336,0,2
75,Medium,High,No,10,Yes,0,Low,High,Positive,2,No,High School,Near,Female,66,-0.1626495121255974,0.8981871212104565,1,0
95,Medium,Medium,No,6,Yes,0,Low,Medium,Positive,3,Yes,High School,Near,Female,68,-0.3295952357274769,0.4120116692730346,1,1
62,Medium,High,Yes,7,Yes,2,Medium,Medium,Positive,2,No,High School,Moderate,Female,62,-0.9973781301349948,0.27310439729091407,0,0
100,Medium,Low,Yes,8,Yes,1,Low,Medium,Neutral,3,No,Postgraduate,Near,Male,68,-1.1643238537368743,-0.14361741865544755,1,0
87,Medium,High,No,6,Yes,1,Low,High,Negative,3,No,College,Moderate,Male,69,0.5051333822819205,-0.21307105464650783,0,1
87,High,High,Yes,6,Yes,2,Low,Medium,Neutral,3,No,High School,Moderate,Male,70,-0.4965409593293564,1.3149089371568181,0,1
62,High,Medium,Yes,7,Yes,4,Low,Medium,Negative,2,No,College,Near,Female,65,0.338187658680041,-0.3519783266286284,1,0
84,Low,Medium,Yes,6,Yes,3,Medium,Medium,Positive,3,No,College,Near,Female,68,-0.8304324065331153,1.1760016651746976,1,1
79,Medium,High,No,4,Yes,0,Low,Medium,Negative,2,No,Postgraduate,Near,Female,67,0.17124193507816154,1.1760016651746976,1,0
64,Low,Medium,Yes,6,Yes,0,Low,Low,Neutral,4,No,College,Far,Male,64,1.339862000291318,0.9676407572015168,1,1
71,Low,Medium,No,8,No,2,Medium,Medium,Negative,3,No,College,Near,Female,63,0.6720791058837999,-1.6021437744677132,1,1
96,Medium,Low,Yes,8,Yes,1,Medium,Medium,Negative,2,No,High School,Near,Female,67,-0.3295952357274769,-1.254875594512412,1,1
82,High,Low,No,9,Yes,1,Low,High,Negative,3,No,High School,Moderate,Male,66,0.338187658680041,-0.6297928705928695,0,1
77,High,Low,Yes,9,Yes,2,Low,Medium,Positive,4,No,High School,Near,Female,67,-0.1626495121255974,1.1760016651746976,1,1
63,Medium,Medium,Yes,6,No,2,Medium,Medium,Neutral,3,No,High School,Far,Female,63,0.004296211476282077,1.3149089371568181,1,1
89,Medium,Medium,Yes,6,Yes,3,High,High,Positive,3,No,High School,Moderate,Female,69,-0.3295952357274769,-1.6021437744677132,1,1
88,High,High,No,6,Yes,3,Medium,Medium,Positive,2,No,High School,Near,Female,70,-0.1626495121255974,-0.6297928705928695,1,1
85,High,Medium,Yes,7,Yes,0,High,Medium,Neutral,4,No,High School,Moderate,Male,70,0.17124193507816154,1.2454553011657579,1,1
80,High,Medium,No,6,Yes,0,High,Medium,Negative,2,No,Postgraduate,Near,Male,65,-0.9973781301349948,-0.9076074145571106,0,1
77,Low,Low,No,7,Yes,2,Medium,Medium,Positive,2,No,Postgraduate,Moderate,Female,64,-0.9973781301349948,1.6621771171121196,1,0
84,Medium,High,Yes,6,Yes,1,Medium,High,Negative,3,No,College,Moderate,Female,67,-1.3312695773387537,-0.07416378266438728,1,2
69,Low,Medium,No,8,Yes,1,Medium,Medium,Negative,3,No,High School,Near,Female,61,-1.6651610245425126,1.523269845129999,0,1
98,Medium,High,Yes,6,Yes,1,Low,High,Positive,1,No,College,Near,Female,70,-1.1643238537368743,-0.2825246906375681,0,1
84,High,Low,No,6,Yes,2,High,Medium,Positive,4,Yes,College,Far,Male,68,0.17124193507816154,-0.6297928705928695,0,2
72,Medium,Medium,Yes,8,Yes,0,Medium,Medium,Positive,2,No,High School,Near,Female,64,-0.8304324065331153,-0.49088559861074893,1,2
78,High,Medium,No,8,Yes,1,High,Medium,Neutral,2,Yes,High School,Moderate,Male,68,0.5051333822819205,1.3149089371568181,0,1
92,Medium,Low,No,7,Yes,1,Medium,Medium,Positive,5,No,High School,Near,Male,68,0.004296211476282077,-0.5603392346018092,1,0
66,High,High,Yes,8,Yes,0,Low,Medium,Positive,4,No,College,Near,Male,63,-1.9990524717462717,0.5509189412551552,0,1
72,Low,Medium,Yes,8,Yes,1,Low,Medium,Positive,2,No,College,Moderate,Female,65,0.6720791058837999,-0.14361741865544755,1,0
87,Low,Medium,Yes,10,Yes,4,Low,Low,Neutral,3,Yes,High School,Near,Female,69,0.8390248294856795,1.523269845129999,0,1
73,Medium,High,No,8,Yes,2,Low,High,Negative,2,No,College,Moderate,Male,63,-0.9973781301349948,-1.1854219585213517,1,1
92,Low,Medium,Yes,10,Yes,1,Low,Medium,Neutral,3,No,College,Near,Male,69,0.5051333822819205,-0.2825246906375681,1,1
65,High,Low,Yes,7,No,3,High,Medium,Positive,3,Yes,High School,Near,Female,61,-0.8304324065331153,-1.3243292305034722,0,1
91,Low,High,Yes,9,Yes,2,Low,Medium,Neutral,3,No,College,Far,Female,69,0.17124193507816154,0.27310439729091407,0,1
63,High,Medium,No,9,Yes,1,High,Low,Positive,3,No,College,Near,Female,62,-1.3312695773387537,-0.3519783266286284,1,0
61,Low,High,Yes,7,Yes,0,Medium,Medium,Positive,2,Yes,Postgraduate,Far,Male,58,-1.8321067481443922,-1.532690138476653,1,1
96,Medium,High,Yes,6,Yes,2,Medium,Medium,Positive,3,No,High School,Far,Male,71,-0.3295952357274769,1.1760016651746976,1,1
83,High,Low,No,6,Yes,5,Medium,Medium,Positive,2,No,Postgraduate,Far,Male,69,-0.1626495121255974,-0.4214319626196886,0,1
74,High,Medium,No,8,Yes,1,High,High,Positive,3,No,Postgraduate,Moderate,Male,68,-0.3295952357274769,-0.004710146673327003,1,2
69,Medium,Low,No,5,Yes,0,Medium,High,Negative,2,No,College,Near,Male,61,-1.1643238537368743,-0.3519783266286284,0,1
85,High,Medium,Yes,6,Yes,3,Low,Medium,Negative,2,No,College,Far,Male,67,-0.3295952357274769,-0.07416378266438728,0,1
80,Medium,High,Yes,9,Yes,2,Medium,Medium,Negative,3,No,Postgraduate,Near,Male,68,0.338187658680041,-1.6715974104587736,1,1
100,Medium,Medium,Yes,8,Yes,3,Low,Medium,Positive,3,No,High School,Near,Male,72,0.004296211476282077,1.1065480291836374,1,1
99,High,Low,Yes,4,Yes,1,Medium,Medium,Negative,4,No,College,Near,Female,71,0.17124193507816154,-0.5603392346018092,0,1
85,Medium,Medium,Yes,5,No,3,Medium,Medium,Positive,2,No,High School,Near,Male,67,-0.6634866829312358,0.759279849228336,1,0
78,Medium,Medium,No,10,Yes,3,Medium,Medium,Neutral,4,Yes,Postgraduate,Moderate,Male,68,1.1729162766894383,-1.532690138476653,0,1
80,Medium,Medium,No,9,Yes,0,High,Medium,Neutral,2,No,High School,Near,Female,64,-1.1643238537368743,0.06474348931773327,1,1
87,Medium,High,No,6,Yes,3,High,Medium,Positive,0,No,High School,Near,Female,73,0.5051333822819205,1.3843625731478784,0,2
64,Low,Medium,Yes,5,Yes,0,Low,High,Positive,4,No,High School,Near,Female,65,1.1729162766894383,-0.3519783266286284,1,1
73,Low,High,No,5,Yes,1,Medium,Medium,Positive,2,No,Postgraduate,Near,Female,67,0.5051333822819205,-1.0465146865392312,0,2
63,High,Medium,Yes,8,Yes,0,Medium,Medium,Positive,4,No,College,Moderate,Female,63,-0.1626495121255974,-1.3937828664945324,0,0
63,Medium,Medium,Yes,10,Yes,0,Low,Medium,Positive,2,Yes,Postgraduate,Near,Female,63,-0.4965409593293564,1.2454553011657579,1,1
68,Medium,Medium,Yes,10,Yes,4,Medium,Medium,Neutral,2,No,Postgraduate,Near,Female,69,1.005970553087559,-0.9076074145571106,1,2
79,High,High,Yes,5,Yes,1,High,Low,Positive,3,No,High School,Near,Female,68,-1.4982153009406332,1.6621771171121196,1,1
91,Medium,Medium,Yes,7,Yes,2,Low,High,Neutral,2,No,College,Near,Male,68,-0.9973781301349948,-0.9076074145571106,1,1
79,High,High,Yes,6,Yes,3,Low,Medium,Positive,4,No,High School,Near,Male,69,-0.3295952357274769,-0.07416378266438728,1,1
73,High,High,Yes,7,Yes,5,High,High,Negative,3,No,High School,Near,Female,73,1.1729162766894383,-0.14361741865544755,1,2
63,High,High,Yes,5,Yes,3,Low,High,Negative,2,No,High School,Near,Male,66,0.338187658680041,-1.532690138476653,1,2
82,Medium,Medium,Yes,6,Yes,3,Medium,Medium,Positive,3,No,College,Near,Female,68,-0.9973781301349948,0.13419712530879355,1,1
71,Medium,Medium,No,6,Yes,2,Medium,Low,Neutral,2,No,Postgraduate,Near,Male,65,-0.3295952357274769,0.6203725772462154,1,1
85,Medium,Medium,No,8,Yes,4,Low,Medium,Negative,3,No,High School,Far,Male,67,-0.6634866829312358,0.8287334852193963,0,2
99,Medium,Medium,No,6,Yes,2,Medium,Medium,Positive,4,No,College,Near,Female,70,-0.6634866829312358,0.06474348931773327,0,0
64,Medium,High,No,6,Yes,1,Low,Medium,Neutral,4,No,High School,Moderate,Male,66,1.005970553087559,1.1065480291836374,0,1
68,Medium,High,No,8,Yes,3,Low,Medium,Negative,3,No,Postgraduate,Moderate,Female,64,-1.3312695773387537,0.8981871212104565,1,2
79,Medium,High,No,9,Yes,1,Low,Medium,Neutral,3,No,High School,Near,Female,69,1.6737534474950768,-1.0465146865392312,1,1
99,Low,Medium,No,10,Yes,1,Medium,Medium,Positive,5,No,College,Far,Female,71,0.8390248294856795,-0.3519783266286284,1,1
91,Medium,Low,No,8,Yes,0,Low,Low,Neutral,4,No,Postgraduate,Moderate,Male,68,1.1729162766894383,-1.254875594512412,0,1
96,High,Medium,No,7,Yes,2,Medium,Medium,Negative,3,No,College,Moderate,Female,68,-0.4965409593293564,-1.254875594512412,0,0
73,Low,Medium,Yes,9,Yes,0,Medium,High,Positive,3,No,College,Near,Female,66,-0.1626495121255974,0.759279849228336,1,2
100,Low,High,No,9,Yes,2,Medium,High,Positive,3,No,Postgraduate,Near,Female,70,-1.4982153009406332,0.13419712530879355,1,1
64,Medium,High,No,8,Yes,0,High,High,Positive,2,No,Postgraduate,Near,Female,65,-0.4965409593293564,0.3425580332819744,1,1
62,Medium,Low,Yes,5,Yes,1,Medium,Medium,Negative,4,No,High School,Near,Female,63,0.5051333822819205,0.8287334852193963,1,1
94,Low,Medium,Yes,9,Yes,0,Medium,Medium,Neutral,3,No,High School,Moderate,Female,70,1.339862000291318,-0.76870014257499,1,1
97,Low,Medium,Yes,8,Yes,0,High,Medium,Neutral,2,No,Postgraduate,Moderate,Female,67,-1.1643238537368743,-0.3519783266286284,0,1
64,Medium,Medium,No,6,Yes,1,Medium,Medium,Positive,5,Yes,High School,Near,Male,63,-0.3295952357274769,0.3425580332819744,1,1
65,High,Medium,No,6,Yes,1,Low,High,Positive,3,No,Postgraduate,Moderate,Male,64,-0.1626495121255974,-1.3937828664945324,1,1
61,Low,Medium,Yes,8,Yes,2,High,Medium,Neutral,4,Yes,High School,Moderate,Male,60,-1.3312695773387537,1.1760016651746976,1,1
64,Medium,Medium,Yes,4,Yes,0,Low,Medium,Neutral,1,No,High School,Near,Male,62,0.6720791058837999,-0.5603392346018092,1,0
68,Medium,High,No,7,Yes,2,Low,High,Positive,2,No,High School,Near,Female,65,-0.6634866829312358,0.5509189412551552,1,2
99,Low,Low,No,6,Yes,0,High,Low,Negative,3,No,Postgraduate,Near,Male,69,-0.1626495121255974,1.7316307531031798,0,1
87,Medium,High,Yes,6,Yes,1,Low,High,Neutral,3,No,College,Moderate,Female,68,-0.4965409593293564,-0.07416378266438728,0,0
91,Medium,Medium,No,6,No,1,Medium,High,Positive,2,No,High School,Moderate,Male,66,-0.8304324065331153,-0.9770610505481708,1,1
91,High,High,Yes,5,Yes,4,Low,Medium,Positive,2,No,Postgraduate,Near,Male,72,0.004296211476282077,-0.9770610505481708,1,0
81,Medium,High,Yes,9,Yes,2,High,Medium,Positive,3,No,High School,Near,Male,68,-0.1626495121255974,-1.532690138476653,1,1
92,Medium,Medium,No,4,Yes,3,High,Medium,Neutral,2,No,High School,Moderate,Male,69,-0.3295952357274769,0.8981871212104565,1,1
84,Medium,Medium,No,7,Yes,1,High,High,Negative,3,No,High School,Moderate,Male,65,-0.6634866829312358,-0.6992465065839297,1,0
73,High,Medium,Yes,6,Yes,0,Low,Medium,Positive,1,No,High School,Near,Male,65,0.338187658680041,-1.1159683225302914,1,0
82,Low,Medium,Yes,10,Yes,2,Low,High,Neutral,4,No,High School,Near,Female,70,1.6737534474950768,0.759279849228336,1,0
81,Medium,Low,Yes,7,Yes,1,Medium,Medium,Positive,2,No,College,Moderate,Male,67,0.17124193507816154,-0.6992465065839297,1,2
93,High,Medium,No,4,Yes,4,Low,Medium,Positive,3,Yes,College,Near,Male,73,1.005970553087559,0.3425580332819744,0,1
99,High,High,No,8,Yes,2,Medium,Low,Neutral,2,No,College,Near,Female,70,-1.3312695773387537,-0.2825246906375681,1,1
76,Medium,Medium,Yes,5,Yes,1,High,Low,Positive,3,No,High School,Moderate,Male,66,0.17124193507816154,-0.5603392346018092,0,1
91,Medium,Medium,Yes,8,Yes,1,Low,Medium,Positive,1,No,Postgraduate,Near,Male,68,-1.1643238537368743,-0.07416378266438728,0,1
64,Medium,Medium,Yes,8,Yes,2,Low,Medium,Positive,2,No,College,Moderate,Male,61,-1.4982153009406332,-0.6297928705928695,1,1
91,Medium,High,No,9,Yes,0,High,Medium,Positive,3,No,Postgraduate,Near,Male,70,-0.6634866829312358,1.3149089371568181,1,0
75,Medium,Low,Yes,7,Yes,2,Medium,Medium,Negative,3,No,Postgraduate,Near,Female,66,1.1729162766894383,-1.4632365024855927,1,0
62,High,Medium,Yes,8,Yes,4,Low,Medium,Neutral,5,No,College,Near,Male,67,1.005970553087559,-1.6021437744677132,1,1
75,High,High,No,7,Yes,1,Medium,High,Neutral,3,No,Postgraduate,Near,Female,69,0.17124193507816154,-0.3519783266286284,0,2
84,Medium,Low,Yes,6,Yes,2,Medium,Medium,Positive,3,No,High School,Near,Female,64,-1.4982153009406332,-1.1159683225302914,1,0
65,High,Medium,Yes,9,Yes,0,High,High,Positive,2,No,College,Moderate,Male,65,-0.1626495121255974,0.8287334852193963,1,0
97,High,Medium,Yes,5,Yes,7,Medium,High,Negative,5,No,College,Near,Female,75,0.338187658680041,-0.49088559861074893,0,0
63,High,Medium,No,7,Yes,2,Medium,Medium,Neutral,2,No,High School,Far,Male,63,0.17124193507816154,-0.8381537785660502,1,1
97,High,Medium,No,6,Yes,5,Medium,Medium,Neutral,3,No,College,Near,Male,69,-1.8321067481443922,-0.49088559861074893,0,0
88,Medium,High,Yes,8,Yes,2,Medium,High,Positive,4,Yes,High School,Near,Male,68,-0.8304324065331153,-0.9770610505481708,1,0
73,Medium,Low,Yes,6,Yes,2,High,High,Positive,2,No,College,Near,Male,66,0.004296211476282077,-0.6992465065839297,0,1
76,Low,Medium,Yes,6,Yes,2,High,Medium,Positive,2,No,High School,Moderate,Female,66,0.5051333822819205,0.20365076129985382,1,0
90,Low,Medium,Yes,7,Yes,4,Medium,Medium,Neutral,3,No,College,Near,Male,66,-2.165998195348151,1.2454553011657579,1,0
84,Medium,Medium,Yes,9,Yes,2,Medium,Low,Neutral,4,No,College,Near,Female,68,-0.1626495121255974,-0.4214319626196886,1,1
87,Low,Medium,Yes,6,Yes,1,Low,Low,Negative,2,No,High School,Moderate,Female,65,0.17124193507816154,-0.6297928705928695,1,1
76,Medium,High,No,6,Yes,3,Low,Medium,Neutral,3,No,College,Near,Male,70,0.8390248294856795,0.9676407572015168,1,2
80,Medium,High,No,5,Yes,3,High,Low,Positive,2,No,High School,Near,Female,68,0.6720791058837999,-1.6715974104587736,1,1
100,Medium,Medium,No,6,Yes,1,Medium,High,Neutral,2,Yes,High School,Near,Female,70,0.5051333822819205,-0.6992465065839297,1,0
69,Low,Medium,No,8,Yes,2,Medium,Medium,Neutral,2,No,High School,Moderate,Male,61,-0.8304324065331153,-0.14361741865544755,1,1
77,Low,Low,No,7,Yes,3,Medium,Medium,Positive,3,Yes,High School,Near,Male,61,-1.8321067481443922,0.3425580332819744,1,1
72,Low,High,No,7,Yes,6,Low,Medium,Positive,0,No,High School,Moderate,Male,64,-0.3295952357274769,-1.1854219585213517,1,0
91,Low,Medium,No,10,Yes,4,High,Medium,Neutral,3,No,College,Moderate,Male,71,1.005970553087559,-0.21307105464650783,1,0
91,High,Medium,Yes,4,Yes,1,Medium,Low,Positive,3,No,High School,Moderate,Male,72,1.339862000291318,0.20365076129985382,1,0
72,Medium,High,Yes,10,No,1,Low,Medium,Negative,3,No,High School,Near,Male,66,0.6720791058837999,0.06474348931773327,1,2
63,Medium,Medium,Yes,9,Yes,0,Low,Medium,Negative,4,No,High School,Far,Female,63,0.5051333822819205,0.27310439729091407,0,2
60,Low,Low,No,7,No,3,Medium,Medium,Positive,1,No,College,Near,Female,62,0.338187658680041,0.5509189412551552,1,1
77,Medium,Medium,Yes,8,Yes,3,High,Medium,Neutral,3,Yes,High School,Near,Male,65,-0.4965409593293564,-0.4214319626196886,1,0
76,Medium,Medium,Yes,6,Yes,2,Medium,Medium,Positive,5,No,High School,Near,Male,66,-0.1626495121255974,-1.532690138476653,1,1
100,Low,High,No,7,Yes,2,Low,High,Neutral,3,No,High School,Moderate,Male,72,1.6737534474950768,-1.532690138476653,0,1
79,High,Medium,Yes,10,Yes,2,Medium,Medium,Neutral,3,No,College,Near,Male,68,-0.9973781301349948,1.2454553011657579,1,1
70,High,Low,No,6,Yes,2,Medium,Medium,Positive,3,No,Postgraduate,Near,Male,70,1.6737534474950768,0.6203725772462154,1,2
96,Medium,Medium,Yes,7,Yes,1,Medium,High,Negative,3,No,High School,Moderate,Female,70,-0.3295952357274769,0.8981871212104565,0,1
80,Medium,High,No,6,Yes,2,Low,Medium,Positive,6,No,High School,Near,Male,73,1.339862000291318,1.4538162091389386,1,2
84,Medium,High,No,6,No,2,High,High,Positive,2,No,High School,Near,Male,67,-1.3312695773387537,0.8981871212104565,1,2
64,Medium,Low,No,6,Yes,3,Medium,Medium,Positive,2,No,Postgraduate,Moderate,Male,65,0.6720791058837999,0.6898262132372758,1,1
75,High,Low,Yes,5,Yes,1,Medium,High,Negative,3,No,College,Moderate,Female,65,-0.6634866829312358,0.5509189412551552,0,1
98,Low,Medium,No,7,Yes,0,High,Medium,Neutral,3,Yes,High School,Near,Female,65,-1.3312695773387537,-0.8381537785660502,0,1
84,Medium,Medium,Yes,7,Yes,0,Medium,Medium,Neutral,4,No,College,Near,Male,70,0.17124193507816154,1.5927234811210593,1,1
74,Medium,Low,Yes,6,Yes,3,Medium,Medium,Negative,2,No,High School,Far,Male,66,1.005970553087559,0.13419712530879355,0,1
85,Medium,Medium,Yes,4,Yes,0,Medium,Low,Neutral,1,No,College,Near,Male,65,-0.8304324065331153,-0.9770610505481708,1,1
96,High,High,No,7,Yes,2,Low,Medium,Neutral,1,No,High School,Near,Male,68,-1.4982153009406332,-1.0465146865392312,1,1
71,Medium,Medium,Yes,7,Yes,3,High,Medium,Negative,1,No,High School,Moderate,Female,66,-0.1626495121255974,1.1065480291836374,1,1
80,Low,Medium,Yes,10,No,1,Medium,Medium,Neutral,2,No,College,Near,Female,65,-0.1626495121255974,-0.8381537785660502,1,2
98,Medium,High,Yes,7,Yes,2,Low,High,Positive,4,Yes,High School,Near,Female,71,0.5051333822819205,-1.6021437744677132,0,0
67,Low,Medium,Yes,8,Yes,2,High,Medium,Negative,3,No,High School,Near,Male,65,1.005970553087559,-0.2825246906375681,0,1
89,Low,Medium,Yes,6,Yes,0,Medium,Medium,Positive,4,No,College,Near,Male,70,0.004296211476282077,1.1065480291836374,0,2
85,Medium,Medium,Yes,9,Yes,0,Medium,High,Negative,2,Yes,College,Moderate,Female,69,1.8406991710969562,-0.2825246906375681,1,0
87,Medium,Medium,No,6,Yes,3,High,Medium,Negative,4,No,High School,Near,Male,71,0.17124193507816154,1.0370943931925771,1,2
74,Medium,High,Yes,8,Yes,0,Medium,High,Positive,2,No,High School,Near,Female,67,-0.3295952357274769,1.1065480291836374,0,1
73,Medium,Medium,Yes,8,Yes,3,Low,Medium,Positive,2,Yes,High School,Moderate,Male,64,-1.6651610245425126,1.2454553011657579,1,2
87,Low,Low,No,8,Yes,1,Low,High,Negative,4,No,College,Near,Male,82,-0.3295952357274769,0.27310439729091407,1,2
69,Medium,High,Yes,10,Yes,2,High,Medium,Positive,0,No,College,Moderate,Female,66,-0.3295952357274769,0.6898262132372758,0,1
77,Low,Medium,Yes,6,Yes,1,Low,High,Negative,4,No,High School,Near,Male,66,1.005970553087559,-0.8381537785660502,1,0
68,High,Medium,Yes,9,Yes,1,Medium,Medium,Positive,3,No,High School,Moderate,Male,65,0.5051333822819205,-1.3937828664945324,1,1
60,Medium,Medium,No,9,Yes,2,Medium,High,Positive,5,Yes,High School,Near,Male,61,-1.1643238537368743,0.13419712530879355,0,0
99,Medium,High,No,7,Yes,2,Medium,Low,Neutral,2,No,Postgraduate,Near,Female,72,0.17124193507816154,-1.6715974104587736,0,2
77,High,Medium,Yes,10,Yes,3,Medium,Medium,Positive,3,No,High School,Near,Male,70,0.6720791058837999,-0.14361741865544755,1,1
99,Medium,Medium,Yes,7,Yes,0,Medium,Medium,Positive,3,No,High School,Moderate,Male,71,1.5068077238931974,-1.3937828664945324,0,0
66,High,Medium,Yes,7,Yes,4,Medium,Medium,Neutral,2,Yes,High School,Moderate,Female,84,0.8390248294856795,-1.3937828664945324,1,1
83,High,High,Yes,7,Yes,2,Low,High,Positive,3,Yes,College,Moderate,Male,72,0.8390248294856795,1.3149089371568181,1,0
68,Medium,High,Yes,5,No,1,Low,High,Positive,3,No,Postgraduate,Near,Female,67,0.004296211476282077,0.4814653052640949,1,1
92,High,Low,No,8,Yes,2,Medium,Medium,Neutral,5,No,Postgraduate,Near,Male,72,0.338187658680041,0.4814653052640949,0,1
91,Low,High,Yes,8,Yes,1,Medium,Low,Neutral,6,No,High School,Moderate,Female,70,1.1729162766894383,-0.3519783266286284,1,0
65,Medium,High,No,7,Yes,1,Low,High,Neutral,4,No,High School,Moderate,Male,62,-1.3312695773387537,-0.2825246906375681,1,1
96,High,Medium,Yes,10,Yes,3,Medium,Medium,Positive,2,No,College,Moderate,Female,71,-0.3295952357274769,-0.6992465065839297,1,0
68,Low,Medium,No,6,Yes,3,High,Low,Neutral,3,No,High School,Near,Female,62,-0.8304324065331153,-0.21307105464650783,1,0
85,Medium,Medium,Yes,4,Yes,1,Low,Low,Positive,3,No,High School,Near,Female,68,0.338187658680041,0.27310439729091407,1,0
99,High,Medium,No,10,Yes,2,Low,Medium,Positive,3,No,High School,Near,Male,74,1.1729162766894383,-1.1159683225302914,1,2
95,High,High,No,9,No,0,Medium,Low,Positive,3,No,High School,Near,Male,68,-0.6634866829312358,-0.8381537785660502,0,1
98,Medium,Low,No,8,Yes,1,High,Medium,Neutral,3,Yes,Postgraduate,Far,Female,64,-2.3329439189500305,-0.004710146673327003,1,1
74,High,Medium,Yes,6,Yes,0,Low,Medium,Positive,4,No,High School,Moderate,Male,65,-0.3295952357274769,-0.4214319626196886,1,1
64,Medium,Low,Yes,8,Yes,1,Low,Low,Positive,5,No,College,Near,Male,66,0.8390248294856795,1.1065480291836374,1,1
68,Medium,High,No,5,Yes,5,Low,Medium,Neutral,1,No,College,Near,Female,68,0.5051333822819205,1.1065480291836374,1,0
80,Medium,Medium,No,7,Yes,2,Low,High,Neutral,4,No,High School,Near,Male,67,0.5051333822819205,-0.5603392346018092,1,0
92,Medium,Medium,Yes,6,Yes,1,Medium,High,Neutral,5,Yes,High School,Moderate,Female,67,-0.3295952357274769,-0.14361741865544755,1,0
66,Medium,High,Yes,7,Yes,2,Medium,Low,Neutral,3,No,High School,Moderate,Male,63,-1.3312695773387537,1.6621771171121196,1,0
86,Medium,High,Yes,8,Yes,2,Low,Medium,Negative,1,No,College,Near,Female,71,0.5051333822819205,1.1065480291836374,1,1
73,Medium,High,No,5,No,1,Low,High,Positive,2,No,Postgraduate,Moderate,Male,63,-0.8304324065331153,-0.9770610505481708,0,0
74,Medium,Low,No,8,Yes,0,Medium,Medium,Negative,3,Yes,High School,Near,Male,66,2.1745906183007153,-0.76870014257499,1,1
86,High,Medium,No,7,Yes,2,Medium,Medium,Negative,2,Yes,High School,Near,Female,67,0.5051333822819205,-1.4632365024855927,1,0
79,Medium,High,Yes,8,Yes,0,Medium,Medium,Neutral,2,No,High School,Moderate,Male,66,-0.4965409593293564,0.6203725772462154,1,1
92,Medium,Medium,Yes,7,Yes,2,Medium,Medium,Positive,4,No,Postgraduate,Moderate,Female,70,-0.6634866829312358,-0.6297928705928695,1,2
66,High,Medium,No,8,No,3,Medium,Medium,Negative,4,No,College,Moderate,Female,64,-0.1626495121255974,0.13419712530879355,1,0
92,Medium,Medium,Yes,6,Yes,1,High,Medium,Positive,2,No,Postgraduate,Near,Male,71,-0.1626495121255974,0.8981871212104565,1,0
63,High,High,Yes,4,Yes,0,Low,Medium,Neutral,3,No,College,Near,Female,68,1.1729162766894383,1.1760016651746976,1,1
68,Low,Medium,Yes,5,Yes,2,High,Medium,Neutral,3,No,High School,Near,Male,64,0.17124193507816154,-0.6297928705928695,0,0
86,Medium,Medium,Yes,6,Yes,1,Low,High,Positive,4,No,High School,Near,Female,66,-0.6634866829312358,-0.9076074145571106,1,0
94,Low,Medium,No,5,Yes,1,High,Low,Neutral,4,No,High School,Near,Male,72,1.8406991710969562,1.1760016651746976,0,0
70,Low,Medium,Yes,9,Yes,2,Medium,High,Neutral,3,No,Postgraduate,Near,Female,66,0.004296211476282077,-0.4214319626196886,1,2
73,Medium,High,Yes,7,Yes,0,Medium,High,Neutral,4,No,High School,Near,Female,70,0.8390248294856795,1.1065480291836374,1,1
81,Medium,Medium,Yes,8,Yes,1,Medium,Medium,Positive,2,No,High School,Near,Male,66,-0.6634866829312358,-1.254875594512412,0,2
68,High,Medium,No,8,Yes,1,Medium,Medium,Positive,3,No,Postgraduate,Moderate,Female,68,0.338187658680041,1.4538162091389386,1,1
92,Medium,Low,Yes,7,Yes,2,Medium,Low,Positive,4,No,College,Moderate,Male,70,0.338187658680041,-0.07416378266438728,1,2
91,Medium,Medium,No,10,Yes,0,Low,Medium,Positive,2,No,College,Moderate,Male,64,-1.8321067481443922,-1.1159683225302914,0,2
66,High,High,Yes,10,Yes,3,Medium,Medium,Neutral,1,No,College,Near,Male,71,2.007644894698836,0.13419712530879355,1,2
79,Medium,High,Yes,9,Yes,2,Low,Medium,Positive,5,No,College,Near,Male,72,1.339862000291318,1.3149089371568181,0,0
91,High,Medium,Yes,6,Yes,5,Low,High,Positive,2,No,High School,Near,Male,71,-0.3295952357274769,-0.4214319626196886,1,1
73,Medium,Low,No,9,Yes,0,Medium,High,Neutral,4,No,Postgraduate,Near,Male,63,-1.1643238537368743,-1.1159683225302914,1,1
85,Low,Medium,Yes,4,Yes,1,High,Low,Positive,2,No,College,Near,Male,68,0.338187658680041,0.27310439729091407,1,1
62,Medium,Medium,No,9,Yes,1,Medium,Medium,Positive,4,Yes,High School,Near,Male,63,0.17124193507816154,1.1760016651746976,0,1
84,Medium,Medium,No,4,Yes,0,High,Low,Positive,2,No,High School,Moderate,Male,66,0.338187658680041,-1.3243292305034722,0,1
66,Medium,Medium,Yes,7,Yes,1,Medium,Medium,Neutral,3,No,High School,Far,Female,63,0.17124193507816154,-1.6021437744677132,1,2
93,High,High,No,9,Yes,1,Low,Medium,Neutral,4,No,College,Near,Female,72,0.5051333822819205,-1.532690138476653,0,2
74,Medium,High,Yes,8,Yes,3,Low,High,Positive,3,Yes,Postgraduate,Moderate,Male,70,1.5068077238931974,-0.9076074145571106,1,2
71,Medium,Medium,Yes,5,Yes,1,Low,High,Positive,1,No,College,Near,Female,65,0.5051333822819205,-1.7410510464498339,1,1
94,Medium,High,Yes,7,Yes,0,Medium,Medium,Negative,3,Yes,College,Moderate,Female,67,-0.9973781301349948,-0.2825246906375681,0,1
62,Low,High,No,8,Yes,2,Low,High,Positive,3,No,High School,Moderate,Female,66,1.339862000291318,0.6898262132372758,1,1
76,Medium,Medium,Yes,7,Yes,1,Medium,High,Neutral,2,Yes,Postgraduate,Far,Male,69,1.6737534474950768,0.759279849228336,1,1
75,Medium,High,Yes,6,Yes,1,High,Low,Negative,3,No,College,Near,Male,73,3.1762649599119923,0.4814653052640949,1,2
71,Medium,High,Yes,8,Yes,2,Medium,Medium,Neutral,4,No,Postgraduate,Near,Female,66,-1.1643238537368743,-0.6992465065839297,1,2
96,Medium,Medium,Yes,9,Yes,0,Medium,Medium,Neutral,6,Yes,High School,Near,Female,70,0.17124193507816154,0.8287334852193963,1,1
90,High,High,No,7,Yes,2,Low,Medium,Negative,4,No,College,Near,Male,68,-1.9990524717462717,0.27310439729091407,1,2
63,Low,Medium,Yes,9,Yes,2,Medium,High,Positive,2,No,High School,Far,Male,65,0.5051333822819205,1.2454553011657579,0,1
89,Medium,Medium,No,7,Yes,1,Low,Medium,Positive,2,No,Postgraduate,Moderate,Female,67,-0.4965409593293564,-0.07416378266438728,0,1
81,High,Medium,No,6,Yes,2,High,Medium,Neutral,2,No,High School,Moderate,Female,71,2.007644894698836,-1.1159683225302914,1,2
96,High,High,No,9,Yes,2,Low,Low,Neutral,3,No,High School,Near,Female,70,-0.8304324065331153,0.4814653052640949,0,1
73,Medium,Low,Yes,9,Yes,5,Low,Medium,Negative,3,No,High School,Moderate,Male,61,-1.6651610245425126,-1.1854219585213517,0,0
83,High,Medium,Yes,6,Yes,0,Medium,Medium,Positive,3,No,High School,Near,Male,69,-0.4965409593293564,1.5927234811210593,1,1
80,Low,Medium,Yes,6,Yes,1,Low,High,Negative,3,No,Postgraduate,Near,Male,63,-1.9990524717462717,0.6898262132372758,1,1
80,Medium,Medium,Yes,10,Yes,0,Low,High,Negative,2,No,College,Moderate,Male,67,0.8390248294856795,0.8981871212104565,0,0
78,High,Medium,Yes,7,Yes,0,Medium,Medium,Positive,2,No,College,Near,Male,65,-1.9990524717462717,0.6203725772462154,1,1
68,High,Medium,Yes,7,Yes,0,Low,Low,Positive,3,Yes,High School,Near,Female,63,0.004296211476282077,-1.3937828664945324,1,2
90,Medium,Medium,No,7,Yes,3,High,Low,Negative,4,No,Postgraduate,Near,Male,67,-1.9990524717462717,-0.14361741865544755,0,2
78,Low,High,Yes,9,Yes,2,Low,Medium,Negative,2,No,Postgraduate,Moderate,Female,66,-0.3295952357274769,0.5509189412551552,0,1
98,Low,Medium,Yes,10,Yes,0,Low,Medium,Positive,3,No,Postgraduate,Moderate,Male,72,1.6737534474950768,-0.9770610505481708,1,1
70,Medium,High,No,7,Yes,3,Low,High,Positive,5,No,High School,Near,Male,68,0.338187658680041,0.6203725772462154,1,0
87,High,Medium,Yes,10,Yes,1,Low,Low,Neutral,4,No,High School,Moderate,Male,67,-0.8304324065331153,1.1065480291836374,1,1
98,Medium,Medium,Yes,6,Yes,1,High,High,Positive,3,No,Postgraduate,Moderate,Male,72,0.004296211476282077,-0.76870014257499,0,1
87,Medium,High,Yes,7,Yes,0,Low,Medium,Positive,2,Yes,High School,Far,Female,66,0.004296211476282077,-1.0465146865392312,1,1
95,Medium,Medium,Yes,8,Yes,1,Medium,Medium,Positive,4,No,High School,Near,Male,73,0.5051333822819205,1.3149089371568181,1,1
93,High,High,Yes,6,Yes,4,High,High,Positive,3,No,Postgraduate,Moderate,Male,71,-1.3312695773387537,-1.7410510464498339,1,0
74,Low,Low,Yes,8,Yes,1,Low,High,Positive,3,No,High School,Moderate,Male,65,0.6720791058837999,-0.8381537785660502,1,2
84,Medium,Medium,Yes,6,Yes,5,Medium,High,Neutral,4,No,High School,Near,Male,65,-2.6668353661537894,-0.3519783266286284,0,1
66,High,Medium,Yes,5,Yes,2,Medium,Medium,Neutral,3,No,High School,Near,Female,65,-0.6634866829312358,0.6203725772462154,0,1
81,Medium,Medium,Yes,4,Yes,2,Medium,High,Neutral,2,No,College,Near,Male,68,-0.4965409593293564,1.7316307531031798,0,0
69,High,Medium,No,7,No,7,High,Medium,Positive,3,No,College,Near,Female,70,0.6720791058837999,-0.4214319626196886,1,1
90,Medium,Low,Yes,8,Yes,1,Medium,Low,Neutral,2,No,High School,Near,Female,68,0.004296211476282077,1.523269845129999,0,0
81,Low,Medium,Yes,5,Yes,0,Low,High,Negative,2,No,High School,Near,Male,62,-1.3312695773387537,-0.49088559861074893,0,2
76,Medium,Medium,No,7,Yes,3,Low,Medium,Neutral,3,No,College,Near,Male,66,-0.9973781301349948,0.6898262132372758,0,2
71,Medium,Medium,No,7,Yes,3,Low,Medium,Negative,5,No,College,Near,Female,65,0.17124193507816154,-1.1854219585213517,1,0
100,Medium,Medium,Yes,7,Yes,1,Low,Medium,Neutral,4,No,College,Near,Female,71,0.004296211476282077,-0.14361741865544755,1,1
63,Medium,Medium,No,6,Yes,0,Medium,Medium,Negative,2,No,High School,Moderate,Male,61,-0.4965409593293564,1.3149089371568181,1,0
62,Medium,Medium,No,7,Yes,2,High,Medium,Neutral,4,No,High School,Moderate,Male,63,-0.4965409593293564,-0.6297928705928695,1,2
69,Medium,High,Yes,7,Yes,3,Medium,High,Neutral,4,No,High School,Near,Male,67,0.6720791058837999,-1.3937828664945324,1,0
99,Medium,Medium,No,8,No,2,High,Medium,Positive,4,No,Postgraduate,Near,Male,70,-0.4965409593293564,0.06474348931773327,1,0
99,Medium,Medium,Yes,5,Yes,3,Medium,High,Neutral,4,No,Postgraduate,Near,Male,73,-0.1626495121255974,-0.21307105464650783,0,0
86,Medium,Medium,No,7,Yes,1,High,Medium,Positive,3,No,High School,Near,Male,72,2.1745906183007153,-0.9770610505481708,1,1
95,Medium,Medium,Yes,5,Yes,1,Low,High,Positive,3,No,Postgraduate,Near,Male,69,-1.4982153009406332,1.3843625731478784,1,0
69,Low,Medium,Yes,7,Yes,1,Medium,Medium,Neutral,3,No,College,Moderate,Male,61,-1.8321067481443922,0.3425580332819744,0,1
99,Medium,Medium,No,5,Yes,1,Low,High,Neutral,3,No,High School,Near,Male,71,0.8390248294856795,-0.5603392346018092,1,1
66,Medium,Medium,Yes,6,Yes,1,Medium,Medium,Neutral,3,No,High School,Moderate,Female,64,-0.6634866829312358,1.7316307531031798,1,1
64,Low,Medium,Yes,7,Yes,1,High,Medium,Neutral,3,No,High School,Moderate,Male,61,-0.3295952357274769,-1.254875594512412,1,1
64,Medium,Medium,No,6,Yes,3,Low,Medium,Negative,4,No,College,Near,Female,63,-0.8304324065331153,1.1760016651746976,1,0
83,Medium,Low,Yes,9,Yes,2,Low,Medium,Negative,2,No,High School,Near,Male,65,-0.3295952357274769,-0.9076074145571106,1,2
91,High,Medium,No,9,Yes,3,Low,High,Negative,4,No,Postgraduate,Near,Female,73,1.6737534474950768,-0.9076074145571106,1,0
75,Medium,Low,Yes,8,Yes,2,High,High,Negative,4,Yes,Postgraduate,Near,Male,68,0.8390248294856795,-0.004710146673327003,0,2
99,Medium,Medium,No,8,Yes,1,Medium,Medium,Neutral,2,No,College,Near,Female,72,0.8390248294856795,0.5509189412551552,1,1
77,Low,Low,Yes,7,Yes,1,Medium,Medium,Positive,3,No,College,Far,Male,62,-1.3312695773387537,0.6898262132372758,1,1
66,High,Medium,Yes,9,Yes,3,Medium,Medium,Positive,2,No,Postgraduate,Moderate,Male,63,-1.1643238537368743,-1.6715974104587736,0,0
79,Low,Medium,Yes,7,Yes,0,Medium,Medium,Negative,3,No,Postgraduate,Far,Female,58,-2.8337810897556692,-0.76870014257499,1,0
87,Medium,Medium,No,10,Yes,1,High,High,Positive,3,No,High School,Near,Male,68,-0.8304324065331153,0.5509189412551552,0,1
93,High,High,Yes,6,Yes,1,Medium,High,Negative,2,No,High School,Near,Female,74,1.005970553087559,1.3149089371568181,1,0
78,Medium,Medium,Yes,5,Yes,1,Medium,Medium,Positive,3,No,High School,Near,Male,68,0.5051333822819205,0.5509189412551552,1,1
84,Medium,Medium,Yes,5,Yes,1,High,Medium,Positive,2,No,High School,Near,Male,67,-0.1626495121255974,-0.8381537785660502,0,1
71,Medium,Medium,Yes,5,Yes,0,Medium,Medium,Positive,4,No,High School,Near,Male,65,0.004296211476282077,-0.004710146673327003,0,0
86,Low,Low,Yes,5,Yes,0,Low,Medium,Neutral,4,No,High School,Moderate,Female,63,-0.6634866829312358,0.4814653052640949,1,0
99,Medium,Low,No,7,Yes,2,Medium,Medium,Neutral,2,No,Postgraduate,Near,Male,71,0.17124193507816154,-1.254875594512412,1,2
62,Medium,Low,Yes,8,Yes,0,Medium,Low,Negative,4,No,College,Far,Female,62,0.8390248294856795,0.13419712530879355,1,1
95,High,Low,Yes,7,Yes,2,Low,Medium,Negative,3,No,High School,Far,Male,66,-1.6651610245425126,-0.07416378266438728,1,2
82,Low,Medium,No,5,Yes,1,Low,High,Neutral,1,Yes,Postgraduate,Near,Female,65,0.338187658680041,-0.5603392346018092,0,0
70,High,Medium,No,6,Yes,0,Low,High,Neutral,3,No,High School,Moderate,Male,66,1.005970553087559,0.4120116692730346,1,0
98,High,Low,No,8,Yes,3,Medium,High,Negative,3,No,College,Near,Male,71,-0.3295952357274769,0.4814653052640949,1,1
79,Low,High,No,6,No,2,Low,High,Negative,3,No,High School,Near,Male,68,0.6720791058837999,1.6621771171121196,1,2
73,Medium,High,Yes,6,Yes,0,High,High,Positive,5,No,High School,Moderate,Male,72,2.842373512708233,-0.2825246906375681,1,1
67,Medium,High,No,5,Yes,1,Medium,High,Negative,4,No,Postgraduate,Near,Male,66,-0.1626495121255974,0.13419712530879355,0,1
70,Medium,Low,Yes,6,Yes,4,High,Medium,Positive,2,No,Postgraduate,Moderate,Male,66,0.338187658680041,-1.1854219585213517,1,0
93,Low,High,No,6,Yes,2,Low,Medium,Negative,1,No,High School,Moderate,Male,67,-0.6634866829312358,0.13419712530879355,1,2
85,Low,High,Yes,7,Yes,5,High,High,Positive,3,No,Postgraduate,Moderate,Male,71,0.17124193507816154,-1.6021437744677132,1,1
97,High,High,Yes,8,No,2,High,Medium,Positive,1,No,Postgraduate,Far,Male,72,0.5051333822819205,-1.254875594512412,1,0
69,Low,Medium,No,7,Yes,3,Low,Medium,Neutral,3,No,Postgraduate,Near,Male,64,0.17124193507816154,-1.1159683225302914,1,1
65,Low,High,No,7,Yes,1,Low,Low,Negative,3,No,High School,Near,Male,60,-0.9973781301349948,0.4814653052640949,1,0
60,High,Low,No,8,Yes,2,Medium,High,Positive,2,No,High School,Near,Female,64,0.17124193507816154,0.20365076129985382,1,1
80,Medium,Low,Yes,5,Yes,2,Medium,Low,Positive,1,No,College,Near,Female,70,1.5068077238931974,1.0370943931925771,1,1
100,Medium,Low,Yes,10,Yes,3,Medium,Medium,Neutral,2,No,College,Near,Male,72,0.5051333822819205,-0.14361741865544755,0,1
88,Medium,High,No,6,Yes,0,Low,Medium,Negative,2,No,High School,Moderate,Female,68,1.005970553087559,-0.07416378266438728,1,1
72,Medium,Low,Yes,8,Yes,0,Medium,Low,Neutral,3,No,High School,Near,Female,62,-0.1626495121255974,-1.1854219585213517,1,1
95,Medium,Low,No,5,Yes,0,Low,Medium,Neutral,2,No,High School,Far,Male,68,0.6720791058837999,0.8287334852193963,1,1
91,High,High,Yes,7,Yes,2,Low,Medium,Positive,5,No,Postgraduate,Moderate,Male,72,0.338187658680041,-1.7410510464498339,1,1
61,Medium,Low,Yes,7,Yes,0,Medium,Low,Neutral,1,No,Postgraduate,Near,Female,60,-0.9973781301349948,-0.2825246906375681,0,1
93,Medium,High,No,9,Yes,3,Low,High,Positive,4,No,Postgraduate,Near,Female,72,0.338187658680041,-1.1159683225302914,1,0
72,Low,High,No,7,Yes,2,Medium,Medium,Positive,3,No,High School,Near,Female,65,-0.9973781301349948,0.9676407572015168,1,1
66,Medium,Low,No,9,Yes,3,Low,Low,Positive,4,No,High School,Near,Female,63,-0.6634866829312358,0.6203725772462154,1,2
69,Medium,Low,Yes,7,Yes,2,Medium,Medium,Positive,0,No,Postgraduate,Near,Male,66,0.17124193507816154,0.6898262132372758,0,1
79,Low,Medium,No,10,Yes,1,Medium,High,Positive,2,No,High School,Near,Male,65,0.338187658680041,-1.254875594512412,1,0
77,Medium,High,No,4,Yes,1,Medium,High,Negative,2,No,Postgraduate,Moderate,Male,65,-1.1643238537368743,0.5509189412551552,1,1
72,Low,High,No,8,Yes,2,Low,Medium,Negative,3,No,High School,Near,Male,67,1.005970553087559,0.6898262132372758,1,1
67,Medium,Medium,No,4,Yes,4,Low,Medium,Positive,3,No,College,Moderate,Male,65,0.5051333822819205,-1.7410510464498339,0,0
90,High,Medium,No,7,Yes,0,High,High,Negative,3,No,High School,Moderate,Male,67,-0.6634866829312358,-0.6297928705928695,1,1
100,Medium,Medium,Yes,9,Yes,1,Low,Medium,Negative,3,No,Postgraduate,Near,Male,66,-1.4982153009406332,-1.4632365024855927,1,0
91,Low,High,Yes,9,Yes,2,High,High,Positive,3,Yes,High School,Near,Male,71,-0.1626495121255974,0.6203725772462154,1,2
72,Medium,Medium,No,8,Yes,1,Medium,Medium,Neutral,4,No,Postgraduate,Moderate,Male,64,-0.4965409593293564,-0.9770610505481708,1,1
70,Low,Low,No,7,Yes,0,Medium,Medium,Positive,2,No,High School,Far,Male,61,0.17124193507816154,-0.8381537785660502,1,1
69,High,High,Yes,8,Yes,1,High,High,Neutral,2,No,High School,Near,Male,65,-0.3295952357274769,-1.4632365024855927,0,0
65,Medium,Medium,No,10,Yes,1,Medium,High,Positive,5,No,High School,Near,Male,61,-1.9990524717462717,-0.07416378266438728,0,1
82,High,Low,No,7,Yes,1,Low,Medium,Negative,4,No,High School,Near,Female,64,-0.3295952357274769,-1.6021437744677132,1,0
84,High,High,Yes,8,Yes,0,Low,High,Negative,3,No,College,Near,Female,69,-0.3295952357274769,1.1760016651746976,1,0
88,Medium,Medium,Yes,6,Yes,4,Medium,Low,Positive,4,No,High School,Near,Male,71,0.6720791058837999,-1.6715974104587736,1,2
87,High,Medium,No,9,Yes,3,Medium,High,Neutral,5,No,College,Near,Male,70,-0.6634866829312358,-1.532690138476653,0,2
72,High,Medium,Yes,8,Yes,1,Low,Medium,Positive,1,No,College,Moderate,Female,70,1.6737534474950768,0.4814653052640949,1,2
73,Medium,Medium,Yes,6,Yes,0,Low,High,Positive,2,No,High School,Near,Male,62,-1.8321067481443922,1.4538162091389386,1,0
87,Medium,Medium,No,8,Yes,2,Medium,Low,Positive,3,No,Postgraduate,Near,Female,73,1.339862000291318,1.3843625731478784,0,1
74,Medium,High,No,8,Yes,0,Medium,Medium,Positive,3,No,College,Near,Male,66,-0.1626495121255974,-1.4632365024855927,1,2
69,Medium,Medium,Yes,8,Yes,1,High,Low,Negative,3,No,Postgraduate,Moderate,Female,66,0.8390248294856795,-0.76870014257499,1,1
75,Low,Medium,No,7,Yes,3,High,High,Negative,3,No,College,Near,Female,66,0.004296211476282077,0.06474348931773327,0,1
71,Medium,Medium,Yes,9,No,3,High,Medium,Neutral,1,No,College,Far,Female,66,1.1729162766894383,-1.6715974104587736,1,1
64,Medium,Medium,Yes,6,Yes,2,Medium,High,Positive,4,No,High School,Near,Male,65,-0.3295952357274769,0.06474348931773327,1,1
93,Low,Low,No,7,Yes,2,Medium,Medium,Positive,2,No,Postgraduate,Near,Female,67,-1.1643238537368743,-0.21307105464650783,0,2
94,High,Medium,No,7,Yes,6,Low,High,Neutral,4,No,College,Near,Female,76,1.5068077238931974,0.27310439729091407,0,1
69,Medium,Medium,Yes,9,Yes,0,High,High,Positive,3,No,High School,Moderate,Female,66,-0.1626495121255974,1.4538162091389386,0,1
63,Medium,Medium,Yes,6,Yes,1,High,High,Negative,3,No,High School,Near,Male,63,0.17124193507816154,-0.76870014257499,1,0
90,Medium,Medium,No,7,Yes,0,Medium,Medium,Positive,3,No,College,Moderate,Female,71,1.1729162766894383,0.4814653052640949,1,1
68,Medium,High,No,6,Yes,1,Medium,Medium,Positive,3,No,College,Moderate,Male,63,-0.9973781301349948,-0.2825246906375681,1,0
76,High,Low,Yes,7,Yes,1,High,Medium,Positive,2,No,College,Moderate,Male,67,0.6720791058837999,-0.21307105464650783,1,0
63,Medium,Medium,Yes,8,Yes,0,High,Medium,Neutral,3,No,High School,Near,Male,63,-0.6634866829312358,0.4814653052640949,1,1
69,High,Medium,Yes,5,Yes,0,High,Medium,Neutral,4,No,High School,Moderate,Male,66,-0.1626495121255974,1.5927234811210593,1,1
92,Medium,Medium,Yes,9,Yes,3,High,Medium,Positive,2,No,College,Near,Female,72,0.004296211476282077,1.2454553011657579,1,0
92,High,Medium,Yes,8,Yes,4,Medium,Medium,Negative,2,No,Postgraduate,Near,Female,70,-1.4982153009406332,0.4814653052640949,0,2
68,High,Low,Yes,6,No,0,Medium,Medium,Positive,3,No,College,Near,Male,62,-0.8304324065331153,-0.14361741865544755,1,1
73,High,Medium,Yes,6,Yes,0,Medium,High,Positive,2,No,College,Moderate,Female,69,1.339862000291318,-0.2825246906375681,0,1
65,Low,Medium,Yes,9,Yes,2,Medium,High,Neutral,3,No,High School,Near,Female,66,0.8390248294856795,0.9676407572015168,1,1
63,Medium,Medium,Yes,8,Yes,2,High,Medium,Neutral,3,No,High School,Near,Male,64,0.004296211476282077,-0.9770610505481708,1,1
100,Low,Medium,Yes,6,Yes,2,Low,Medium,Neutral,1,No,High School,Near,Female,70,0.17124193507816154,0.27310439729091407,1,1
86,Medium,Medium,No,6,Yes,0,Low,High,Neutral,4,No,High School,Near,Male,67,-0.3295952357274769,-0.004710146673327003,1,2
82,Medium,High,Yes,8,Yes,1,Medium,Medium,Negative,2,No,Postgraduate,Near,Male,71,1.339862000291318,0.4814653052640949,0,0
91,Medium,Medium,No,8,Yes,1,High,Medium,Neutral,2,No,Postgraduate,Near,Male,69,-0.1626495121255974,-1.1159683225302914,1,2
94,High,Low,No,8,Yes,1,Medium,Medium,Negative,4,No,College,Near,Male,70,0.17124193507816154,0.6898262132372758,1,1
92,Medium,Medium,Yes,7,Yes,0,Low,Medium,Negative,1,No,College,Near,Male,70,1.1729162766894383,0.4120116692730346,1,1
61,High,Low,Yes,8,Yes,1,Medium,Medium,Neutral,2,No,Postgraduate,Moderate,Female,61,-0.8304324065331153,-1.1159683225302914,1,1
67,Low,High,No,7,No,0,Medium,High,Neutral,3,No,High School,Near,Female,65,1.5068077238931974,-0.21307105464650783,1,1
86,Medium,High,Yes,6,Yes,0,High,High,Neutral,3,No,High School,Near,Male,67,-1.4982153009406332,0.6203725772462154,0,1
75,Medium,Low,Yes,9,Yes,1,High,Medium,Negative,5,No,Postgraduate,Near,Male,70,1.6737534474950768,1.3843625731478784,1,0
99,Medium,Medium,No,8,No,2,Low,High,Negative,3,No,High School,Near,Male,67,-0.3295952357274769,-1.3243292305034722,0,1
87,Low,High,Yes,6,Yes,3,Low,Medium,Neutral,2,No,Postgraduate,Near,Male,68,-0.1626495121255974,-1.7410510464498339,1,1
98,High,High,No,7,Yes,2,Medium,Medium,Negative,4,No,College,Near,Male,69,-1.8321067481443922,-1.1854219585213517,1,1
68,Medium,Medium,No,7,Yes,1,Medium,Low,Neutral,1,No,Postgraduate,Near,Male,65,-0.4965409593293564,1.6621771171121196,0,1
95,High,Medium,Yes,6,Yes,2,Low,Low,Neutral,2,No,High School,Far,Male,68,-0.9973781301349948,0.8981871212104565,1,1
73,High,Medium,Yes,7,Yes,1,High,High,Negative,4,No,Postgraduate,Near,Male,67,-0.6634866829312358,0.4120116692730346,1,1
100,Medium,High,Yes,6,Yes,1,High,Medium,Positive,2,Yes,High School,Near,Male,70,-0.1626495121255974,-1.254875594512412,0,1
66,High,High,No,8,Yes,2,Medium,Medium,Neutral,3,No,High School,Near,Female,68,1.005970553087559,-0.2825246906375681,1,2
81,High,Medium,Yes,7,Yes,1,Low,Medium,Neutral,4,No,College,Near,Male,69,0.17124193507816154,0.759279849228336,1,1
92,High,Low,Yes,5,Yes,0,Low,Low,Positive,3,No,Postgraduate,Near,Male,70,0.338187658680041,1.3843625731478784,1,0
77,High,High,Yes,7,Yes,2,Low,High,Neutral,5,No,College,Moderate,Male,67,-1.1643238537368743,-0.4214319626196886,0,1
79,High,High,Yes,6,Yes,4,Low,Medium,Neutral,3,No,College,Near,Female,70,-0.8304324065331153,1.7316307531031798,1,1
99,Medium,Low,Yes,4,Yes,1,High,High,Neutral,2,No,Postgraduate,Moderate,Female,74,1.8406991710969562,-1.254875594512412,1,2
77,Medium,Low,Yes,7,Yes,1,Low,High,Neutral,4,No,High School,Near,Female,63,-0.6634866829312358,-0.4214319626196886,1,0
84,High,Medium,Yes,9,Yes,1,Low,High,Positive,2,Yes,High School,Near,Female,72,1.6737534474950768,1.3149089371568181,0,1
62,High,Medium,No,7,Yes,0,Low,Low,Neutral,5,Yes,Postgraduate,Near,Male,62,-0.1626495121255974,0.4814653052640949,0,0
94,Medium,Medium,No,8,Yes,1,Low,Medium,Positive,2,No,Postgraduate,Near,Female,71,0.004296211476282077,1.1065480291836374,1,1
86,Medium,Low,No,7,Yes,0,Low,High,Negative,5,No,High School,Moderate,Male,68,1.005970553087559,1.3843625731478784,1,1
76,Medium,High,Yes,6,Yes,3,High,Medium,Positive,3,No,High School,Near,Male,72,1.339862000291318,-0.004710146673327003,1,2
61,Medium,High,Yes,6,Yes,1,High,Medium,Neutral,2,No,Postgraduate,Moderate,Female,64,-0.1626495121255974,-0.9076074145571106,1,2
84,Low,Low,No,5,Yes,0,Medium,Medium,Neutral,4,No,High School,Moderate,Male,64,-0.3295952357274769,0.6898262132372758,1,1
61,Low,High,Yes,8,Yes,0,Low,Medium,Positive,5,No,High School,Near,Female,63,0.004296211476282077,0.20365076129985382,0,1
60,High,Medium,Yes,8,Yes,2,Medium,High,Neutral,4,No,College,Moderate,Male,66,0.338187658680041,0.9676407572015168,0,1
85,Medium,Medium,Yes,7,Yes,2,High,Medium,Positive,2,No,College,Near,Female,71,0.8390248294856795,0.06474348931773327,1,1
68,Medium,High,Yes,4,Yes,4,High,Medium,Positive,4,No,College,Near,Male,70,0.004296211476282077,1.1065480291836374,0,2
68,High,Medium,Yes,8,Yes,3,Medium,Medium,Positive,0,No,High School,Moderate,Male,67,0.6720791058837999,1.3843625731478784,1,0
86,High,High,Yes,6,Yes,0,Low,Low,Positive,4,No,College,Near,Female,73,1.6737534474950768,0.8287334852193963,0,1
62,Low,Medium,Yes,7,Yes,2,High,Low,Neutral,3,No,High School,Near,Female,64,0.338187658680041,0.8287334852193963,1,1
73,Low,Medium,No,5,Yes,4,Medium,Low,Negative,1,No,Postgraduate,Moderate,Female,65,0.338187658680041,0.27310439729091407,1,1
66,Medium,Medium,Yes,7,Yes,3,Medium,High,Neutral,3,No,High School,Far,Female,62,-1.4982153009406332,-0.07416378266438728,0,1
83,High,Medium,No,7,Yes,1,Low,Low,Neutral,3,No,College,Near,Female,64,-2.6668353661537894,1.6621771171121196,0,0
86,Low,Medium,No,4,Yes,1,Low,Low,Positive,5,No,College,Moderate,Male,67,0.338187658680041,0.4814653052640949,0,0
89,Medium,High,No,9,Yes,5,Medium,Medium,Positive,3,No,Postgraduate,Near,Male,74,-0.1626495121255974,1.1760016651746976,0,2
70,High,Medium,No,7,Yes,1,Low,Medium,Neutral,4,Yes,College,Far,Male,63,-0.4965409593293564,-0.004710146673327003,0,1
64,High,Low,Yes,7,Yes,1,Medium,Medium,Positive,4,No,High School,Near,Male,64,0.17124193507816154,0.20365076129985382,1,0
63,Medium,Low,No,8,Yes,4,Medium,Medium,Neutral,3,No,Postgraduate,Moderate,Female,64,0.004296211476282077,0.5509189412551552,1,0
77,Low,High,No,7,Yes,1,High,High,Negative,3,No,College,Near,Male,70,1.1729162766894383,0.759279849228336,1,2
98,Medium,Medium,Yes,8,Yes,3,Low,Low,Positive,3,No,High School,Moderate,Female,71,0.17124193507816154,-0.21307105464650783,1,1
69,Medium,Medium,Yes,5,Yes,0,Medium,High,Neutral,4,No,College,Moderate,Male,63,-0.6634866829312358,-0.49088559861074893,1,1
70,Medium,High,Yes,7,Yes,0,Low,Medium,Negative,1,No,College,Near,Female,66,1.005970553087559,-0.9076074145571106,0,1
64,Medium,High,Yes,4,Yes,1,High,Medium,Neutral,3,No,High School,Near,Male,65,-0.1626495121255974,-0.2825246906375681,1,1
84,Medium,High,No,7,Yes,2,Medium,High,Neutral,5,No,College,Moderate,Male,70,0.5051333822819205,-0.9770610505481708,1,1
87,Low,Low,Yes,9,Yes,2,Low,Medium,Neutral,3,No,College,Moderate,Female,65,-0.4965409593293564,-0.2825246906375681,1,1
86,High,Medium,Yes,5,Yes,0,Medium,Medium,Negative,2,No,High School,Near,Male,68,-0.6634866829312358,1.3149089371568181,1,2
94,Medium,High,No,6,Yes,1,Medium,High,Neutral,2,No,High School,Near,Male,72,0.17124193507816154,1.6621771171121196,0,1
79,Medium,High,Yes,4,Yes,0,Medium,High,Neutral,4,No,High School,Moderate,Male,67,0.004296211476282077,0.27310439729091407,0,0
65,High,High,No,7,No,1,High,Medium,Neutral,4,No,High School,Near,Male,65,0.5051333822819205,-1.254875594512412,1,0
72,Medium,Medium,No,8,Yes,2,High,Medium,Positive,4,No,Postgraduate,Near,Male,66,-0.3295952357274769,-0.2825246906375681,1,0
86,High,High,No,8,Yes,1,Low,Medium,Positive,5,No,College,Far,Female,67,-1.8321067481443922,0.3425580332819744,1,1
85,Medium,Low,No,6,Yes,1,Medium,Medium,Neutral,3,Yes,Postgraduate,Near,Male,65,-0.4965409593293564,-0.4214319626196886,0,1
81,Medium,Medium,No,4,Yes,2,Medium,Medium,Neutral,3,No,High School,Near,Male,68,0.8390248294856795,-1.0465146865392312,0,1
87,Medium,Medium,No,5,Yes,2,Medium,Medium,Positive,1,No,High School,Near,Male,68,-0.3295952357274769,-0.9770610505481708,1,2
85,Medium,High,Yes,9,Yes,1,High,Medium,Neutral,3,No,College,Moderate,Female,69,-0.1626495121255974,-0.07416378266438728,1,1
95,Medium,Low,Yes,8,Yes,2,Medium,Medium,Neutral,2,No,Postgraduate,Near,Female,71,1.005970553087559,-0.9770610505481708,0,1
83,Medium,Medium,Yes,7,Yes,0,Low,Medium,Neutral,1,Yes,Postgraduate,Moderate,Male,64,-0.6634866829312358,-0.9076074145571106,0,1
91,Low,High,No,7,Yes,1,Medium,Medium,Neutral,3,Yes,High School,Moderate,Male,65,-1.4982153009406332,1.3149089371568181,1,1
70,Medium,Medium,No,5,Yes,1,Low,High,Neutral,2,No,High School,Near,Male,64,-0.1626495121255974,0.9676407572015168,0,1
87,Medium,Medium,Yes,9,Yes,3,Low,Medium,Positive,3,No,Postgraduate,Moderate,Female,67,-0.4965409593293564,-1.532690138476653,1,0
96,Medium,High,No,6,Yes,3,Medium,Medium,Positive,2,No,College,Near,Female,70,-0.9973781301349948,-0.6297928705928695,1,1
75,Medium,High,No,8,Yes,1,Low,Low,Positive,4,No,High School,Moderate,Female,66,-0.1626495121255974,0.13419712530879355,1,1
91,High,Medium,No,5,Yes,3,Medium,High,Negative,3,No,High School,Near,Male,70,0.5051333822819205,-1.532690138476653,0,0
89,Medium,High,Yes,7,Yes,1,High,High,Neutral,4,No,High School,Moderate,Male,70,0.004296211476282077,0.6203725772462154,1,0
62,High,Medium,Yes,9,Yes,1,High,Low,Negative,3,No,College,Near,Male,64,0.338187658680041,-0.4214319626196886,0,0
83,Low,High,Yes,6,Yes,3,Low,Medium,Negative,3,No,College,Near,Male,71,1.8406991710969562,-0.3519783266286284,0,1
65,Medium,High,Yes,8,Yes,1,Medium,Medium,Positive,3,No,High School,Far,Male,63,-0.3295952357274769,-0.8381537785660502,1,1
99,Medium,Medium,Yes,5,Yes,1,Medium,High,Negative,3,No,College,Near,Male,72,0.338187658680041,-0.5603392346018092,0,2
92,High,High,No,6,Yes,4,Medium,Low,Neutral,4,No,College,Moderate,Female,72,-0.4965409593293564,1.2454553011657579,0,1
64,High,Low,Yes,7,Yes,0,Low,Medium,Negative,2,No,High School,Near,Male,61,-0.8304324065331153,0.9676407572015168,1,0
65,High,Low,Yes,8,Yes,2,Low,Medium,Negative,4,Yes,High School,Near,Female,63,-0.6634866829312358,1.523269845129999,1,2
84,Low,High,No,7,Yes,0,Medium,Medium,Positive,2,No,College,Moderate,Male,67,-0.4965409593293564,0.6898262132372758,0,2
74,High,Low,Yes,8,Yes,3,Medium,Medium,Neutral,1,No,High School,Near,Female,67,0.338187658680041,0.27310439729091407,1,0
61,Medium,Low,No,9,Yes,2,Medium,Medium,Neutral,5,No,High School,Moderate,Female,65,2.3415363419025947,-0.8381537785660502,1,0
82,Low,Medium,No,6,Yes,0,Medium,Medium,Negative,2,No,High School,Near,Female,64,-0.6634866829312358,0.5509189412551552,1,1
76,Medium,Low,No,5,Yes,2,High,High,Positive,6,No,Postgraduate,Near,Female,69,-0.3295952357274769,1.3843625731478784,1,2
64,Medium,High,No,6,No,4,High,Medium,Neutral,4,No,College,Moderate,Female,65,0.004296211476282077,-1.532690138476653,0,2
92,High,High,No,9,Yes,1,Low,High,Neutral,4,Yes,Postgraduate,Near,Male,71,0.338187658680041,-0.21307105464650783,1,0
97,Medium,Medium,Yes,6,Yes,0,Medium,High,Positive,2,No,High School,Near,Male,70,0.338187658680041,-1.254875594512412,0,1
90,Low,Medium,Yes,9,Yes,0,Medium,Medium,Positive,2,No,College,Moderate,Female,98,1.339862000291318,1.1065480291836374,1,1
93,Medium,Medium,Yes,7,No,1,Low,High,Neutral,2,No,College,Near,Female,65,-2.49988964255191,0.4120116692730346,1,1
69,High,Medium,Yes,10,No,1,Medium,Medium,Neutral,4,No,Postgraduate,Near,Female,63,-2.3329439189500305,1.3149089371568181,0,1
71,Medium,Medium,Yes,10,Yes,0,Low,Low,Positive,3,No,High School,Moderate,Male,61,-0.4965409593293564,-1.532690138476653,1,0
68,Medium,Low,Yes,9,Yes,1,Low,Medium,Positive,3,No,College,Moderate,Male,67,1.1729162766894383,1.3843625731478784,1,1
91,Medium,Medium,No,5,Yes,0,Low,Medium,Neutral,2,No,Postgraduate,Near,Female,64,-1.4982153009406332,-1.532690138476653,0,1
98,High,Medium,No,4,Yes,1,Low,High,Neutral,2,No,High School,Near,Female,65,-3.0007268133575487,-0.76870014257499,0,1
89,High,High,Yes,7,Yes,2,Medium,High,Positive,3,No,Postgraduate,Moderate,Male,73,0.5051333822819205,-1.1854219585213517,0,1
95,Medium,High,Yes,8,No,1,Low,Medium,Positive,3,No,High School,Near,Male,69,0.17124193507816154,-1.254875594512412,1,0
86,Medium,High,No,8,Yes,3,Medium,Medium,Neutral,3,No,High School,Near,Male,67,-1.1643238537368743,-1.1159683225302914,1,1
76,High,Medium,No,6,Yes,0,High,Medium,Positive,2,Yes,College,Far,Male,63,-0.9973781301349948,-0.07416378266438728,0,0
77,High,High,Yes,5,Yes,0,Medium,Medium,Positive,2,No,College,Near,Male,67,-0.9973781301349948,0.9676407572015168,0,0
63,Low,High,Yes,8,Yes,2,High,Medium,Neutral,5,No,High School,Near,Male,66,0.17124193507816154,1.3843625731478784,1,1
61,Medium,High,Yes,10,Yes,2,Low,High,Positive,2,No,College,Moderate,Female,64,-0.6634866829312358,0.20365076129985382,1,1
88,High,Low,Yes,6,Yes,2,Low,Medium,Neutral,2,No,High School,Moderate,Male,68,0.5051333822819205,-1.1854219585213517,1,1
78,Medium,Medium,No,8,Yes,2,High,Medium,Positive,4,No,High School,Moderate,Male,61,-2.8337810897556692,-1.4632365024855927,1,2
82,Medium,Medium,Yes,10,Yes,1,High,Medium,Negative,1,No,College,Near,Female,66,-0.8304324065331153,-0.004710146673327003,1,1
82,Medium,Medium,Yes,7,Yes,0,Low,Medium,Neutral,2,No,High School,Near,Female,65,-1.1643238537368743,0.8981871212104565,1,1
71,Medium,High,Yes,7,Yes,0,Medium,Medium,Negative,4,No,College,Moderate,Female,65,-0.3295952357274769,0.4120116692730346,1,1
79,Medium,Medium,No,8,Yes,3,Medium,High,Neutral,5,Yes,Postgraduate,Near,Male,67,-0.4965409593293564,0.27310439729091407,0,1
79,High,Medium,Yes,7,Yes,1,Medium,Medium,Negative,2,No,Postgraduate,Moderate,Female,68,0.8390248294856795,-1.6021437744677132,1,1
76,Medium,Medium,Yes,9,Yes,1,Medium,High,Neutral,3,No,College,Near,Male,63,-1.8321067481443922,-0.2825246906375681,1,1
93,High,Medium,No,6,Yes,1,Low,Medium,Positive,3,No,College,Moderate,Female,70,0.004296211476282077,0.20365076129985382,1,0
78,High,High,No,7,Yes,0,Low,Medium,Neutral,2,No,High School,Near,Female,68,0.5051333822819205,0.3425580332819744,0,1
84,Medium,Medium,No,5,No,2,Low,High,Positive,3,No,High School,Near,Male,69,1.8406991710969562,-1.7410510464498339,0,1
96,High,Medium,Yes,7,Yes,0,Low,Medium,Neutral,2,Yes,College,Near,Male,67,-0.4965409593293564,-1.0465146865392312,0,0
95,Medium,Medium,No,5,Yes,0,Low,Low,Neutral,3,No,High School,Moderate,Male,69,0.338187658680041,1.523269845129999,1,1
96,Medium,Low,Yes,8,Yes,1,Low,High,Positive,4,Yes,High School,Near,Female,65,-1.8321067481443922,-0.004710146673327003,0,0
71,Medium,High,Yes,5,Yes,1,Low,Medium,Positive,2,No,High School,Moderate,Male,61,-2.3329439189500305,0.6898262132372758,1,1
61,Medium,High,Yes,8,Yes,3,Low,Low,Neutral,3,No,College,Near,Female,65,0.8390248294856795,-0.6992465065839297,1,0
70,Low,Medium,Yes,6,Yes,4,Medium,Medium,Positive,4,No,Postgraduate,Near,Male,67,0.004296211476282077,0.27310439729091407,1,0
71,Medium,High,Yes,10,Yes,1,Low,Medium,Negative,2,No,High School,Moderate,Male,66,1.1729162766894383,-0.49088559861074893,1,1
96,Medium,Medium,No,9,Yes,2,High,High,Neutral,4,Yes,Postgraduate,Near,Female,69,-1.3312695773387537,-0.6992465065839297,0,1
86,Medium,Medium,Yes,8,Yes,3,Medium,Medium,Neutral,4,No,College,Near,Female,71,0.5051333822819205,-0.2825246906375681,1,2
63,High,High,No,5,Yes,1,High,Low,Positive,2,No,High School,Near,Female,68,1.8406991710969562,-0.14361741865544755,1,1
65,High,Medium,No,6,No,3,Medium,Medium,Negative,5,No,High School,Moderate,Male,65,0.5051333822819205,-0.5603392346018092,0,2
66,Medium,Medium,No,6,Yes,1,Low,Medium,Neutral,5,No,Postgraduate,Far,Male,64,0.338187658680041,-0.8381537785660502,0,2
85,Medium,Low,No,6,Yes,1,High,High,Positive,3,No,College,Near,Male,68,0.004296211476282077,0.4120116692730346,0,0
89,Low,High,No,9,Yes,1,Low,Low,Neutral,3,No,High School,Near,Male,64,-1.4982153009406332,-0.4214319626196886,1,0
94,Medium,High,No,7,Yes,1,Low,Medium,Positive,3,No,High School,Near,Male,71,1.339862000291318,-1.0465146865392312,1,0
98,High,Medium,No,6,Yes,1,Low,Medium,Neutral,3,No,Postgraduate,Moderate,Female,70,-0.6634866829312358,0.8981871212104565,1,1
68,High,Medium,Yes,6,Yes,0,Medium,Medium,Positive,2,No,Postgraduate,Near,Male,68,0.5051333822819205,0.759279849228336,1,1
72,Medium,Medium,Yes,6,Yes,2,Medium,Medium,Positive,3,No,High School,Moderate,Male,63,-1.4982153009406332,1.3149089371568181,1,0
70,Medium,High,Yes,8,Yes,0,Low,Medium,Negative,3,Yes,High School,Near,Male,61,-1.1643238537368743,0.20365076129985382,0,1
74,Medium,Low,No,5,Yes,2,Medium,Medium,Neutral,1,No,College,Moderate,Male,66,1.5068077238931974,-0.76870014257499,1,1
97,Medium,High,Yes,7,Yes,5,High,Medium,Positive,4,No,College,Near,Female,75,-0.3295952357274769,1.2454553011657579,1,1
83,High,High,Yes,8,Yes,2,Medium,High,Neutral,1,No,High School,Far,Male,71,1.5068077238931974,-0.76870014257499,1,1
90,Medium,Medium,Yes,4,Yes,1,Low,Low,Positive,3,No,College,Near,Male,69,0.004296211476282077,0.5509189412551552,1,2
80,High,Low,No,5,Yes,2,Low,Medium,Neutral,3,No,High School,Near,Male,62,-1.8321067481443922,-1.0465146865392312,0,1
61,Medium,Medium,No,7,Yes,0,Medium,Medium,Positive,4,No,High School,Moderate,Female,65,0.8390248294856795,0.4120116692730346,1,2
63,Medium,Low,No,9,Yes,0,Low,Medium,Positive,3,No,College,Moderate,Female,61,-0.6634866829312358,1.1760016651746976,0,1
82,Medium,Medium,No,9,Yes,3,Medium,Medium,Positive,2,No,High School,Near,Female,69,0.6720791058837999,0.13419712530879355,1,1
89,Low,Low,Yes,6,Yes,1,Medium,Low,Positive,3,No,Postgraduate,Far,Male,66,0.004296211476282077,-0.07416378266438728,0,0
69,High,Medium,Yes,9,Yes,1,Low,Medium,Neutral,5,No,High School,Near,Male,64,-1.4982153009406332,1.7316307531031798,1,0
89,High,Medium,Yes,7,Yes,1,Medium,Medium,Positive,4,No,High School,Near,Female,69,0.17124193507816154,-1.6715974104587736,1,0
92,High,High,Yes,7,Yes,6,High,Medium,Positive,5,No,High School,Near,Female,78,2.1745906183007153,-0.5603392346018092,1,0
76,Low,High,Yes,7,Yes,2,Medium,Medium,Neutral,4,No,High School,Near,Female,68,0.5051333822819205,1.4538162091389386,0,0
90,High,High,No,8,Yes,2,High,Medium,Negative,4,Yes,High School,Moderate,Female,70,0.004296211476282077,0.4814653052640949,0,1
76,Low,Medium,Yes,6,Yes,1,Medium,Medium,Neutral,5,No,High School,Near,Male,68,1.005970553087559,0.13419712530879355,0,1
87,Low,Low,Yes,6,Yes,0,Medium,High,Neutral,5,No,Postgraduate,Near,Female,68,0.17124193507816154,0.4814653052640949,1,1
91,Medium,Medium,No,5,Yes,1,High,Medium,Positive,3,No,College,Near,Female,69,0.17124193507816154,-0.6297928705928695,1,0
100,Medium,Low,Yes,8,Yes,0,Medium,High,Positive,3,No,College,Near,Female,68,-1.1643238537368743,-1.4632365024855927,1,1
74,High,Low,Yes,8,Yes,3,Low,Low,Neutral,1,No,College,Far,Male,80,0.17124193507816154,-0.76870014257499,1,1
76,Medium,Medium,Yes,8,Yes,1,Low,Medium,Negative,3,No,High School,Moderate,Male,67,1.005970553087559,-0.5603392346018092,1,2
67,Low,Medium,Yes,5,Yes,1,High,High,Positive,2,No,Postgraduate,Near,Male,64,-0.8304324065331153,-0.07416378266438728,1,1
68,Medium,Low,No,6,Yes,0,Medium,Medium,Negative,2,No,Postgraduate,Near,Male,64,1.5068077238931974,-0.3519783266286284,1,0
88,Medium,Medium,Yes,9,Yes,1,Medium,High,Positive,3,No,High School,Far,Male,68,-0.1626495121255974,0.06474348931773327,1,0
97,Low,Medium,No,7,Yes,4,Medium,Medium,Negative,3,No,High School,Near,Female,67,-0.8304324065331153,-1.0465146865392312,1,0
76,Medium,Medium,No,7,Yes,0,Medium,Medium,Neutral,1,Yes,Postgraduate,Near,Male,65,1.005970553087559,-1.1159683225302914,1,0
67,High,High,Yes,7,Yes,0,Medium,Medium,Positive,4,No,High School,Near,Male,66,-0.3295952357274769,-0.49088559861074893,1,1
71,Medium,Low,Yes,8,Yes,4,Medium,Medium,Positive,4,Yes,Postgraduate,Near,Male,67,0.8390248294856795,-0.07416378266438728,1,0
78,High,Medium,No,7,No,0,High,Medium,Negative,3,No,College,Moderate,Male,64,-0.3295952357274769,-0.5603392346018092,1,0
72,Medium,Low,Yes,6,Yes,1,Low,Medium,Positive,4,No,Postgraduate,Near,Female,66,0.004296211476282077,0.27310439729091407,0,1
69,Medium,Low,Yes,8,No,1,Medium,Medium,Positive,3,No,College,Far,Male,63,0.5051333822819205,-0.6297928705928695,1,0
89,Medium,High,No,5,Yes,5,Medium,Medium,Positive,4,Yes,High School,Near,Male,71,0.338187658680041,-1.1159683225302914,0,2
60,High,Medium,Yes,9,Yes,0,Low,High,Neutral,3,No,Postgraduate,Near,Female,62,-1.9990524717462717,1.2454553011657579,1,2
82,Medium,High,No,6,Yes,1,Low,Low,Positive,4,No,College,Far,Female,64,-1.1643238537368743,-1.0465146865392312,1,1
92,Low,Medium,Yes,8,Yes,2,Medium,Medium,Neutral,3,No,Postgraduate,Moderate,Male,72,1.005970553087559,1.5927234811210593,1,1
71,High,Medium,Yes,7,Yes,0,Low,High,Negative,4,No,High School,Moderate,Female,65,-0.1626495121255974,1.6621771171121196,1,0
84,Low,High,No,6,Yes,1,Medium,Low,Positive,2,No,College,Near,Female,67,-0.4965409593293564,0.6898262132372758,1,1
87,High,High,Yes,9,No,1,Low,Medium,Neutral,3,Yes,College,Moderate,Female,65,-1.3312695773387537,-0.004710146673327003,0,1
86,Low,Low,Yes,8,Yes,0,Low,Medium,Neutral,1,No,High School,Near,Male,63,-0.9973781301349948,1.0370943931925771,0,0
78,High,High,No,7,Yes,1,High,High,Neutral,3,Yes,High School,Near,Female,65,-1.9990524717462717,1.3149089371568181,1,0
74,Medium,Medium,Yes,10,Yes,1,Low,Medium,Positive,5,No,Postgraduate,Moderate,Male,67,-0.1626495121255974,0.6898262132372758,1,1
93,Medium,Medium,Yes,8,Yes,0,High,Medium,Neutral,4,No,High School,Moderate,Male,67,-0.6634866829312358,-1.3937828664945324,1,0
90,Low,Medium,Yes,6,Yes,0,Medium,High,Positive,3,No,College,Moderate,Male,65,-0.9973781301349948,-1.7410510464498339,0,1
73,Medium,High,Yes,4,Yes,1,Low,Medium,Positive,3,Yes,High School,Moderate,Male,64,0.004296211476282077,-1.0465146865392312,0,1
64,High,Low,No,7,Yes,0,Medium,High,Positive,5,Yes,High School,Near,Female,64,0.338187658680041,-1.1159683225302914,0,2
63,High,High,Yes,9,Yes,1,Medium,Medium,Positive,4,No,High School,Near,Male,69,2.1745906183007153,-1.1159683225302914,1,1
64,Medium,Medium,No,8,Yes,1,High,Medium,Positive,3,No,High School,Moderate,Male,60,-1.4982153009406332,-0.004710146673327003,0,0
83,Medium,Medium,Yes,9,Yes,1,Low,High,Positive,4,No,High School,Near,Male,70,1.1729162766894383,0.06474348931773327,1,1
62,Low,High,No,6,Yes,2,Medium,Medium,Positive,3,No,High School,Near,Male,66,1.005970553087559,0.759279849228336,1,1
73,Medium,Medium,Yes,7,Yes,3,Medium,Medium,Neutral,4,No,College,Near,Female,66,-0.8304324065331153,-1.0465146865392312,1,2
90,Medium,Low,No,7,Yes,2,Medium,Medium,Neutral,2,No,College,Near,Female,68,0.17124193507816154,-1.3937828664945324,1,1
72,Low,Medium,No,7,Yes,3,Medium,High,Negative,3,Yes,High School,Far,Female,62,-0.4965409593293564,0.5509189412551552,1,0
91,Medium,High,Yes,8,Yes,0,Medium,Medium,Negative,2,No,Postgraduate,Near,Female,70,0.17124193507816154,-0.07416378266438728,1,0
90,Medium,Medium,Yes,9,Yes,0,Medium,High,Positive,3,No,High School,Near,Female,72,1.5068077238931974,0.5509189412551552,0,1
70,Low,Low,Yes,10,Yes,1,High,Medium,Negative,2,No,High School,Moderate,Female,64,0.6720791058837999,-0.4214319626196886,1,2
89,Low,Medium,No,9,Yes,1,High,Medium,Neutral,5,No,Postgraduate,Near,Male,71,0.5051333822819205,0.8981871212104565,1,2
90,Medium,High,No,8,Yes,1,Low,Low,Negative,4,No,High School,Far,Female,67,-0.4965409593293564,0.6203725772462154,1,1
76,Low,Medium,No,6,Yes,3,Medium,Medium,Positive,1,No,High School,Near,Female,64,-1.4982153009406332,0.5509189412551552,1,2
68,High,High,No,7,No,1,High,Medium,Positive,1,No,High School,Moderate,Female,64,-0.1626495121255974,-1.6715974104587736,1,1
81,Medium,High,Yes,8,Yes,0,High,High,Neutral,3,No,College,Near,Female,72,1.1729162766894383,1.2454553011657579,1,1
97,Low,Low,Yes,7,Yes,3,Low,Medium,Positive,2,No,High School,Near,Female,66,-1.4982153009406332,-0.4214319626196886,1,1
86,High,Medium,No,6,Yes,3,High,High,Neutral,2,No,College,Near,Female,68,-0.9973781301349948,-1.254875594512412,0,1
67,Medium,Medium,Yes,6,Yes,1,Low,Medium,Positive,5,No,Postgraduate,Near,Female,95,0.17124193507816154,0.8981871212104565,0,1
87,Medium,Low,Yes,8,Yes,0,Medium,High,Neutral,3,Yes,College,Moderate,Male,64,-0.9973781301349948,-0.07416378266438728,1,1
77,Medium,Medium,Yes,7,Yes,1,Medium,Medium,Neutral,2,No,College,Near,Male,64,-0.8304324065331153,-1.6021437744677132,1,1
84,Low,High,Yes,7,Yes,2,High,Medium,Positive,2,No,High School,Moderate,Male,68,-0.4965409593293564,0.9676407572015168,1,1
89,Medium,Low,Yes,7,Yes,1,High,High,Neutral,5,No,College,Near,Male,67,-1.3312695773387537,-0.21307105464650783,1,1
81,Medium,Medium,No,6,Yes,1,High,Medium,Positive,3,No,Postgraduate,Moderate,Female,67,-0.9973781301349948,0.8981871212104565,1,1
93,High,Medium,Yes,7,Yes,1,Medium,High,Negative,3,No,High School,Moderate,Female,71,0.6720791058837999,0.8981871212104565,1,0
89,Medium,Low,Yes,6,Yes,1,Low,High,Negative,3,No,High School,Near,Female,63,-1.3312695773387537,-1.3937828664945324,1,0
85,Medium,Medium,Yes,6,Yes,3,Low,Medium,Neutral,3,No,High School,Near,Female,66,-1.6651610245425126,0.4120116692730346,1,1
66,High,High,No,5,No,2,Low,Medium,Positive,5,No,Postgraduate,Moderate,Male,65,-0.6634866829312358,-0.49088559861074893,1,2
93,Medium,Low,Yes,7,Yes,0,Low,Medium,Negative,3,No,High School,Near,Female,68,0.6720791058837999,0.13419712530879355,0,1
97,Medium,Low,Yes,8,Yes,0,High,Medium,Neutral,2,No,High School,Near,Male,68,-0.1626495121255974,-1.4632365024855927,1,1
65,Medium,High,No,9,Yes,0,Medium,Medium,Positive,2,Yes,High School,Moderate,Male,62,-0.4965409593293564,0.27310439729091407,1,1
80,Low,Medium,Yes,5,Yes,0,High,High,Neutral,3,No,Postgraduate,Far,Male,67,0.004296211476282077,0.9676407572015168,1,1
70,High,High,Yes,9,Yes,1,Medium,Medium,Neutral,4,No,High School,Moderate,Female,65,-1.6651610245425126,1.6621771171121196,1,1
90,High,Medium,Yes,7,Yes,2,High,High,Neutral,3,No,High School,Near,Female,71,0.5051333822819205,-0.6297928705928695,1,0
89,Medium,High,Yes,5,Yes,4,High,High,Neutral,2,Yes,College,Near,Female,71,0.338187658680041,-1.1854219585213517,1,1
66,High,Medium,Yes,6,No,1,Medium,High,Positive,3,Yes,High School,Far,Male,61,-0.3295952357274769,-0.49088559861074893,1,0
95,Medium,Medium,No,4,Yes,1,Low,Medium,Positive,2,No,High School,Near,Male,70,1.005970553087559,-1.6715974104587736,1,1
67,Medium,Low,Yes,5,Yes,0,Low,High,Negative,2,No,High School,Near,Male,60,-1.1643238537368743,-0.3519783266286284,0,1
92,Low,Medium,No,10,Yes,0,Low,Medium,Neutral,2,No,Postgraduate,Far,Male,70,1.1729162766894383,1.4538162091389386,1,1
78,Medium,High,No,6,Yes,1,Low,High,Neutral,2,No,College,Near,Female,67,0.17124193507816154,-1.0465146865392312,0,2
73,Medium,Medium,Yes,8,No,3,Medium,High,Neutral,2,No,Postgraduate,Near,Male,66,-0.3295952357274769,-0.07416378266438728,0,0
66,Low,Low,Yes,7,Yes,2,Medium,Medium,Positive,2,No,High School,Moderate,Female,63,0.004296211476282077,0.27310439729091407,0,1
67,Medium,Medium,No,7,Yes,3,Low,High,Positive,3,No,Postgraduate,Near,Female,65,-0.1626495121255974,-1.1159683225302914,0,0
86,High,Medium,Yes,8,Yes,5,High,High,Positive,2,Yes,Postgraduate,Near,Female,75,1.1729162766894383,-0.5603392346018092,1,2
82,High,Medium,No,4,Yes,2,High,Medium,Negative,4,Yes,High School,Near,Male,66,-0.9973781301349948,1.4538162091389386,0,0
65,Medium,Medium,No,9,Yes,1,Low,Medium,Neutral,2,No,College,Near,Female,61,-0.8304324065331153,-0.6992465065839297,1,1
65,Medium,Medium,Yes,7,Yes,1,Low,Medium,Positive,1,No,Postgraduate,Far,Male,65,1.005970553087559,0.4814653052640949,1,0
63,Low,Medium,Yes,6,Yes,2,Low,Low,Neutral,3,No,Postgraduate,Near,Male,61,-0.6634866829312358,-1.254875594512412,1,1
90,High,High,Yes,8,Yes,2,Medium,Medium,Negative,3,No,College,Near,Male,73,0.8390248294856795,0.5509189412551552,1,1
88,High,Medium,Yes,6,Yes,1,High,Medium,Neutral,2,No,College,Near,Female,73,1.6737534474950768,-0.76870014257499,1,1
62,Medium,Medium,Yes,7,Yes,1,Medium,Medium,Positive,5,No,College,Moderate,Male,63,-0.3295952357274769,-0.9076074145571106,1,1
82,Low,Medium,No,7,Yes,1,Medium,Medium,Positive,3,No,Postgraduate,Moderate,Male,67,0.6720791058837999,-1.3243292305034722,1,1
63,Medium,High,Yes,8,Yes,2,Low,Medium,Positive,4,No,High School,Near,Male,62,-1.1643238537368743,-1.6021437744677132,1,1
96,Low,Low,No,7,Yes,1,Medium,Medium,Neutral,3,No,College,Near,Male,71,0.8390248294856795,1.5927234811210593,0,1
96,Medium,Medium,Yes,5,Yes,2,Low,High,Negative,4,No,High School,Moderate,Male,70,0.17124193507816154,-0.2825246906375681,1,1
88,Medium,Medium,No,8,Yes,0,Medium,High,Positive,5,No,High School,Near,Female,70,0.5051333822819205,0.9676407572015168,0,1
97,Medium,Medium,No,7,No,4,Low,High,Neutral,2,No,High School,Near,Female,69,-0.6634866829312358,1.4538162091389386,0,0
92,Medium,Medium,No,4,Yes,3,Low,Low,Positive,2,No,College,Near,Female,66,-1.6651610245425126,-1.0465146865392312,1,2
93,Low,High,Yes,7,Yes,1,Medium,High,Negative,3,No,High School,Near,Female,72,0.5051333822819205,1.2454553011657579,1,2
83,High,Low,Yes,6,Yes,1,Low,High,Neutral,3,No,High School,Far,Female,63,-1.9990524717462717,0.6898262132372758,1,0
72,Low,Medium,Yes,8,Yes,1,Medium,High,Positive,4,No,High School,Moderate,Male,65,-0.3295952357274769,0.27310439729091407,1,1
69,High,High,Yes,6,Yes,3,Medium,Medium,Positive,3,No,College,Moderate,Female,71,1.005970553087559,1.0370943931925771,1,1
73,Medium,Medium,No,5,Yes,5,High,Medium,Neutral,3,No,High School,Moderate,Male,66,0.17124193507816154,-1.3243292305034722,0,1
85,Medium,Low,Yes,9,No,2,High,Medium,Neutral,3,No,High School,Moderate,Male,69,2.007644894698836,-0.8381537785660502,1,0
67,Low,Medium,No,8,Yes,0,Medium,Medium,Negative,4,No,College,Far,Female,62,1.005970553087559,-1.254875594512412,1,1
70,High,High,No,7,No,1,Medium,Medium,Neutral,3,No,High School,Near,Female,66,-0.6634866829312358,1.3843625731478784,1,2
79,Medium,Low,Yes,8,Yes,3,Low,Medium,Positive,4,No,High School,Near,Female,66,0.004296211476282077,-1.3937828664945324,0,0
69,Medium,Low,Yes,8,Yes,1,Medium,High,Negative,3,Yes,High School,Moderate,Female,64,0.004296211476282077,1.6621771171121196,1,2
84,Low,Medium,Yes,7,Yes,0,Medium,High,Negative,3,No,High School,Near,Male,63,-1.4982153009406332,-1.3937828664945324,1,2
97,Medium,Medium,Yes,5,Yes,0,Low,Medium,Positive,2,No,High School,Near,Female,68,-0.9973781301349948,0.5509189412551552,1,1
90,Medium,Medium,No,7,Yes,5,Medium,High,Negative,3,Yes,High School,Near,Male,68,-0.4965409593293564,0.5509189412551552,1,0
87,High,High,No,9,Yes,2,Low,Medium,Positive,3,No,High School,Near,Male,67,-1.9990524717462717,1.523269845129999,1,0
83,High,Low,Yes,8,Yes,1,High,Medium,Neutral,3,Yes,College,Near,Female,67,0.004296211476282077,-0.6297928705928695,0,1
80,High,High,Yes,7,Yes,2,Low,High,Neutral,2,Yes,Postgraduate,Near,Female,68,-0.1626495121255974,-0.5603392346018092,1,1
67,High,Medium,Yes,8,Yes,1,Medium,High,Negative,4,No,Postgraduate,Near,Male,65,-1.6651610245425126,1.1760016651746976,1,1
96,Low,High,Yes,7,Yes,4,Low,Medium,Positive,4,No,College,Moderate,Male,74,0.338187658680041,1.6621771171121196,1,2
70,Medium,High,Yes,9,Yes,1,Low,Medium,Positive,2,No,Postgraduate,Moderate,Male,85,0.6720791058837999,-1.6021437744677132,1,2
64,Medium,Medium,No,9,Yes,2,Low,Medium,Neutral,3,No,College,Moderate,Male,64,0.17124193507816154,0.4814653052640949,1,1
90,Low,Medium,Yes,5,Yes,3,Medium,Medium,Neutral,2,No,High School,Moderate,Female,67,-0.3295952357274769,-0.9076074145571106,0,2
67,High,High,Yes,9,Yes,2,Medium,Medium,Negative,2,No,College,Near,Female,68,0.6720791058837999,0.759279849228336,1,1
75,Low,Medium,Yes,10,Yes,0,Medium,High,Positive,3,No,College,Near,Female,67,0.6720791058837999,0.9676407572015168,0,0
61,High,Medium,No,8,Yes,1,Medium,High,Neutral,4,No,High School,Near,Female,65,0.338187658680041,0.8981871212104565,1,0
65,High,High,Yes,8,Yes,2,Low,Medium,Neutral,2,Yes,Postgraduate,Far,Male,63,-0.8304324065331153,-0.21307105464650783,0,0
67,Medium,Medium,Yes,6,Yes,1,Low,Medium,Neutral,2,No,Postgraduate,Near,Male,64,0.338187658680041,-1.1854219585213517,1,1
62,Low,Low,Yes,6,Yes,0,Low,Medium,Negative,3,No,College,Moderate,Male,62,1.1729162766894383,0.27310439729091407,0,1
86,Low,High,Yes,7,Yes,1,Medium,Low,Positive,2,No,Postgraduate,Near,Female,68,-0.6634866829312358,0.9676407572015168,1,0
93,Medium,Medium,Yes,6,Yes,0,Low,Medium,Positive,4,No,Postgraduate,Far,Female,75,2.1745906183007153,1.4538162091389386,0,2
75,Medium,Low,No,5,Yes,0,Low,Medium,Neutral,4,No,High School,Near,Female,63,-0.4965409593293564,-0.14361741865544755,0,2
95,Medium,Low,Yes,7,Yes,2,Low,Medium,Neutral,4,No,College,Moderate,Male,68,0.004296211476282077,-0.9076074145571106,1,0
69,Medium,Medium,No,8,Yes,2,Medium,Medium,Neutral,3,No,Postgraduate,Near,Male,63,-0.6634866829312358,-1.3243292305034722,0,0
73,High,High,No,5,Yes,0,Medium,Medium,Neutral,2,No,College,Near,Female,68,0.17124193507816154,1.0370943931925771,1,1
66,Medium,High,No,7,Yes,0,Medium,High,Positive,2,No,High School,Near,Male,62,-1.6651610245425126,0.13419712530879355,1,1
85,Low,Medium,Yes,7,Yes,3,Medium,Medium,Positive,2,No,College,Far,Female,67,-0.4965409593293564,0.6203725772462154,1,1
77,High,High,No,7,Yes,2,Low,Medium,Positive,3,No,High School,Near,Male,66,-1.1643238537368743,-1.1854219585213517,1,1
85,Medium,Medium,No,8,Yes,1,Medium,High,Neutral,2,No,High School,Far,Male,65,0.17124193507816154,-1.7410510464498339,0,0
90,Medium,Medium,Yes,8,Yes,0,Low,Low,Negative,3,Yes,Postgraduate,Moderate,Female,69,1.005970553087559,1.5927234811210593,0,1
82,High,Medium,No,6,Yes,2,High,Medium,Positive,1,No,High School,Near,Male,70,0.6720791058837999,1.1065480291836374,1,1
85,High,Medium,Yes,9,Yes,0,Low,Medium,Positive,3,Yes,Postgraduate,Near,Female,64,-2.3329439189500305,-0.3519783266286284,1,2
97,High,Medium,Yes,8,Yes,0,High,Medium,Negative,3,No,College,Near,Female,75,2.007644894698836,-0.14361741865544755,1,1
72,Low,Low,Yes,9,Yes,1,Low,Medium,Positive,3,No,College,Near,Male,66,0.338187658680041,1.4538162091389386,0,2
74,Medium,Low,No,7,Yes,2,Medium,Medium,Positive,3,No,High School,Far,Female,62,-0.8304324065331153,-1.0465146865392312,1,0
89,Low,Medium,No,7,Yes,4,High,Medium,Neutral,5,No,Postgraduate,Far,Male,70,0.17124193507816154,1.0370943931925771,1,0
84,High,High,No,7,Yes,0,Medium,Medium,Positive,3,No,High School,Moderate,Male,68,0.17124193507816154,-1.6715974104587736,1,1
67,Medium,High,Yes,9,Yes,1,Medium,Medium,Neutral,2,No,Postgraduate,Near,Female,66,-0.6634866829312358,1.3149089371568181,0,2
75,Low,High,Yes,7,Yes,0,Low,Medium,Neutral,2,No,High School,Near,Male,65,0.17124193507816154,0.27310439729091407,1,1
79,High,Medium,Yes,7,Yes,3,Medium,Medium,Positive,2,No,Postgraduate,Far,Male,68,-0.6634866829312358,-0.07416378266438728,0,2
77,High,Medium,No,10,Yes,2,Medium,Medium,Positive,3,No,Postgraduate,Near,Female,68,-0.3295952357274769,0.6898262132372758,1,0
67,Medium,Medium,Yes,5,Yes,2,Medium,Medium,Positive,3,No,High School,Moderate,Male,62,-0.6634866829312358,-1.532690138476653,0,0
97,Low,Medium,Yes,8,Yes,2,Low,Medium,Positive,3,No,College,Near,Female,66,-1.4982153009406332,-1.0465146865392312,1,0
90,Medium,Low,No,7,Yes,2,Low,Medium,Negative,2,No,Postgraduate,Near,Female,68,0.17124193507816154,-0.3519783266286284,1,1
79,High,Medium,No,7,Yes,0,High,Medium,Positive,2,No,High School,Moderate,Male,69,0.6720791058837999,0.4120116692730346,1,2
87,Medium,Low,No,6,Yes,2,High,Medium,Positive,3,Yes,High School,Near,Male,67,0.5051333822819205,-1.254875594512412,1,1
96,Low,High,Yes,6,Yes,3,High,Medium,Positive,2,No,Postgraduate,Near,Male,74,0.8390248294856795,-0.4214319626196886,1,0
65,Low,Medium,No,6,No,2,Medium,Medium,Neutral,3,No,High School,Far,Male,61,0.338187658680041,-0.8381537785660502,1,1
70,High,Medium,No,8,Yes,2,High,High,Negative,2,Yes,High School,Moderate,Female,64,-0.4965409593293564,0.4814653052640949,1,0
82,Medium,Medium,No,8,Yes,1,Low,Medium,Positive,2,No,High School,Moderate,Female,69,0.8390248294856795,1.4538162091389386,0,1
92,High,Medium,No,4,Yes,2,Medium,Medium,Positive,2,Yes,College,Moderate,Male,66,-1.3312695773387537,-1.1854219585213517,1,0
61,Medium,Medium,No,5,Yes,0,Low,High,Neutral,4,No,High School,Near,Female,61,-0.8304324065331153,-1.1159683225302914,1,2
99,Medium,Medium,Yes,8,Yes,3,Medium,Low,Neutral,4,No,College,Near,Female,71,-0.9973781301349948,0.3425580332819744,0,2
78,High,High,Yes,8,No,2,Low,Medium,Positive,4,No,College,Near,Female,71,1.005970553087559,-0.14361741865544755,0,1
74,Medium,Medium,No,5,Yes,2,Low,High,Positive,4,No,College,Near,Female,69,1.005970553087559,0.759279849228336,1,0
72,Medium,Medium,Yes,8,Yes,1,Low,Medium,Neutral,4,No,Postgraduate,Near,Female,66,0.5051333822819205,-0.76870014257499,1,0
67,Low,Medium,Yes,7,Yes,2,Low,High,Neutral,3,Yes,High School,Moderate,Male,64,1.005970553087559,0.13419712530879355,0,0
92,Low,Medium,No,8,Yes,1,High,Medium,Neutral,4,No,Postgraduate,Near,Male,68,-0.8304324065331153,-0.4214319626196886,0,1
98,High,Medium,Yes,6,Yes,0,Medium,High,Positive,3,No,High School,Moderate,Female,71,0.338187658680041,-0.76870014257499,1,0
77,High,Medium,Yes,5,Yes,0,Medium,Low,Negative,4,Yes,High School,Near,Male,66,-0.1626495121255974,0.759279849228336,1,2
98,Medium,Medium,Yes,7,Yes,1,High,Low,Neutral,4,No,Postgraduate,Near,Male,94,0.8390248294856795,1.0370943931925771,1,2
93,Low,High,Yes,7,Yes,1,Medium,Medium,Neutral,3,No,High School,Near,Female,68,-0.1626495121255974,-0.6297928705928695,0,0
79,Medium,Medium,No,7,No,1,Medium,High,Positive,4,No,College,Moderate,Female,66,-0.3295952357274769,0.4120116692730346,0,1
87,High,Low,No,6,Yes,4,Medium,High,Neutral,2,No,High School,Near,Male,70,0.5051333822819205,-1.1159683225302914,1,1
77,Medium,Medium,No,10,Yes,1,Low,Medium,Neutral,3,No,High School,Near,Male,68,0.8390248294856795,1.0370943931925771,1,1
82,High,Low,No,4,Yes,1,Medium,Medium,Neutral,2,No,Postgraduate,Moderate,Male,65,-0.6634866829312358,-0.76870014257499,0,0
62,Medium,Medium,Yes,6,Yes,3,Medium,Medium,Positive,4,No,High School,Near,Male,64,0.004296211476282077,-1.1159683225302914,1,0
88,High,Medium,Yes,6,Yes,0,Low,Medium,Positive,3,No,College,Near,Male,69,-0.9973781301349948,1.523269845129999,1,1
62,High,High,No,7,Yes,1,Low,Medium,Positive,4,No,College,Far,Male,59,-2.49988964255191,-0.2825246906375681,0,0
93,Low,Medium,No,8,Yes,2,Medium,High,Neutral,4,No,College,Near,Male,70,0.17124193507816154,0.4814653052640949,0,1
93,High,Low,Yes,8,Yes,0,High,Medium,Negative,2,No,College,Near,Male,72,0.6720791058837999,1.0370943931925771,0,2
69,Low,Medium,No,9,Yes,0,Medium,Medium,Neutral,3,No,College,Moderate,Male,64,0.338187658680041,0.6203725772462154,1,1
73,Medium,High,No,8,Yes,0,Medium,High,Negative,3,No,High School,Near,Male,63,-1.9990524717462717,0.20365076129985382,0,2
79,Medium,Medium,Yes,4,Yes,2,High,Low,Positive,3,No,College,Near,Male,67,-0.3295952357274769,-0.4214319626196886,0,1
84,Medium,Medium,Yes,5,No,1,Low,Low,Positive,3,Yes,High School,Near,Male,62,-2.165998195348151,1.4538162091389386,1,1
71,Medium,Medium,Yes,9,Yes,1,Low,High,Neutral,4,No,Postgraduate,Near,Female,69,1.339862000291318,-1.254875594512412,1,2
84,Medium,Medium,Yes,9,Yes,3,Medium,Medium,Negative,2,Yes,High School,Near,Male,66,-1.1643238537368743,1.3149089371568181,1,1
72,Low,Low,No,8,Yes,4,Low,Medium,Negative,2,No,High School,Near,Female,66,1.339862000291318,0.6898262132372758,0,2
62,Low,Medium,No,6,Yes,1,Low,Medium,Positive,3,Yes,College,Near,Female,63,1.005970553087559,0.27310439729091407,1,1
60,Medium,Medium,No,7,Yes,2,High,Medium,Neutral,4,No,High School,Near,Male,62,-0.8304324065331153,-0.6297928705928695,1,2
64,Medium,High,No,6,Yes,1,Low,Low,Neutral,3,Yes,High School,Moderate,Female,58,-1.1643238537368743,-1.254875594512412,1,0
92,Medium,Low,No,5,Yes,0,Medium,Medium,Negative,4,No,College,Moderate,Male,67,0.338187658680041,-0.21307105464650783,0,0
98,Medium,Medium,Yes,7,No,2,Low,Low,Neutral,3,No,College,Moderate,Male,68,-0.8304324065331153,0.9676407572015168,1,0
77,High,Medium,No,10,Yes,1,Low,Medium,Neutral,3,No,College,Near,Male,67,0.17124193507816154,0.8287334852193963,1,0
81,Medium,Medium,No,6,Yes,3,Low,Medium,Neutral,4,No,College,Near,Male,67,-0.4965409593293564,0.4814653052640949,0,1
66,Low,Medium,No,9,Yes,3,Medium,Medium,Neutral,3,No,College,Near,Male,62,-1.8321067481443922,1.7316307531031798,1,0
82,Medium,High,Yes,6,Yes,2,Medium,High,Negative,2,No,Postgraduate,Moderate,Male,66,-2.165998195348151,1.6621771171121196,1,1
66,Medium,Medium,Yes,5,Yes,1,Low,High,Positive,5,No,High School,Near,Female,65,0.17124193507816154,-0.3519783266286284,0,1
84,Medium,High,Yes,8,Yes,0,Low,Low,Positive,5,No,College,Near,Female,67,-0.4965409593293564,-1.0465146865392312,0,1
97,Medium,Low,No,7,No,1,Medium,High,Neutral,4,No,College,Near,Male,69,-0.4965409593293564,-0.14361741865544755,0,2
68,Medium,High,Yes,9,Yes,1,Low,High,Positive,2,No,High School,Near,Male,67,0.6720791058837999,1.1760016651746976,1,0
91,Low,Medium,Yes,9,Yes,0,Low,Medium,Neutral,3,No,College,Near,Male,69,1.1729162766894383,-0.14361741865544755,0,0
61,Medium,Low,No,7,Yes,2,High,Medium,Positive,4,No,High School,Near,Male,62,-0.3295952357274769,-0.5603392346018092,1,0
75,Medium,Medium,Yes,9,Yes,3,Low,Medium,Negative,3,No,Postgraduate,Near,Female,67,-0.3295952357274769,0.8287334852193963,1,0
64,Medium,Low,Yes,6,Yes,0,Medium,Medium,Neutral,3,No,High School,Moderate,Male,63,0.5051333822819205,0.5509189412551552,1,1
74,Medium,Medium,No,6,Yes,2,Low,Medium,Neutral,3,No,College,Near,Male,65,-1.3312695773387537,1.5927234811210593,1,2
67,Medium,Medium,Yes,9,Yes,3,High,Low,Neutral,3,No,College,Moderate,Female,66,0.17124193507816154,0.13419712530879355,1,1
75,Medium,High,Yes,5,Yes,3,Medium,High,Positive,1,No,College,Near,Female,71,0.5051333822819205,1.5927234811210593,1,1
77,Low,High,Yes,7,Yes,1,Medium,High,Positive,4,No,Postgraduate,Near,Male,70,0.6720791058837999,-0.6992465065839297,0,2
72,High,High,Yes,9,Yes,4,Medium,Medium,Positive,4,No,High School,Near,Male,68,-1.9990524717462717,1.2454553011657579,1,2
86,High,Medium,Yes,9,Yes,0,Medium,Low,Neutral,3,No,High School,Near,Male,67,-0.8304324065331153,-0.49088559861074893,1,2
97,Medium,High,No,6,Yes,2,High,High,Neutral,0,No,High School,Near,Male,71,-0.8304324065331153,1.0370943931925771,0,2
76,Low,Medium,Yes,9,Yes,1,Low,Low,Negative,5,No,High School,Near,Male,65,0.17124193507816154,1.4538162091389386,1,1
68,Low,Medium,Yes,5,Yes,1,Low,Low,Neutral,2,No,Postgraduate,Near,Male,64,0.5051333822819205,0.4120116692730346,1,0
71,Medium,Medium,Yes,6,Yes,1,Low,Medium,Positive,2,No,College,Near,Female,69,1.5068077238931974,0.759279849228336,1,1
94,Medium,Low,Yes,7,Yes,1,Medium,High,Negative,2,No,High School,Near,Male,68,-0.4965409593293564,1.5927234811210593,1,0
83,Medium,Low,Yes,8,Yes,4,Low,High,Neutral,3,No,College,Near,Male,67,-0.4965409593293564,-0.4214319626196886,1,0
78,Medium,Medium,Yes,5,Yes,1,Medium,Medium,Positive,4,No,Postgraduate,Near,Male,71,1.1729162766894383,0.06474348931773327,0,2
66,Medium,Low,Yes,10,Yes,1,Medium,Medium,Negative,3,No,High School,Near,Male,64,0.338187658680041,1.3843625731478784,0,1
78,Medium,High,Yes,4,Yes,2,Low,Low,Negative,3,No,College,Far,Female,69,1.339862000291318,0.6203725772462154,1,1
71,Medium,High,Yes,7,Yes,1,Medium,Medium,Neutral,4,No,High School,Near,Male,68,0.338187658680041,1.3149089371568181,1,1
98,High,Low,Yes,7,Yes,1,Medium,Low,Negative,3,No,Postgraduate,Near,Male,69,-1.1643238537368743,0.4120116692730346,0,1
95,Medium,Medium,No,4,Yes,0,Low,Medium,Positive,3,No,High School,Moderate,Male,67,-1.3312695773387537,0.8287334852193963,1,1
63,Medium,High,Yes,9,Yes,0,Low,Low,Negative,3,Yes,College,Moderate,Male,58,-1.4982153009406332,-1.6715974104587736,1,2
81,Low,Medium,Yes,6,Yes,0,Medium,High,Negative,2,No,High School,Far,Male,66,0.6720791058837999,-0.5603392346018092,1,2
69,Medium,High,Yes,7,Yes,2,High,High,Neutral,1,No,High School,Moderate,Male,69,1.1729162766894383,0.9676407572015168,0,0
76,Medium,High,Yes,7,Yes,3,Low,Medium,Neutral,3,No,College,Moderate,Male,70,1.8406991710969562,-0.3519783266286284,1,0
95,Medium,Low,Yes,5,Yes,1,Medium,High,Positive,3,No,High School,Far,Male,70,0.8390248294856795,-0.49088559861074893,1,1
81,Medium,Low,Yes,5,Yes,0,High,Medium,Positive,3,No,High School,Near,Male,70,1.1729162766894383,1.5927234811210593,1,1
73,High,High,No,9,Yes,0,Low,High,Negative,3,No,Postgraduate,Moderate,Female,66,-0.4965409593293564,0.20365076129985382,1,1
68,Low,High,No,7,Yes,1,Medium,Low,Positive,3,No,College,Moderate,Female,61,-1.1643238537368743,-1.0465146865392312,0,1
92,Medium,Medium,Yes,4,Yes,3,Low,High,Positive,2,Yes,High School,Moderate,Female,71,0.8390248294856795,-0.07416378266438728,1,1
85,High,Low,Yes,7,Yes,2,Low,Medium,Neutral,3,No,College,Near,Female,69,0.5051333822819205,0.06474348931773327,1,2
79,Medium,Medium,Yes,7,Yes,2,Low,Medium,Positive,2,No,Postgraduate,Near,Male,69,0.17124193507816154,1.6621771171121196,1,1
69,High,Medium,No,7,Yes,0,Medium,Medium,Neutral,1,No,High School,Near,Female,65,0.338187658680041,0.759279849228336,1,0
73,High,High,Yes,4,Yes,3,Medium,Medium,Negative,4,No,College,Far,Male,69,0.338187658680041,0.06474348931773327,1,2
98,Medium,High,Yes,7,Yes,1,Low,High,Positive,2,No,College,Near,Male,74,1.339862000291318,-0.21307105464650783,0,1
81,Medium,Medium,Yes,6,Yes,2,Low,Medium,Positive,5,No,High School,Moderate,Male,71,1.339862000291318,1.4538162091389386,0,2
76,High,Medium,No,7,Yes,0,Medium,High,Neutral,1,No,College,Near,Male,68,0.5051333822819205,0.4814653052640949,0,2
81,High,High,Yes,8,Yes,0,Low,High,Neutral,3,No,College,Moderate,Female,69,0.8390248294856795,-0.49088559861074893,1,0
91,Low,Medium,Yes,8,No,3,Medium,Medium,Negative,5,No,High School,Far,Male,68,0.5051333822819205,-0.14361741865544755,1,1
74,Medium,Low,No,9,Yes,2,Medium,Medium,Neutral,3,No,High School,Near,Male,63,-0.4965409593293564,-0.76870014257499,1,1
67,Medium,Medium,Yes,10,Yes,0,High,Medium,Positive,2,No,High School,Near,Male,68,0.8390248294856795,1.5927234811210593,1,2
83,High,Medium,Yes,5,Yes,2,Low,High,Negative,2,No,College,Near,Male,67,-1.3312695773387537,0.6898262132372758,0,1
87,Medium,High,No,6,Yes,3,Medium,Medium,Neutral,3,No,College,Moderate,Male,71,1.005970553087559,-0.3519783266286284,1,0
89,High,High,No,8,Yes,0,Low,High,Neutral,2,No,Postgraduate,Moderate,Male,66,-1.1643238537368743,-1.1159683225302914,1,0
95,High,Medium,No,7,Yes,2,Low,Medium,Negative,3,Yes,High School,Near,Male,69,0.338187658680041,-1.1159683225302914,1,1
75,High,Medium,Yes,4,Yes,3,Medium,High,Positive,4,No,College,Near,Female,68,-0.8304324065331153,-0.07416378266438728,1,1
63,Medium,Medium,No,7,Yes,1,Low,Medium,Neutral,3,No,College,Moderate,Male,63,0.5051333822819205,-0.14361741865544755,1,0
98,Medium,Medium,No,9,Yes,0,Low,Medium,Negative,4,No,College,Moderate,Male,69,0.004296211476282077,-0.2825246906375681,1,1
77,Low,High,Yes,5,Yes,3,Low,Medium,Positive,3,No,College,Near,Female,66,-1.6651610245425126,1.2454553011657579,1,1
85,Medium,Medium,Yes,7,Yes,1,Low,High,Neutral,5,No,College,Near,Female,71,0.5051333822819205,1.6621771171121196,1,2
87,Medium,High,No,4,Yes,2,Low,Low,Positive,4,No,Postgraduate,Moderate,Male,68,-0.4965409593293564,-0.49088559861074893,1,1
82,Medium,Medium,Yes,8,Yes,0,High,Medium,Neutral,4,No,High School,Near,Male,69,0.8390248294856795,-0.6992465065839297,0,1
68,Medium,Medium,Yes,7,Yes,0,Medium,High,Positive,3,No,High School,Far,Female,65,0.004296211476282077,0.9676407572015168,0,1
90,Medium,Low,Yes,6,Yes,0,Low,Medium,Neutral,4,No,College,Near,Male,68,0.338187658680041,-0.21307105464650783,1,1
92,High,Medium,Yes,6,Yes,0,Low,Medium,Neutral,2,No,College,Moderate,Male,67,-0.9973781301349948,-0.9770610505481708,0,2
82,Medium,Medium,No,5,Yes,1,Medium,Medium,Positive,3,No,High School,Near,Male,65,-0.6634866829312358,-1.1159683225302914,1,1
80,Low,Medium,Yes,9,Yes,1,Low,Medium,Positive,4,No,Postgraduate,Far,Female,65,-0.4965409593293564,-0.76870014257499,0,1
65,Medium,Low,Yes,6,Yes,2,Low,Medium,Positive,2,No,College,Near,Female,64,0.8390248294856795,-1.7410510464498339,1,1
63,High,High,No,8,Yes,1,Low,High,Neutral,3,No,High School,Near,Female,69,1.6737534474950768,1.523269845129999,1,1
74,High,Low,No,6,Yes,2,Low,Medium,Positive,3,No,High School,Near,Male,64,-0.8304324065331153,-0.21307105464650783,1,0
72,Medium,Medium,No,10,No,2,High,High,Neutral,2,No,College,Moderate,Male,66,1.005970553087559,-1.4632365024855927,1,1
98,Medium,Low,Yes,9,Yes,2,Medium,Medium,Neutral,5,Yes,College,Near,Male,65,-2.165998195348151,-1.1854219585213517,0,1
91,High,Medium,Yes,10,Yes,2,Medium,Medium,Positive,4,No,High School,Near,Female,69,-1.1643238537368743,-0.6297928705928695,1,1
86,Low,Medium,Yes,10,Yes,3,Medium,High,Negative,4,Yes,High School,Near,Female,66,-0.9973781301349948,0.20365076129985382,0,1
81,Medium,Medium,Yes,6,Yes,0,Low,Medium,Positive,2,Yes,High School,Near,Male,64,-1.3312695773387537,0.6898262132372758,0,2
67,Medium,Medium,Yes,6,Yes,1,Medium,High,Negative,4,No,High School,Near,Female,61,-1.6651610245425126,-0.6992465065839297,1,1
99,Medium,Medium,No,10,Yes,1,Medium,Medium,Neutral,1,No,College,Near,Male,72,0.338187658680041,1.5927234811210593,0,0
75,Medium,Medium,Yes,7,Yes,1,Medium,Medium,Positive,3,No,Postgraduate,Moderate,Male,67,-0.1626495121255974,0.8981871212104565,0,0
64,Low,Medium,Yes,8,Yes,0,Low,Medium,Neutral,4,No,College,Moderate,Female,63,0.338187658680041,1.1065480291836374,1,0
80,Medium,High,No,6,Yes,1,Medium,Medium,Neutral,3,No,College,Moderate,Male,69,0.6720791058837999,-0.6297928705928695,1,2
95,Low,High,Yes,6,Yes,3,Medium,Medium,Neutral,2,Yes,Postgraduate,Far,Male,70,0.338187658680041,-0.4214319626196886,1,2
95,Medium,High,Yes,8,Yes,1,Low,Medium,Positive,3,Yes,High School,Near,Male,71,0.6720791058837999,0.13419712530879355,1,0
60,Medium,Low,Yes,4,Yes,0,Low,Low,Neutral,1,No,Postgraduate,Moderate,Female,60,0.004296211476282077,-0.14361741865544755,1,1
95,Medium,High,Yes,8,Yes,3,Medium,Medium,Neutral,2,No,Postgraduate,Near,Female,70,-1.1643238537368743,-0.8381537785660502,0,1
71,Low,High,No,8,Yes,1,Low,High,Positive,4,No,College,Near,Female,69,1.005970553087559,1.7316307531031798,0,0
62,Medium,High,No,6,No,0,Medium,Medium,Positive,4,No,High School,Near,Female,63,-0.6634866829312358,1.1760016651746976,0,1
94,Medium,Medium,Yes,7,Yes,2,Medium,High,Negative,1,No,Postgraduate,Near,Male,69,-0.9973781301349948,-0.9076074145571106,0,2
95,Medium,Medium,Yes,7,Yes,0,Medium,High,Negative,2,No,College,Near,Male,71,-0.1626495121255974,1.3843625731478784,0,2
84,Medium,High,Yes,7,Yes,1,Medium,High,Neutral,4,No,High School,Near,Female,68,-0.8304324065331153,0.27310439729091407,1,1
83,Medium,High,No,8,Yes,0,Low,Medium,Negative,4,No,High School,Moderate,Male,64,-0.4965409593293564,-1.6715974104587736,1,0
93,Low,Medium,No,6,Yes,0,Medium,Medium,Neutral,3,No,College,Near,Female,68,0.338187658680041,-0.5603392346018092,1,1
91,Low,Medium,Yes,10,Yes,2,High,Medium,Neutral,3,No,High School,Near,Female,69,0.338187658680041,-1.6715974104587736,1,2
96,Medium,Low,No,7,Yes,0,Low,Medium,Neutral,3,No,College,Near,Female,65,-0.8304324065331153,-1.4632365024855927,1,0
82,Medium,Medium,Yes,7,Yes,3,Medium,Medium,Positive,4,No,College,Near,Male,68,-0.4965409593293564,-1.1159683225302914,1,1
99,Medium,High,Yes,10,Yes,1,Medium,Medium,Neutral,2,No,College,Near,Male,74,1.005970553087559,-0.07416378266438728,0,1
100,High,Low,Yes,4,Yes,0,Low,High,Positive,4,No,Postgraduate,Near,Female,72,0.5051333822819205,-0.4214319626196886,1,0
65,High,Medium,No,10,Yes,1,High,Medium,Negative,2,No,High School,Near,Female,67,2.007644894698836,-1.254875594512412,0,1
94,High,High,Yes,7,Yes,1,Medium,High,Neutral,2,No,High School,Moderate,Female,73,1.1729162766894383,-0.3519783266286284,1,0
80,Medium,Medium,No,6,No,1,High,Medium,Neutral,4,No,College,Moderate,Male,68,1.1729162766894383,-0.6992465065839297,0,2
76,Medium,Low,Yes,5,Yes,0,Medium,Medium,Negative,4,No,High School,Near,Male,61,-1.3312695773387537,-0.2825246906375681,1,0
85,High,High,No,5,Yes,3,Low,Medium,Neutral,4,No,High School,Near,Female,70,0.8390248294856795,-1.1159683225302914,1,1
62,Medium,Low,Yes,6,No,1,Medium,High,Neutral,3,No,College,Moderate,Female,62,0.004296211476282077,0.3425580332819744,1,2
80,Medium,Medium,Yes,7,Yes,2,Medium,Medium,Neutral,3,No,Postgraduate,Near,Female,67,-0.4965409593293564,-1.6021437744677132,0,2
95,Low,High,Yes,8,No,0,Low,High,Negative,3,No,Postgraduate,Near,Male,69,0.17124193507816154,-0.4214319626196886,1,1
69,High,High,No,7,No,0,Medium,Medium,Negative,3,No,Postgraduate,Near,Female,93,1.005970553087559,1.3843625731478784,1,0
77,Medium,High,No,6,Yes,3,Medium,Low,Positive,4,No,High School,Moderate,Male,68,0.5051333822819205,-0.2825246906375681,0,0
98,Medium,Medium,Yes,9,Yes,1,Low,High,Neutral,2,No,College,Near,Female,69,-0.8304324065331153,-0.21307105464650783,1,1
77,Medium,Medium,Yes,10,Yes,2,High,Medium,Neutral,4,No,College,Moderate,Male,68,0.6720791058837999,-1.532690138476653,1,2
74,Medium,High,No,9,Yes,0,Medium,Medium,Negative,5,No,High School,Near,Male,64,-0.6634866829312358,0.3425580332819744,1,0
78,High,Medium,Yes,6,Yes,0,Medium,Medium,Positive,2,No,High School,Near,Female,69,0.17124193507816154,1.523269845129999,1,1
81,Medium,Medium,No,8,Yes,2,Low,Medium,Neutral,4,No,Postgraduate,Near,Male,66,-0.3295952357274769,-0.6992465065839297,1,0
85,Medium,Medium,No,8,Yes,4,High,Medium,Neutral,3,No,High School,Moderate,Male,68,-0.1626495121255974,-0.3519783266286284,1,0
92,Medium,Medium,Yes,9,Yes,3,Medium,High,Negative,4,No,College,Moderate,Male,72,0.8390248294856795,0.27310439729091407,1,1
78,High,Medium,No,6,Yes,2,Low,Medium,Neutral,2,No,High School,Near,Female,63,-0.9973781301349948,-1.3937828664945324,0,0
93,High,Medium,No,6,Yes,0,Medium,Medium,Neutral,4,Yes,High School,Near,Male,73,2.007644894698836,1.5927234811210593,1,1
81,High,Medium,Yes,9,Yes,1,Medium,Medium,Negative,1,No,Postgraduate,Near,Male,65,-1.8321067481443922,-0.14361741865544755,1,1
74,High,High,Yes,8,Yes,1,Low,Medium,Positive,2,No,High School,Near,Female,65,-0.6634866829312358,-1.3243292305034722,0,0
86,Low,Medium,Yes,5,Yes,0,High,Medium,Positive,2,No,College,Near,Male,68,0.338187658680041,-0.5603392346018092,1,1
89,High,Medium,No,8,No,3,High,Medium,Neutral,2,No,College,Near,Male,70,0.6720791058837999,-0.4214319626196886,1,0
82,Medium,Medium,No,10,Yes,0,Low,Low,Positive,2,No,Postgraduate,Far,Male,65,-0.1626495121255974,-0.5603392346018092,1,1
62,High,Medium,Yes,6,Yes,2,Medium,Medium,Neutral,3,No,College,Near,Female,66,0.004296211476282077,0.6898262132372758,1,1
67,Medium,High,Yes,6,Yes,1,Low,Medium,Neutral,1,No,College,Near,Male,66,0.338187658680041,-0.5603392346018092,0,2
71,Medium,High,Yes,7,Yes,2,Low,Medium,Neutral,3,No,High School,Near,Female,65,-0.1626495121255974,-0.6297928705928695,1,0
71,Medium,High,No,8,Yes,2,Low,Medium,Positive,3,No,College,Near,Male,69,1.339862000291318,-0.6297928705928695,0,1
87,Low,High,Yes,7,Yes,1,Low,Medium,Neutral,4,Yes,High School,Near,Female,69,0.8390248294856795,0.9676407572015168,1,1
61,Medium,High,No,9,Yes,2,Medium,Medium,Neutral,4,Yes,High School,Moderate,Female,64,0.8390248294856795,-0.6992465065839297,0,1
90,Medium,Medium,Yes,7,Yes,1,Medium,Medium,Positive,4,Yes,High School,Near,Female,66,-0.9973781301349948,-1.6715974104587736,1,1
71,Low,Medium,Yes,9,Yes,1,Low,Medium,Positive,3,No,High School,Far,Male,63,0.004296211476282077,-0.49088559861074893,0,1
72,High,Medium,Yes,6,Yes,4,Low,Medium,Positive,3,No,Postgraduate,Near,Female,68,-0.3295952357274769,-0.76870014257499,1,1
81,High,Medium,Yes,5,Yes,2,Low,High,Positive,3,No,High School,Near,Male,68,-0.9973781301349948,1.3843625731478784,1,0
69,High,Medium,No,6,Yes,1,Medium,Low,Negative,3,Yes,College,Near,Female,65,0.338187658680041,-0.07416378266438728,1,2
95,High,Medium,No,5,Yes,1,Medium,Medium,Positive,3,No,High School,Moderate,Male,69,-0.4965409593293564,-0.9076074145571106,0,2
63,Medium,Medium,No,8,Yes,2,Low,High,Neutral,1,No,Postgraduate,Near,Female,66,0.6720791058837999,1.6621771171121196,1,0
78,Medium,Medium,No,4,Yes,1,Low,Medium,Neutral,4,No,College,Near,Male,63,-0.9973781301349948,-0.9076074145571106,1,1
94,Low,Medium,Yes,6,Yes,2,Low,Medium,Neutral,3,Yes,College,Near,Female,72,1.6737534474950768,0.8981871212104565,0,0
85,High,Medium,No,7,Yes,2,Medium,Medium,Negative,4,No,High School,Far,Male,67,-0.8304324065331153,0.4814653052640949,1,2
72,High,High,No,5,Yes,1,Medium,Medium,Neutral,3,No,High School,Near,Male,67,0.17124193507816154,-0.14361741865544755,1,1
77,High,Medium,Yes,7,Yes,0,Medium,Medium,Neutral,5,No,High School,Near,Male,68,0.8390248294856795,-0.3519783266286284,1,1
88,High,High,Yes,7,No,2,Medium,High,Positive,3,No,High School,Near,Male,71,-0.4965409593293564,1.3149089371568181,1,1
99,Medium,High,No,9,Yes,1,Medium,High,Negative,3,No,High School,Near,Male,73,0.8390248294856795,-0.07416378266438728,0,1
96,Medium,Medium,No,5,Yes,2,Medium,Low,Positive,3,No,High School,Near,Male,68,-1.1643238537368743,-0.4214319626196886,1,1
74,High,Medium,No,8,Yes,0,Medium,High,Positive,4,No,High School,Near,Female,69,1.5068077238931974,-0.49088559861074893,1,1
100,Medium,Medium,Yes,8,Yes,0,Low,Medium,Neutral,2,No,High School,Moderate,Male,69,0.004296211476282077,-0.76870014257499,1,1
60,Medium,High,No,7,Yes,3,High,High,Negative,4,No,High School,Near,Female,63,-0.6634866829312358,-0.3519783266286284,0,0
61,Medium,Medium,Yes,6,Yes,3,Low,Medium,Neutral,3,No,High School,Moderate,Male,62,-0.3295952357274769,-1.3243292305034722,1,1
93,Medium,Medium,Yes,5,Yes,0,High,Medium,Neutral,5,No,College,Moderate,Female,70,0.8390248294856795,-1.532690138476653,0,1
68,High,Medium,No,10,Yes,1,High,Medium,Positive,3,No,Postgraduate,Near,Male,66,-0.6634866829312358,0.13419712530879355,1,1
62,Medium,Medium,No,7,Yes,3,High,Medium,Negative,3,No,High School,Near,Female,62,-0.6634866829312358,-0.14361741865544755,1,0
69,Medium,High,Yes,7,Yes,2,Low,Low,Neutral,2,No,Postgraduate,Moderate,Female,64,-0.1626495121255974,-1.1159683225302914,0,0
77,Medium,Medium,Yes,10,Yes,2,Low,Medium,Positive,3,No,College,Moderate,Male,63,-1.1643238537368743,-1.3937828664945324,0,0
89,Medium,Medium,Yes,7,Yes,1,High,Low,Positive,2,No,College,Moderate,Female,71,1.8406991710969562,-1.254875594512412,1,1
85,High,Medium,Yes,10,Yes,1,High,Medium,Neutral,1,Yes,Postgraduate,Moderate,Male,67,-0.4965409593293564,-0.6297928705928695,1,1
70,Low,High,Yes,5,Yes,2,Medium,Medium,Neutral,1,No,Postgraduate,Near,Male,67,0.8390248294856795,-0.14361741865544755,0,1
80,Low,High,Yes,7,Yes,1,Medium,High,Positive,2,No,College,Moderate,Male,67,0.17124193507816154,-1.0465146865392312,1,1
97,Low,Medium,Yes,5,Yes,2,High,Medium,Positive,3,No,Postgraduate,Near,Male,71,-0.9973781301349948,0.8981871212104565,1,1
93,High,Medium,No,7,Yes,0,Low,High,Neutral,3,No,High School,Near,Male,69,0.004296211476282077,-1.0465146865392312,1,2
73,Medium,Medium,Yes,7,Yes,2,High,Medium,Neutral,4,No,High School,Near,Female,93,0.8390248294856795,-1.3243292305034722,1,1
99,High,Medium,Yes,6,Yes,1,Low,Medium,Positive,1,No,High School,Moderate,Male,72,-0.1626495121255974,1.7316307531031798,0,1
88,Medium,High,No,7,Yes,1,Low,High,Positive,1,No,High School,Near,Female,71,1.1729162766894383,-0.21307105464650783,1,1
62,Medium,Medium,No,6,Yes,1,Medium,Medium,Neutral,3,No,High School,Moderate,Male,63,1.005970553087559,-1.1159683225302914,1,1
61,High,Low,Yes,7,No,0,Medium,High,Neutral,3,No,Postgraduate,Moderate,Male,65,1.005970553087559,1.3843625731478784,1,0
67,Low,Medium,Yes,6,Yes,0,Medium,Medium,Neutral,3,No,College,Moderate,Female,61,-0.4965409593293564,-0.9076074145571106,1,1
89,Medium,Low,No,9,Yes,2,Low,High,Neutral,3,No,College,Moderate,Female,66,-0.9973781301349948,1.4538162091389386,0,0
67,Medium,Medium,Yes,5,Yes,1,Low,Medium,Negative,2,No,College,Near,Female,61,-0.6634866829312358,-1.3243292305034722,1,0
80,Medium,Medium,No,7,Yes,1,Medium,Medium,Positive,3,No,High School,Moderate,Male,67,0.17124193507816154,1.1760016651746976,1,0
64,Medium,Low,Yes,5,Yes,3,Low,Medium,Positive,5,No,High School,Moderate,Female,64,0.5051333822819205,-1.1159683225302914,1,1
97,Low,High,No,6,Yes,3,Medium,High,Positive,2,No,College,Moderate,Female,69,-2.165998195348151,1.523269845129999,0,1
74,Low,Medium,No,6,Yes,1,High,Medium,Neutral,2,Yes,College,Far,Male,64,0.004296211476282077,0.27310439729091407,1,1
96,Medium,Medium,Yes,7,Yes,2,High,Medium,Negative,2,No,College,Near,Male,70,0.17124193507816154,-1.1159683225302914,1,0
98,High,Medium,Yes,7,Yes,2,Low,High,Neutral,4,No,High School,Near,Male,73,-0.3295952357274769,1.1760016651746976,0,1
60,Low,Medium,Yes,5,Yes,0,Low,Medium,Neutral,5,No,High School,Near,Male,63,1.339862000291318,-0.3519783266286284,0,0
79,Medium,Medium,Yes,6,No,2,Low,High,Neutral,4,No,College,Moderate,Male,68,0.5051333822819205,0.8287334852193963,1,1
61,Low,Low,Yes,6,Yes,0,Medium,High,Positive,3,No,College,Near,Female,64,1.339862000291318,0.4814653052640949,1,0
96,Medium,Low,Yes,5,No,3,Medium,Medium,Positive,3,No,High School,Moderate,Male,69,-0.1626495121255974,0.759279849228336,1,1
81,Medium,Medium,Yes,9,Yes,3,Low,Medium,Neutral,2,No,College,Near,Female,69,1.005970553087559,-0.5603392346018092,1,1
63,High,Low,No,5,Yes,2,Low,High,Positive,2,Yes,College,Moderate,Female,67,1.6737534474950768,1.523269845129999,1,2
64,High,Low,Yes,7,Yes,3,Medium,High,Positive,4,No,Postgraduate,Moderate,Male,69,1.339862000291318,0.20365076129985382,0,1
75,Medium,High,No,10,Yes,1,Low,Medium,Negative,3,Yes,College,Near,Male,62,-1.1643238537368743,-1.4632365024855927,0,1
98,Low,Medium,No,9,Yes,0,High,Medium,Neutral,1,No,High School,Moderate,Male,66,-0.3295952357274769,-1.532690138476653,1,1
88,Low,Medium,No,8,Yes,2,Medium,High,Neutral,2,No,Postgraduate,Moderate,Female,68,-0.3295952357274769,0.8287334852193963,1,1
95,High,Low,No,7,Yes,1,Low,Medium,Positive,1,No,High School,Near,Female,71,0.5051333822819205,1.1760016651746976,1,2
75,Medium,Low,No,8,Yes,1,Low,Medium,Positive,2,Yes,Postgraduate,Near,Male,66,0.6720791058837999,0.6898262132372758,1,1
62,Low,High,No,8,Yes,2,Low,Medium,Neutral,4,No,College,Near,Female,62,-0.8304324065331153,-0.76870014257499,1,2
99,Low,Low,Yes,9,Yes,1,High,Medium,Neutral,4,No,High School,Moderate,Male,68,0.004296211476282077,-0.9770610505481708,0,0
61,Medium,Low,Yes,7,Yes,0,Medium,Medium,Positive,3,No,High School,Near,Female,59,-1.9990524717462717,0.20365076129985382,0,1
98,Medium,Medium,Yes,9,Yes,0,Low,Medium,Negative,4,No,High School,Near,Female,70,1.5068077238931974,-1.0465146865392312,0,0
75,High,Low,Yes,7,Yes,1,High,Medium,Positive,4,No,High School,Near,Male,66,-0.4965409593293564,-0.4214319626196886,1,1
60,Medium,Medium,Yes,10,Yes,3,Low,Medium,Positive,3,No,College,Near,Male,65,0.004296211476282077,0.4120116692730346,1,1
88,Medium,Medium,No,7,Yes,0,Medium,Low,Positive,4,No,College,Moderate,Male,66,-0.3295952357274769,-0.76870014257499,1,0
99,Medium,Medium,Yes,5,Yes,2,Medium,Low,Positive,2,No,Postgraduate,Moderate,Male,73,1.1729162766894383,-0.4214319626196886,1,1
99,Medium,Low,Yes,7,Yes,2,High,Medium,Neutral,3,No,High School,Near,Female,65,-2.8337810897556692,-0.49088559861074893,0,1
66,Medium,High,Yes,8,Yes,0,High,Low,Positive,3,No,High School,Moderate,Male,65,0.004296211476282077,-0.14361741865544755,1,1
67,High,Medium,No,9,Yes,0,Medium,Medium,Positive,3,No,High School,Moderate,Female,64,-0.1626495121255974,0.6203725772462154,1,0
83,Medium,Medium,Yes,6,Yes,0,Low,Medium,Positive,4,No,Postgraduate,Near,Male,69,-0.4965409593293564,0.9676407572015168,1,2
85,Medium,Medium,No,4,Yes,2,High,High,Positive,3,No,Postgraduate,Near,Female,74,1.6737534474950768,0.5509189412551552,1,0
90,High,High,Yes,8,Yes,2,High,Medium,Negative,2,No,High School,Moderate,Female,68,-0.8304324065331153,-1.6715974104587736,1,2
67,Low,Medium,No,8,Yes,0,Medium,Medium,Neutral,4,No,Postgraduate,Moderate,Female,65,0.8390248294856795,1.3843625731478784,1,1
98,Medium,High,Yes,5,No,2,High,Medium,Neutral,5,No,High School,Moderate,Male,72,0.338187658680041,0.27310439729091407,1,1
86,Medium,Medium,Yes,7,Yes,2,Medium,Low,Neutral,4,No,High School,Near,Male,71,1.339862000291318,1.4538162091389386,1,1
94,High,Medium,No,7,Yes,0,Low,Medium,Neutral,4,No,High School,Moderate,Female,69,-0.6634866829312358,1.5927234811210593,1,1
82,Low,High,Yes,8,Yes,3,Low,High,Positive,1,No,College,Near,Male,67,-0.6634866829312358,-0.14361741865544755,1,0
77,Medium,High,Yes,6,Yes,0,Medium,High,Positive,3,No,Postgraduate,Moderate,Male,71,1.1729162766894383,1.4538162091389386,1,0
99,Low,Low,Yes,6,Yes,1,Medium,Medium,Neutral,3,Yes,College,Far,Male,68,0.5051333822819205,-0.49088559861074893,1,2
83,Low,Medium,No,7,Yes,3,High,Medium,Negative,2,No,High School,Far,Female,63,-1.4982153009406332,-0.8381537785660502,1,2
95,High,Medium,No,5,Yes,2,High,High,Neutral,2,No,College,Moderate,Female,69,-0.4965409593293564,-1.4632365024855927,1,0
98,Medium,Low,No,10,Yes,1,Low,Low,Negative,4,Yes,College,Near,Female,68,0.338187658680041,-0.14361741865544755,1,1
87,High,High,Yes,8,Yes,2,High,Medium,Positive,4,No,College,Moderate,Male,73,0.8390248294856795,0.6203725772462154,1,0
82,Medium,Medium,Yes,6,Yes,3,High,Medium,Positive,2,No,High School,Near,Male,69,-0.6634866829312358,1.6621771171121196,1,1
60,Medium,Medium,Yes,5,Yes,0,Medium,High,Neutral,4,No,High School,Moderate,Female,58,-2.8337810897556692,0.06474348931773327,0,1
62,High,Low,No,5,Yes,1,High,Low,Positive,3,No,High School,Near,Male,65,0.5051333822819205,0.8287334852193963,0,1
68,Medium,Medium,Yes,8,Yes,2,Low,Low,Positive,4,No,High School,Moderate,Male,63,-1.1643238537368743,1.3843625731478784,0,1
67,Low,Low,No,5,Yes,1,Medium,High,Positive,2,No,College,Near,Male,59,-1.9990524717462717,0.13419712530879355,1,0
70,Medium,Medium,Yes,7,Yes,0,Medium,Medium,Neutral,2,No,High School,Moderate,Male,58,-2.8337810897556692,-1.1854219585213517,0,1
72,Medium,Medium,Yes,4,Yes,1,Low,Medium,Negative,2,Yes,High School,Near,Male,66,0.8390248294856795,1.1760016651746976,0,2
74,Medium,High,Yes,8,Yes,0,Low,High,Positive,4,No,High School,Near,Male,67,0.17124193507816154,0.27310439729091407,0,1
77,High,Medium,Yes,8,No,3,Low,Medium,Positive,3,No,College,Moderate,Male,67,-0.1626495121255974,0.8981871212104565,1,1
64,High,Medium,No,7,Yes,2,High,Medium,Neutral,4,No,High School,Moderate,Male,67,1.339862000291318,0.5509189412551552,0,0
62,High,Low,Yes,7,Yes,0,Medium,Medium,Positive,6,No,Postgraduate,Near,Female,65,0.6720791058837999,-1.532690138476653,1,1
87,High,Medium,Yes,8,Yes,1,Low,Medium,Negative,1,No,College,Near,Male,71,1.6737534474950768,-1.1854219585213517,1,2
81,Medium,Medium,Yes,7,Yes,2,High,Medium,Neutral,3,No,High School,Near,Male,66,-1.3312695773387537,-0.76870014257499,1,2
78,Medium,High,Yes,8,Yes,2,High,Medium,Positive,2,No,High School,Moderate,Female,68,0.004296211476282077,-0.76870014257499,0,1
85,Medium,High,Yes,5,Yes,0,Low,High,Positive,4,Yes,High School,Far,Female,65,-1.6651610245425126,1.1760016651746976,0,1
93,High,High,No,8,Yes,1,Medium,Medium,Neutral,3,No,College,Moderate,Male,71,-0.1626495121255974,0.3425580332819744,0,1
77,Medium,Low,Yes,7,Yes,2,Low,Medium,Positive,4,No,High School,Near,Female,64,-0.1626495121255974,-1.4632365024855927,0,0
86,Medium,High,Yes,9,Yes,1,Medium,High,Neutral,3,No,Postgraduate,Near,Male,72,0.6720791058837999,-0.4214319626196886,1,2
98,Low,Low,No,7,Yes,4,High,High,Neutral,2,No,High School,Far,Male,69,0.004296211476282077,0.20365076129985382,1,0
94,Medium,Medium,No,7,Yes,1,Low,High,Neutral,3,No,High School,Near,Male,70,0.6720791058837999,-0.8381537785660502,1,1
77,Medium,Medium,Yes,6,Yes,0,Medium,Medium,Negative,4,No,High School,Near,Male,66,0.6720791058837999,-1.6021437744677132,0,1
86,Medium,Medium,No,9,No,0,Medium,Medium,Neutral,3,No,College,Near,Female,70,2.1745906183007153,-0.4214319626196886,1,1
67,High,Low,No,4,Yes,0,Medium,Medium,Neutral,2,No,Postgraduate,Moderate,Male,62,-0.3295952357274769,-0.14361741865544755,0,0
82,Low,Medium,Yes,8,Yes,1,Low,Medium,Neutral,3,No,Postgraduate,Moderate,Male,66,-0.9973781301349948,1.3843625731478784,0,1
99,High,Low,No,7,Yes,2,Low,Medium,Negative,1,No,High School,Near,Female,70,0.17124193507816154,1.3843625731478784,1,0
81,Low,Low,Yes,7,Yes,1,Medium,High,Negative,1,No,Postgraduate,Moderate,Male,63,-0.8304324065331153,-0.004710146673327003,1,0
97,High,Medium,Yes,7,Yes,1,Medium,Low,Positive,4,Yes,High School,Near,Female,73,1.5068077238931974,-0.07416378266438728,1,1
76,Medium,High,Yes,7,Yes,2,Medium,High,Neutral,4,No,Postgraduate,Near,Female,70,-0.3295952357274769,0.4814653052640949,1,2
100,High,High,No,8,Yes,1,Low,Medium,Positive,5,No,High School,Near,Male,71,-0.4965409593293564,-0.8381537785660502,0,0
83,Low,Medium,No,6,Yes,1,Medium,Medium,Positive,4,No,High School,Near,Female,65,-0.4965409593293564,-0.76870014257499,0,1
62,Medium,Low,Yes,7,Yes,1,High,High,Negative,2,No,Postgraduate,Near,Male,64,0.6720791058837999,-1.7410510464498339,0,1
83,High,Low,Yes,8,Yes,1,Low,Medium,Positive,4,No,High School,Moderate,Male,66,-0.1626495121255974,-1.4632365024855927,0,1
71,Low,Low,Yes,6,Yes,1,Low,High,Positive,3,No,Postgraduate,Near,Male,82,-0.6634866829312358,-1.1159683225302914,1,2
61,Low,High,Yes,8,Yes,2,Low,High,Neutral,3,No,Postgraduate,Near,Female,68,1.6737534474950768,0.4814653052640949,1,0
93,Medium,Medium,No,8,Yes,1,Medium,Medium,Neutral,4,No,High School,Near,Female,67,-0.8304324065331153,-0.9770610505481708,1,2
71,Low,High,Yes,6,Yes,5,Medium,Medium,Positive,5,No,College,Near,Male,68,0.004296211476282077,-1.3243292305034722,0,2
92,Low,High,Yes,5,Yes,2,Low,Medium,Negative,3,Yes,High School,Near,Male,69,0.6720791058837999,0.4120116692730346,0,1
72,Medium,Medium,Yes,6,Yes,0,Medium,Medium,Positive,4,No,High School,Near,Male,63,-1.6651610245425126,0.5509189412551552,1,1
68,Medium,High,No,7,Yes,3,High,Medium,Neutral,3,No,High School,Moderate,Female,66,0.5051333822819205,-1.532690138476653,1,2
99,Medium,Medium,No,7,No,0,Medium,Medium,Positive,2,No,Postgraduate,Far,Female,68,-0.9973781301349948,0.9676407572015168,0,2
74,High,Medium,Yes,9,Yes,4,Medium,Medium,Positive,3,No,College,Moderate,Female,71,0.8390248294856795,0.3425580332819744,1,1
84,Medium,High,Yes,6,Yes,2,High,Medium,Positive,3,No,College,Near,Female,69,-0.9973781301349948,-0.3519783266286284,1,2
84,Low,Medium,Yes,6,Yes,1,Medium,High,Positive,2,No,Postgraduate,Far,Female,70,0.6720791058837999,1.6621771171121196,1,1
82,Medium,Medium,No,8,Yes,3,High,Medium,Neutral,2,No,College,Near,Male,70,1.1729162766894383,-1.6715974104587736,1,2
97,Medium,Medium,Yes,6,Yes,1,Low,High,Positive,4,No,Postgraduate,Near,Male,73,0.8390248294856795,0.13419712530879355,0,0
87,Medium,High,Yes,6,Yes,0,Low,Medium,Neutral,4,No,High School,Near,Female,68,0.338187658680041,-1.1854219585213517,0,1
76,Medium,Low,Yes,6,Yes,1,High,Medium,Positive,3,No,High School,Near,Male,65,-0.1626495121255974,-0.6297928705928695,1,1
94,High,High,Yes,4,Yes,4,Medium,High,Neutral,4,No,High School,Moderate,Male,72,-0.4965409593293564,-1.254875594512412,1,1
67,High,Low,Yes,8,Yes,2,Low,Medium,Positive,4,Yes,High School,Near,Female,67,1.5068077238931974,0.5509189412551552,0,1
82,Low,Medium,Yes,8,Yes,4,Low,High,Neutral,4,No,College,Near,Female,68,-0.6634866829312358,-0.3519783266286284,1,2
98,Medium,Medium,Yes,8,Yes,0,High,Medium,Neutral,3,No,High School,Near,Male,69,-0.9973781301349948,1.6621771171121196,1,0
85,Medium,Medium,Yes,10,Yes,1,Medium,High,Positive,4,No,College,Moderate,Female,70,0.6720791058837999,0.5509189412551552,1,0
93,High,Medium,Yes,9,Yes,1,Medium,Medium,Negative,2,No,High School,Moderate,Female,69,-0.8304324065331153,1.4538162091389386,1,1
86,High,High,Yes,6,Yes,1,Medium,Medium,Positive,2,No,High School,Near,Male,68,-0.9973781301349948,-0.9076074145571106,0,1
94,Medium,Medium,No,9,No,2,Low,High,Positive,2,No,High School,Moderate,Male,65,-1.4982153009406332,-0.6297928705928695,0,1
98,Medium,High,Yes,7,Yes,1,Low,Medium,Positive,4,No,College,Moderate,Male,70,-0.4965409593293564,-0.49088559861074893,1,1
71,Medium,Low,Yes,6,Yes,1,Low,Medium,Negative,4,No,College,Near,Male,65,0.004296211476282077,1.1760016651746976,0,2
67,Medium,Low,No,6,Yes,0,Low,Medium,Positive,3,No,High School,Moderate,Female,61,0.17124193507816154,-0.9770610505481708,0,1
79,Medium,Low,No,7,Yes,1,High,Medium,Positive,2,No,High School,Near,Male,69,1.005970553087559,1.523269845129999,0,1
88,Medium,Low,Yes,7,Yes,0,Medium,Low,Neutral,4,No,High School,Near,Male,67,0.5051333822819205,-1.6021437744677132,1,1
69,Medium,Medium,Yes,9,Yes,1,Low,High,Positive,3,No,High School,Moderate,Male,65,-0.1626495121255974,1.3149089371568181,1,1
60,Medium,Medium,No,8,Yes,3,Medium,Low,Neutral,3,No,High School,Near,Male,63,-0.1626495121255974,-0.14361741865544755,0,2
74,Medium,High,Yes,6,Yes,0,Medium,High,Negative,4,No,High School,Near,Male,67,0.5051333822819205,0.06474348931773327,0,1
99,High,Low,No,5,Yes,6,Medium,Medium,Neutral,5,No,High School,Moderate,Female,76,1.339862000291318,1.7316307531031798,0,1
88,Medium,Medium,No,8,Yes,0,Medium,High,Neutral,3,No,College,Near,Male,70,0.17124193507816154,1.3149089371568181,1,1
76,Medium,High,Yes,8,Yes,1,Low,Medium,Neutral,4,No,Postgraduate,Near,Female,67,-0.4965409593293564,1.3843625731478784,0,0
68,High,High,Yes,9,Yes,2,Low,Medium,Positive,4,No,College,Near,Female,66,-0.9973781301349948,0.27310439729091407,0,0
74,Medium,High,Yes,7,Yes,1,Low,Medium,Positive,2,No,High School,Near,Male,65,-1.4982153009406332,1.5927234811210593,1,0
67,Low,High,No,8,Yes,0,Low,Medium,Neutral,1,No,College,Near,Female,65,0.6720791058837999,0.6203725772462154,1,2
64,Low,Medium,No,8,Yes,2,Low,Medium,Negative,3,No,High School,Far,Female,63,0.5051333822819205,1.1065480291836374,1,1
96,Medium,High,Yes,5,Yes,3,Medium,High,Neutral,3,Yes,High School,Near,Male,74,0.5051333822819205,0.759279849228336,1,1
100,Low,High,Yes,7,Yes,2,High,Low,Neutral,3,No,College,Moderate,Male,72,-0.1626495121255974,0.9676407572015168,0,2
67,High,High,No,8,Yes,1,High,Low,Neutral,4,No,High School,Near,Female,68,1.339862000291318,0.4814653052640949,1,0
62,Medium,Low,No,8,Yes,2,Medium,Medium,Neutral,4,No,High School,Moderate,Female,62,-0.4965409593293564,0.759279849228336,1,2
73,Low,High,No,7,Yes,1,Low,Low,Neutral,3,No,College,Far,Male,65,1.005970553087559,-0.21307105464650783,0,1
78,High,Medium,Yes,10,Yes,1,High,High,Negative,3,No,High School,Near,Male,69,0.004296211476282077,0.6898262132372758,0,1
68,Medium,Low,Yes,10,Yes,2,High,Low,Negative,2,No,High School,Moderate,Male,61,-0.6634866829312358,-0.76870014257499,1,1
72,Medium,Medium,Yes,7,Yes,2,Medium,Medium,Positive,4,No,High School,Far,Male,67,0.6720791058837999,0.4814653052640949,0,2
68,Medium,High,No,7,Yes,1,Medium,Medium,Positive,4,No,High School,Near,Male,66,0.338187658680041,0.06474348931773327,1,1
91,Low,Medium,Yes,8,Yes,1,Low,High,Neutral,2,No,High School,Near,Male,70,0.338187658680041,1.3843625731478784,0,1
89,Medium,High,No,7,Yes,5,High,Medium,Neutral,3,No,Postgraduate,Moderate,Male,72,0.004296211476282077,0.6203725772462154,1,0
85,High,Low,Yes,9,Yes,3,Low,Medium,Neutral,3,No,Postgraduate,Moderate,Male,69,0.004296211476282077,0.3425580332819744,0,1
75,Low,Medium,Yes,5,Yes,0,Low,Medium,Positive,3,No,High School,Near,Male,68,2.3415363419025947,-0.6297928705928695,0,1
96,Medium,Medium,No,7,Yes,2,Medium,Medium,Neutral,2,No,College,Near,Male,74,1.1729162766894383,1.2454553011657579,1,1
99,High,Medium,No,8,Yes,1,Low,Medium,Neutral,3,Yes,High School,Near,Male,70,0.6720791058837999,-1.532690138476653,0,2
67,Medium,Medium,Yes,9,Yes,1,Medium,Medium,Positive,4,No,High School,Near,Male,67,0.17124193507816154,1.3843625731478784,0,2
69,Medium,Medium,Yes,5,Yes,4,Medium,High,Neutral,2,No,High School,Moderate,Female,68,1.005970553087559,0.5509189412551552,0,1
81,High,Low,No,6,Yes,2,High,High,Neutral,1,No,Postgraduate,Near,Female,69,0.5051333822819205,-1.1159683225302914,0,1
64,High,Low,No,4,Yes,4,Medium,Medium,Neutral,4,No,High School,Near,Male,66,0.004296211476282077,1.3843625731478784,1,1
77,Medium,Low,No,6,Yes,3,Medium,High,Positive,3,No,College,Moderate,Male,66,-0.3295952357274769,-0.6297928705928695,1,2
83,High,High,Yes,5,Yes,1,Medium,Medium,Neutral,3,No,High School,Near,Male,68,0.004296211476282077,-1.1854219585213517,1,1
81,Medium,Medium,Yes,8,Yes,1,Low,Medium,Negative,2,No,College,Near,Male,60,-3.167672536959428,-0.6297928705928695,1,1
73,High,Medium,No,7,Yes,0,High,High,Positive,4,Yes,Postgraduate,Near,Male,69,0.17124193507816154,1.5927234811210593,1,2
82,High,Medium,No,7,Yes,1,Medium,Medium,Negative,1,Yes,High School,Near,Male,66,-0.4965409593293564,0.8981871212104565,1,1
98,Medium,High,Yes,7,Yes,1,Medium,Medium,Neutral,3,No,Postgraduate,Near,Female,77,1.6737534474950768,1.4538162091389386,0,1
68,Medium,Low,No,9,Yes,1,High,Medium,Negative,5,No,College,Near,Male,63,0.004296211476282077,-0.6992465065839297,1,0
86,Medium,Low,Yes,5,Yes,3,High,High,Neutral,3,Yes,College,Near,Male,66,-1.1643238537368743,-1.4632365024855927,1,1
62,High,Medium,Yes,4,No,1,High,Medium,Positive,4,No,High School,Moderate,Female,64,0.004296211476282077,0.20365076129985382,0,1
63,High,High,No,8,Yes,1,Low,Medium,Neutral,4,No,Postgraduate,Moderate,Female,63,-0.9973781301349948,-0.07416378266438728,0,1
82,Low,Medium,Yes,6,Yes,0,High,Medium,Neutral,4,No,High School,Near,Male,68,0.5051333822819205,0.759279849228336,1,1
64,High,Medium,No,5,Yes,1,High,Medium,Negative,2,No,College,Near,Male,65,0.338187658680041,0.13419712530879355,0,1
61,High,Medium,Yes,8,Yes,1,Medium,Medium,Neutral,4,Yes,Postgraduate,Moderate,Male,65,1.005970553087559,-0.3519783266286284,0,0
67,High,High,Yes,4,Yes,0,Medium,Medium,Positive,1,No,College,Near,Male,64,-0.8304324065331153,-1.7410510464498339,1,0
83,High,Medium,Yes,6,Yes,0,High,Medium,Positive,3,No,College,Far,Male,68,0.004296211476282077,-0.14361741865544755,1,1
88,Low,Medium,Yes,4,Yes,0,Low,High,Neutral,2,No,High School,Far,Male,62,-1.3312695773387537,-1.3243292305034722,0,1
68,Medium,Medium,Yes,7,Yes,1,Low,High,Positive,3,No,High School,Near,Male,67,0.6720791058837999,1.4538162091389386,1,1
87,High,High,Yes,9,Yes,1,Medium,Medium,Positive,1,No,College,Near,Female,73,0.5051333822819205,1.4538162091389386,0,2
67,High,High,Yes,6,Yes,2,High,Medium,Positive,3,No,High School,Near,Female,69,0.5051333822819205,1.0370943931925771,0,1
85,Medium,Medium,No,6,Yes,0,Low,Medium,Negative,2,No,Postgraduate,Near,Male,65,0.004296211476282077,-1.1854219585213517,0,0
76,Medium,Medium,Yes,10,Yes,1,Medium,High,Neutral,3,No,High School,Far,Male,66,0.338187658680041,-1.254875594512412,0,1
86,High,Medium,No,8,Yes,4,Medium,Low,Positive,2,No,College,Far,Male,73,1.6737534474950768,0.20365076129985382,1,1
100,High,Medium,Yes,10,Yes,1,Medium,Medium,Neutral,3,No,High School,Near,Male,72,-0.3295952357274769,0.759279849228336,1,1
98,Medium,Medium,Yes,7,Yes,3,High,Low,Neutral,1,No,High School,Near,Male,72,0.17124193507816154,1.3843625731478784,1,0
60,Low,High,Yes,7,Yes,1,Low,Medium,Positive,1,No,High School,Near,Female,61,-1.1643238537368743,1.3843625731478784,0,1
95,High,Medium,Yes,9,Yes,2,Low,High,Neutral,3,No,High School,Near,Female,69,-0.8304324065331153,-1.1854219585213517,0,0
63,High,Medium,No,7,Yes,1,High,Medium,Neutral,2,No,Postgraduate,Moderate,Female,66,0.17124193507816154,1.7316307531031798,0,1
98,High,High,No,7,Yes,1,High,Medium,Positive,3,No,Postgraduate,Far,Female,74,1.1729162766894383,-1.1854219585213517,1,1
71,High,Low,Yes,4,Yes,1,Low,Medium,Negative,4,Yes,College,Near,Female,64,-0.3295952357274769,1.1760016651746976,1,1
75,Medium,High,Yes,10,Yes,1,Medium,Medium,Neutral,2,No,High School,Near,Female,66,-0.1626495121255974,0.27310439729091407,1,1
64,High,Medium,Yes,8,No,2,Medium,Medium,Neutral,3,No,College,Near,Female,64,-0.3295952357274769,0.6203725772462154,1,1
64,High,High,No,7,Yes,3,Medium,Medium,Positive,4,No,High School,Near,Male,66,-0.4965409593293564,0.3425580332819744,0,0
89,Medium,High,No,8,Yes,2,High,Low,Neutral,5,No,High School,Near,Male,72,0.338187658680041,1.2454553011657579,0,1
98,High,High,Yes,5,Yes,1,Medium,Medium,Neutral,2,No,Postgraduate,Near,Male,71,-1.4982153009406332,0.4814653052640949,0,2
84,High,Medium,Yes,6,Yes,1,Medium,Medium,Negative,3,Yes,High School,Near,Female,70,1.339862000291318,1.1760016651746976,1,1
89,High,Medium,Yes,8,Yes,2,Low,Medium,Neutral,3,No,College,Moderate,Male,67,-0.6634866829312358,-1.1854219585213517,1,0
90,Medium,High,No,7,Yes,1,Low,High,Neutral,2,Yes,Postgraduate,Near,Male,71,0.6720791058837999,1.2454553011657579,1,0
71,Medium,Low,No,8,Yes,2,High,Medium,Neutral,3,Yes,College,Near,Male,63,-1.3312695773387537,1.7316307531031798,1,1
62,Medium,High,No,7,Yes,1,Medium,Low,Neutral,2,No,College,Moderate,Female,64,0.6720791058837999,0.5509189412551552,1,0
60,Medium,Medium,Yes,8,Yes,2,Low,Low,Neutral,1,No,High School,Moderate,Male,64,0.6720791058837999,1.6621771171121196,1,1
74,Medium,Low,No,5,Yes,1,Low,Medium,Positive,3,No,Postgraduate,Near,Female,65,0.338187658680041,-0.9770610505481708,1,1
70,Medium,Medium,Yes,9,Yes,2,Medium,Medium,Neutral,4,No,High School,Near,Female,65,-0.9973781301349948,1.1065480291836374,1,2
62,Medium,Low,No,6,Yes,2,Low,High,Neutral,3,No,College,Moderate,Female,62,0.17124193507816154,-1.1854219585213517,0,1
67,High,High,Yes,7,Yes,2,Low,Medium,Neutral,5,No,High School,Near,Male,65,-1.1643238537368743,0.06474348931773327,0,1
65,Medium,High,No,6,Yes,1,Medium,High,Neutral,2,No,High School,Near,Male,64,-0.3295952357274769,0.5509189412551552,0,0
97,Medium,Medium,Yes,7,Yes,2,Low,Medium,Positive,3,No,Postgraduate,Near,Male,74,1.005970553087559,0.5509189412551552,1,0
66,Medium,High,Yes,7,Yes,2,High,Medium,Positive,1,No,High School,Near,Male,67,0.8390248294856795,0.6203725772462154,1,0
82,Low,Medium,No,8,Yes,0,High,Medium,Positive,2,No,Postgraduate,Near,Male,66,0.004296211476282077,-0.6297928705928695,1,0
84,High,High,No,8,No,3,Medium,High,Neutral,4,No,Postgraduate,Near,Female,70,-0.9973781301349948,1.6621771171121196,1,1
82,Medium,High,No,8,Yes,0,Medium,Medium,Positive,2,No,Postgraduate,Moderate,Male,68,0.6720791058837999,-1.7410510464498339,1,1
64,Medium,Medium,No,6,Yes,0,High,High,Positive,1,No,High School,Moderate,Female,64,0.004296211476282077,0.4120116692730346,1,1
73,Medium,Medium,No,8,Yes,0,Low,Medium,Neutral,1,Yes,High School,Far,Female,58,-2.3329439189500305,1.2454553011657579,0,0
62,Medium,Medium,Yes,7,Yes,1,High,Medium,Neutral,4,Yes,College,Near,Male,65,0.8390248294856795,1.3843625731478784,1,0
76,Medium,High,Yes,7,Yes,2,Medium,Medium,Negative,5,No,High School,Near,Female,68,0.004296211476282077,0.759279849228336,1,1
68,Low,Medium,No,8,Yes,2,Low,High,Negative,1,Yes,Postgraduate,Moderate,Female,64,1.1729162766894383,0.27310439729091407,0,1
82,Medium,High,No,5,Yes,4,Low,Medium,Negative,4,No,High School,Near,Male,66,-1.1643238537368743,-0.14361741865544755,1,0
88,Medium,High,Yes,4,Yes,3,Medium,Medium,Negative,2,No,College,Near,Male,92,-3.167672536959428,-0.21307105464650783,0,2
81,High,Medium,Yes,9,Yes,2,High,Low,Negative,4,No,High School,Near,Male,69,0.338187658680041,-0.2825246906375681,1,1
77,Medium,High,No,7,Yes,2,Low,Medium,Neutral,2,No,College,Near,Male,68,0.338187658680041,0.6898262132372758,1,0
75,Medium,Medium,No,8,Yes,2,Medium,Medium,Positive,4,Yes,High School,Near,Female,63,-1.6651610245425126,0.8287334852193963,1,0
94,Low,Medium,Yes,6,No,0,Low,Low,Neutral,3,No,High School,Near,Male,64,-0.9973781301349948,0.06474348931773327,1,1
69,Medium,High,Yes,9,No,1,Low,Medium,Negative,2,No,College,Far,Female,68,2.842373512708233,0.8287334852193963,1,1
89,Medium,Low,No,8,Yes,0,Low,Medium,Positive,2,No,High School,Near,Male,67,-0.3295952357274769,0.06474348931773327,1,2
90,Low,Medium,Yes,7,Yes,1,High,Medium,Negative,2,No,Postgraduate,Far,Male,68,0.6720791058837999,-1.3937828664945324,1,1
77,Medium,Medium,Yes,7,Yes,1,Low,Medium,Positive,2,No,High School,Moderate,Male,66,-0.6634866829312358,1.2454553011657579,1,1
72,Medium,Medium,Yes,4,Yes,4,Medium,Medium,Positive,4,No,Postgraduate,Near,Male,66,-2.165998195348151,1.3149089371568181,0,1
79,Medium,High,Yes,8,Yes,4,Low,High,Neutral,2,No,High School,Moderate,Male,68,-0.1626495121255974,-0.8381537785660502,1,1
64,Medium,High,Yes,9,Yes,1,Medium,High,Neutral,3,No,High School,Moderate,Male,64,-0.3295952357274769,0.9676407572015168,0,0
62,High,Medium,Yes,7,Yes,2,Medium,Medium,Negative,3,Yes,College,Near,Female,63,-0.3295952357274769,0.06474348931773327,0,1
64,Medium,Medium,Yes,7,Yes,0,Low,Medium,Neutral,4,No,High School,Near,Female,62,-0.1626495121255974,-1.3243292305034722,0,1
67,Medium,High,No,7,Yes,2,Low,Medium,Positive,2,No,High School,Near,Male,66,0.338187658680041,-0.3519783266286284,0,2
80,High,Medium,Yes,9,Yes,0,Low,Medium,Negative,2,No,Postgraduate,Moderate,Male,65,-0.1626495121255974,-1.4632365024855927,1,1
94,Medium,Low,Yes,9,Yes,1,Low,Low,Negative,3,No,High School,Near,Male,66,-1.3312695773387537,0.9676407572015168,0,1
69,Medium,High,Yes,6,Yes,2,Low,High,Negative,4,No,High School,Near,Male,66,0.5051333822819205,-1.0465146865392312,0,1
97,Medium,High,Yes,8,Yes,2,High,Medium,Neutral,2,No,College,Near,Female,69,-1.9990524717462717,-1.1854219585213517,1,2
98,Low,Medium,Yes,7,Yes,1,High,High,Negative,3,No,Postgraduate,Near,Female,67,-1.9990524717462717,-1.0465146865392312,0,1
98,Medium,High,No,8,Yes,6,Medium,High,Positive,3,No,High School,Near,Female,75,0.6720791058837999,-0.9770610505481708,0,1
94,High,Medium,Yes,6,Yes,0,Low,High,Neutral,3,No,Postgraduate,Near,Male,73,0.5051333822819205,0.6203725772462154,1,2
75,Medium,Medium,Yes,9,Yes,0,Low,Low,Positive,5,No,College,Moderate,Female,66,0.004296211476282077,0.4814653052640949,1,2
63,Medium,Medium,No,8,Yes,4,Medium,Medium,Positive,4,No,College,Moderate,Male,61,-1.3312695773387537,-1.3243292305034722,1,0
83,Medium,Medium,Yes,9,Yes,5,Low,High,Negative,4,No,High School,Moderate,Female,68,-0.6634866829312358,0.759279849228336,0,1
82,Medium,Medium,Yes,5,No,1,Medium,High,Neutral,4,No,College,Near,Male,67,-0.3295952357274769,-0.5603392346018092,1,2
94,Medium,High,No,5,Yes,1,Medium,Medium,Negative,3,No,High School,Moderate,Male,66,-1.6651610245425126,-0.14361741865544755,1,1
100,Medium,High,No,10,Yes,1,High,Medium,Neutral,2,No,High School,Near,Female,69,-0.6634866829312358,-1.3243292305034722,1,1
80,Medium,Medium,No,9,Yes,3,Low,Medium,Positive,4,No,High School,Near,Male,69,0.6720791058837999,0.6898262132372758,1,0
74,Medium,High,Yes,6,Yes,1,Low,High,Negative,1,No,College,Far,Female,67,1.5068077238931974,-0.4214319626196886,0,1
67,High,Medium,No,8,Yes,0,Medium,Medium,Positive,4,No,High School,Near,Female,65,-0.4965409593293564,0.4814653052640949,1,1
60,Medium,Low,No,6,Yes,2,High,Medium,Positive,2,No,High School,Near,Male,63,0.8390248294856795,-0.2825246906375681,1,0
80,Medium,Low,Yes,4,Yes,1,High,Medium,Positive,2,No,Postgraduate,Near,Female,63,-1.8321067481443922,-1.6021437744677132,1,0
82,Medium,Medium,No,4,No,1,Low,Medium,Negative,2,No,High School,Near,Male,66,0.6720791058837999,0.6898262132372758,1,0
93,Medium,Medium,Yes,7,Yes,0,Medium,Medium,Negative,4,No,High School,Moderate,Male,66,-0.8304324065331153,0.20365076129985382,1,0
80,Medium,High,Yes,9,Yes,2,Medium,Medium,Neutral,4,No,College,Near,Female,69,0.338187658680041,-0.21307105464650783,1,0
97,High,Medium,Yes,9,Yes,3,Medium,Medium,Negative,4,No,Postgraduate,Moderate,Female,72,-0.1626495121255974,-1.0465146865392312,1,2
85,Medium,Medium,Yes,9,Yes,2,Low,Medium,Neutral,3,No,High School,Near,Male,70,1.339862000291318,0.4120116692730346,1,0
94,Medium,High,Yes,8,Yes,2,Low,Medium,Negative,1,No,College,Near,Male,68,-0.8304324065331153,-0.76870014257499,1,1
66,High,Medium,Yes,7,Yes,1,Low,High,Neutral,3,No,High School,Near,Male,66,0.6720791058837999,-0.2825246906375681,1,0
94,Low,Medium,Yes,9,Yes,3,Low,Medium,Negative,3,No,College,Moderate,Female,67,-0.3295952357274769,-1.532690138476653,1,1
87,High,Medium,No,4,Yes,0,Low,Low,Positive,5,Yes,Postgraduate,Moderate,Female,68,-0.1626495121255974,0.9676407572015168,1,1
67,Medium,Low,Yes,8,No,0,Medium,High,Positive,4,No,High School,Near,Male,62,-0.1626495121255974,-1.3937828664945324,0,1
68,Medium,High,No,5,Yes,1,Medium,Medium,Positive,2,Yes,College,Near,Female,64,-0.8304324065331153,1.3843625731478784,0,2
97,High,Low,Yes,6,Yes,1,High,High,Positive,1,No,College,Far,Male,71,0.004296211476282077,1.2454553011657579,1,0
61,High,Medium,No,8,Yes,0,Medium,High,Neutral,4,No,College,Near,Male,65,0.004296211476282077,1.6621771171121196,1,1
79,Medium,Medium,Yes,8,Yes,0,Medium,Medium,Neutral,2,No,Postgraduate,Near,Female,69,0.17124193507816154,1.3843625731478784,1,2
73,Medium,Medium,No,6,No,1,Low,Medium,Neutral,5,No,High School,Near,Male,65,0.17124193507816154,1.6621771171121196,1,1
87,Medium,Medium,No,8,Yes,0,Medium,High,Positive,4,No,High School,Near,Male,71,0.8390248294856795,1.3149089371568181,1,2
94,Low,Medium,No,8,Yes,1,High,Medium,Negative,2,No,College,Near,Female,69,1.005970553087559,-1.3243292305034722,1,0
74,High,Medium,Yes,7,No,2,Medium,Medium,Negative,3,No,College,Near,Male,65,-0.9973781301349948,-0.21307105464650783,0,2
77,Low,Medium,Yes,7,Yes,2,Medium,Medium,Neutral,1,No,College,Moderate,Male,66,0.8390248294856795,-1.4632365024855927,1,1
99,Medium,Medium,Yes,10,Yes,0,Medium,High,Negative,3,No,College,Moderate,Female,68,-1.1643238537368743,0.13419712530879355,0,0
91,High,High,Yes,7,Yes,0,Medium,Medium,Positive,2,No,High School,Moderate,Female,72,0.6720791058837999,0.06474348931773327,0,1
96,High,High,Yes,7,Yes,1,Medium,Medium,Negative,3,No,High School,Near,Female,74,0.6720791058837999,1.4538162091389386,1,1
78,Medium,Medium,No,7,Yes,3,Low,Medium,Positive,2,No,High School,Near,Male,64,-1.8321067481443922,1.5927234811210593,1,0
69,High,Low,Yes,7,Yes,0,Medium,Medium,Positive,3,No,High School,Moderate,Male,64,0.17124193507816154,-0.8381537785660502,1,1
76,Medium,Medium,Yes,8,No,1,Low,Medium,Neutral,4,Yes,Postgraduate,Far,Female,63,-0.4965409593293564,0.27310439729091407,1,0
89,High,Low,No,9,Yes,2,Low,Low,Neutral,2,No,High School,Near,Male,66,-0.8304324065331153,-0.14361741865544755,0,2
64,Medium,Medium,Yes,7,Yes,1,High,Medium,Positive,2,No,High School,Near,Male,67,1.339862000291318,0.13419712530879355,1,1
71,High,Low,Yes,6,Yes,4,Medium,Medium,Neutral,5,Yes,College,Moderate,Male,64,-0.6634866829312358,0.13419712530879355,1,0
62,Low,High,No,10,Yes,0,Medium,High,Positive,4,No,High School,Far,Male,62,-0.8304324065331153,1.4538162091389386,0,0
77,Medium,Low,Yes,7,Yes,0,Medium,Medium,Positive,1,No,High School,Far,Male,66,0.004296211476282077,1.3843625731478784,1,2
93,Medium,High,No,4,Yes,4,Low,High,Negative,2,No,Postgraduate,Moderate,Female,71,0.6720791058837999,-1.3243292305034722,1,0
61,High,Low,Yes,10,No,1,Medium,Medium,Positive,6,No,Postgraduate,Near,Female,63,-0.1626495121255974,-0.5603392346018092,1,0
87,High,Medium,Yes,9,Yes,1,Low,High,Positive,4,Yes,College,Near,Male,72,1.1729162766894383,0.8981871212104565,1,1
97,Medium,High,No,9,Yes,1,High,Medium,Positive,3,Yes,High School,Far,Female,71,0.5051333822819205,0.6203725772462154,1,0
69,Low,Medium,No,9,Yes,1,Medium,High,Positive,3,No,Postgraduate,Near,Female,61,-2.165998195348151,0.4814653052640949,0,0
88,Medium,High,Yes,10,Yes,1,Low,High,Positive,2,No,Postgraduate,Near,Female,71,-0.4965409593293564,1.7316307531031798,1,1
99,Medium,Medium,No,5,Yes,2,Medium,Medium,Neutral,4,No,Postgraduate,Far,Male,69,-0.4965409593293564,-0.5603392346018092,0,0
98,Medium,High,Yes,6,Yes,3,Low,High,Positive,3,No,High School,Near,Male,74,0.5051333822819205,0.06474348931773327,1,0
69,Medium,High,Yes,6,Yes,0,Medium,High,Neutral,2,No,High School,Moderate,Male,61,-2.6668353661537894,1.6621771171121196,1,1
64,Medium,Low,No,6,Yes,2,Medium,High,Neutral,2,No,High School,Moderate,Male,68,2.508482065504474,0.6898262132372758,0,2
66,Medium,High,Yes,7,Yes,1,Medium,Medium,Positive,2,No,High School,Near,Male,67,0.5051333822819205,0.4814653052640949,1,2
88,High,Low,No,6,Yes,3,High,Medium,Neutral,4,No,College,Near,Male,70,0.17124193507816154,-1.1854219585213517,0,1
89,Medium,Medium,No,5,Yes,0,Low,Medium,Neutral,3,No,High School,Near,Male,69,1.1729162766894383,-0.9076074145571106,1,1
87,Medium,Low,No,6,Yes,3,Low,Medium,Neutral,2,No,College,Moderate,Male,72,2.3415363419025947,-0.4214319626196886,0,2
73,Medium,Low,Yes,7,Yes,1,Medium,Medium,Positive,2,No,High School,Near,Male,66,0.8390248294856795,-0.14361741865544755,1,1
67,Medium,Medium,No,9,Yes,2,Medium,Medium,Positive,3,No,High School,Near,Male,67,1.005970553087559,-0.004710146673327003,1,1
83,Medium,Medium,No,6,Yes,4,High,High,Neutral,2,No,High School,Far,Female,70,0.17124193507816154,1.3843625731478784,1,2
79,Medium,High,Yes,8,Yes,3,Medium,Medium,Neutral,4,Yes,Postgraduate,Near,Male,68,-0.1626495121255974,-1.3937828664945324,0,1
89,Low,Medium,Yes,5,Yes,2,Medium,Medium,Positive,2,No,College,Near,Female,68,-0.4965409593293564,-0.9076074145571106,0,2
78,Medium,High,No,4,Yes,2,Medium,High,Negative,2,No,High School,Near,Female,65,-0.8304324065331153,-1.254875594512412,1,2
74,Medium,Low,Yes,7,Yes,0,Low,Low,Positive,3,No,College,Near,Female,63,-0.6634866829312358,0.8287334852193963,1,1
72,Low,Low,Yes,6,Yes,0,Low,Medium,Positive,4,No,College,Far,Female,62,-1.3312695773387537,1.6621771171121196,1,2
68,Medium,High,Yes,6,Yes,0,Low,Medium,Positive,4,No,High School,Near,Female,66,0.004296211476282077,1.3843625731478784,1,1
71,Medium,High,Yes,6,Yes,1,Medium,Low,Negative,2,Yes,Postgraduate,Near,Male,62,-1.6651610245425126,0.759279849228336,1,1
64,Low,High,Yes,6,Yes,0,High,Low,Negative,3,No,College,Moderate,Female,61,0.17124193507816154,-1.6715974104587736,1,0
74,Low,Medium,Yes,6,Yes,0,Medium,Medium,Negative,4,Yes,College,Moderate,Female,63,0.004296211476282077,-0.5603392346018092,0,2
61,Medium,Medium,Yes,6,Yes,3,Medium,High,Neutral,3,No,High School,Near,Female,65,0.17124193507816154,1.2454553011657579,0,0
67,High,Low,No,5,Yes,3,Low,Medium,Positive,3,No,High School,Moderate,Male,64,-0.4965409593293564,0.5509189412551552,1,2
90,High,Medium,Yes,4,Yes,2,Low,Medium,Neutral,4,No,College,Moderate,Male,74,3.0093192363101124,-1.0465146865392312,1,0
73,Low,Medium,Yes,4,Yes,2,High,High,Positive,2,No,Postgraduate,Near,Female,70,1.339862000291318,-0.14361741865544755,1,1
87,Low,Medium,No,10,Yes,2,Low,Medium,Positive,2,No,High School,Moderate,Female,63,-1.1643238537368743,-1.4632365024855927,1,0
89,Low,Medium,No,7,Yes,3,High,Medium,Positive,2,No,High School,Far,Female,68,0.17124193507816154,0.06474348931773327,1,1
83,Medium,High,Yes,9,Yes,2,Low,High,Neutral,2,No,College,Near,Male,69,-0.6634866829312358,1.3843625731478784,1,1
98,Medium,High,Yes,7,Yes,1,Medium,High,Negative,4,No,High School,Moderate,Male,70,-0.9973781301349948,-1.6021437744677132,0,2
61,Medium,Medium,Yes,7,Yes,2,High,Medium,Neutral,3,No,College,Far,Male,62,-1.3312695773387537,0.4120116692730346,1,1
90,High,Medium,Yes,7,Yes,3,Medium,Low,Positive,2,No,Postgraduate,Moderate,Male,71,0.5051333822819205,-0.9076074145571106,0,1
98,Medium,Low,No,8,Yes,2,Low,Medium,Neutral,1,No,High School,Near,Male,69,-0.6634866829312358,1.7316307531031798,1,0
94,High,Low,Yes,5,Yes,0,Low,High,Neutral,2,No,High School,Near,Male,69,1.005970553087559,-1.532690138476653,1,0
67,Low,High,Yes,6,Yes,4,Low,High,Neutral,3,Yes,College,Near,Male,68,1.005970553087559,0.4120116692730346,1,2
73,Low,Medium,Yes,7,Yes,0,Low,Medium,Positive,2,No,High School,Near,Male,65,1.339862000291318,-0.8381537785660502,1,0
67,Medium,High,Yes,4,Yes,1,Medium,Medium,Positive,5,No,High School,Far,Male,65,-0.8304324065331153,1.3149089371568181,0,2
84,Low,Low,Yes,9,No,1,Medium,High,Positive,4,No,High School,Near,Female,65,0.5051333822819205,-1.3243292305034722,1,0
88,High,High,No,9,Yes,2,High,High,Negative,3,No,High School,Near,Female,72,0.6720791058837999,-0.2825246906375681,1,1
73,Medium,Low,No,4,Yes,2,Low,High,Negative,4,No,High School,Moderate,Female,63,-0.4965409593293564,-1.1159683225302914,0,2
82,Medium,High,Yes,6,No,2,High,Medium,Positive,2,No,High School,Near,Male,68,-0.8304324065331153,1.0370943931925771,1,2
88,Medium,Medium,Yes,7,Yes,1,Medium,High,Positive,3,No,College,Near,Female,72,1.6737534474950768,-0.49088559861074893,1,0
77,Medium,Low,Yes,8,Yes,3,Low,Medium,Positive,2,No,High School,Near,Male,66,0.17124193507816154,-1.1159683225302914,0,1
94,Low,Medium,No,9,Yes,2,Low,Medium,Neutral,3,No,College,Near,Female,71,0.6720791058837999,0.759279849228336,1,2
91,Medium,Low,Yes,6,Yes,0,Medium,Medium,Positive,3,No,College,Moderate,Female,67,-0.8304324065331153,1.1065480291836374,1,0
63,Medium,Medium,No,10,Yes,2,Low,High,Negative,3,No,Postgraduate,Moderate,Male,61,-1.1643238537368743,-0.14361741865544755,1,0
85,High,High,Yes,7,Yes,4,Low,High,Neutral,2,No,High School,Near,Female,70,-0.4965409593293564,-0.4214319626196886,0,1
69,Medium,Medium,Yes,7,No,2,Low,Medium,Neutral,3,No,College,Near,Male,64,-0.1626495121255974,0.4814653052640949,1,0
82,Medium,Medium,Yes,8,Yes,0,Medium,Medium,Negative,2,No,High School,Moderate,Male,64,-0.9973781301349948,0.5509189412551552,1,1
98,Low,High,Yes,7,No,0,Low,Medium,Neutral,3,No,High School,Far,Female,68,0.004296211476282077,0.5509189412551552,1,1
95,High,Medium,No,7,Yes,4,Low,Medium,Positive,3,No,Postgraduate,Near,Male,70,-1.6651610245425126,-0.76870014257499,0,2
76,Low,Medium,Yes,10,Yes,4,Low,Low,Neutral,3,No,College,Moderate,Male,65,-1.1643238537368743,1.523269845129999,1,2
72,High,High,No,7,Yes,3,Low,Medium,Neutral,2,No,High School,Near,Female,67,0.6720791058837999,-0.9770610505481708,0,1
69,Medium,Low,Yes,6,Yes,0,Low,High,Neutral,4,No,College,Near,Male,65,0.6720791058837999,-0.4214319626196886,0,1
81,Low,Medium,Yes,6,Yes,1,Medium,Medium,Positive,4,No,High School,Moderate,Female,65,-0.3295952357274769,-0.76870014257499,1,1
65,Medium,High,Yes,9,Yes,3,Low,High,Positive,4,No,High School,Near,Female,65,-0.9973781301349948,1.523269845129999,1,0
82,High,Low,Yes,8,Yes,1,Low,Medium,Negative,2,No,High School,Near,Male,66,-0.9973781301349948,1.1065480291836374,1,2
60,Medium,High,No,5,Yes,2,Low,Medium,Negative,4,Yes,High School,Near,Male,62,-0.3295952357274769,1.1065480291836374,1,0
73,Medium,Medium,Yes,5,Yes,1,Low,Medium,Negative,2,No,High School,Near,Male,63,0.6720791058837999,-1.7410510464498339,1,0
69,Low,Low,Yes,7,Yes,0,Medium,Medium,Neutral,3,Yes,High School,Moderate,Male,63,1.005970553087559,0.6203725772462154,0,1
99,Medium,Medium,Yes,8,Yes,3,Medium,Medium,Neutral,3,No,High School,Near,Male,70,-0.4965409593293564,-0.9076074145571106,0,1
89,Low,High,Yes,6,Yes,0,Medium,Medium,Negative,4,No,High School,Near,Male,67,-1.1643238537368743,1.5927234811210593,0,1
74,High,High,No,4,Yes,0,High,Medium,Negative,3,Yes,High School,Near,Male,66,0.338187658680041,0.13419712530879355,0,0
64,High,Medium,No,5,Yes,2,Low,Medium,Positive,2,No,High School,Moderate,Male,63,-0.8304324065331153,0.20365076129985382,1,1
81,High,Low,Yes,9,Yes,1,Low,Low,Positive,3,No,College,Near,Female,66,-0.4965409593293564,-0.49088559861074893,0,2
69,Low,Medium,No,8,Yes,3,Medium,Medium,Neutral,4,No,College,Moderate,Female,67,1.339862000291318,0.13419712530879355,1,1
81,Medium,Medium,No,9,Yes,1,Low,High,Negative,1,No,Postgraduate,Moderate,Female,68,0.8390248294856795,0.8287334852193963,0,0
93,Low,High,Yes,9,Yes,1,Medium,Low,Neutral,2,Yes,High School,Far,Male,67,0.17124193507816154,0.20365076129985382,1,0
85,Medium,High,Yes,6,Yes,1,High,Medium,Neutral,2,No,High School,Far,Male,66,-1.3312695773387537,0.4814653052640949,1,1
85,High,High,Yes,6,Yes,2,Medium,Medium,Neutral,4,No,High School,Near,Female,71,0.17124193507816154,-0.07416378266438728,1,1
82,Medium,Medium,Yes,7,Yes,0,Low,High,Neutral,2,Yes,Postgraduate,Near,Male,69,1.005970553087559,0.759279849228336,1,1
97,High,Low,Yes,8,Yes,1,Medium,Medium,Positive,2,No,Postgraduate,Moderate,Male,72,-0.3295952357274769,1.3843625731478784,1,2
97,High,Low,Yes,9,Yes,0,Low,Medium,Negative,3,No,College,Moderate,Female,70,1.339862000291318,-1.532690138476653,0,0
81,Medium,Medium,Yes,10,Yes,2,Medium,Low,Neutral,3,No,High School,Near,Male,68,1.339862000291318,-1.3937828664945324,0,1
72,Medium,Medium,No,8,Yes,1,Low,High,Positive,1,No,High School,Near,Male,68,1.6737534474950768,0.6203725772462154,0,1
78,Low,High,Yes,8,Yes,2,Low,Medium,Negative,2,No,High School,Near,Female,67,0.338187658680041,-0.4214319626196886,1,2
67,Medium,Medium,No,10,Yes,1,Low,Medium,Positive,2,Yes,College,Far,Female,62,0.6720791058837999,-0.76870014257499,1,0
85,Medium,Low,No,7,Yes,1,Low,Medium,Neutral,3,No,Postgraduate,Far,Male,67,1.339862000291318,-1.1159683225302914,1,0
80,High,Medium,No,9,Yes,1,Medium,High,Negative,2,No,Postgraduate,Near,Male,69,0.5051333822819205,0.27310439729091407,1,1
64,Medium,High,Yes,8,Yes,3,Low,Medium,Negative,3,No,College,Near,Male,64,-0.4965409593293564,-0.5603392346018092,1,1
68,Medium,High,Yes,8,Yes,2,Low,High,Positive,3,No,College,Near,Female,66,-0.4965409593293564,-0.004710146673327003,0,1
79,High,Low,Yes,7,Yes,2,Low,Medium,Positive,1,No,High School,Near,Male,69,0.17124193507816154,1.5927234811210593,1,2
96,High,High,No,5,Yes,0,Medium,Medium,Positive,2,No,College,Moderate,Female,70,-1.3312695773387537,0.8981871212104565,0,2
83,High,Medium,No,8,Yes,3,Low,Medium,Positive,3,No,College,Moderate,Female,69,-0.1626495121255974,1.0370943931925771,1,0
87,Medium,Medium,Yes,8,Yes,3,Medium,High,Neutral,3,No,Postgraduate,Near,Male,72,1.1729162766894383,-1.3243292305034722,1,1
74,Medium,Medium,Yes,6,Yes,1,Low,High,Positive,2,No,High School,Near,Female,61,-2.165998195348151,-0.6297928705928695,0,0
83,Medium,Medium,No,7,Yes,2,Low,Low,Negative,4,No,High School,Near,Female,68,1.5068077238931974,-1.3937828664945324,0,2
78,Medium,Medium,No,6,Yes,1,Medium,Medium,Positive,3,No,High School,Far,Male,68,1.1729162766894383,1.5927234811210593,1,0
86,Low,Medium,No,6,Yes,0,Medium,Medium,Neutral,3,No,High School,Near,Female,66,-0.4965409593293564,0.6203725772462154,0,2
62,Medium,Medium,No,6,Yes,5,High,Medium,Negative,2,No,College,Near,Male,65,0.5051333822819205,-1.6715974104587736,1,1
80,High,Low,Yes,5,Yes,2,Low,Low,Negative,4,No,College,Moderate,Female,66,0.004296211476282077,-0.07416378266438728,1,1
72,Medium,Medium,No,6,Yes,1,High,Medium,Negative,5,No,College,Moderate,Female,67,1.1729162766894383,-0.8381537785660502,0,1
73,Medium,High,No,8,Yes,0,Medium,High,Positive,2,No,College,Far,Male,68,1.005970553087559,0.13419712530879355,0,1
98,Low,Medium,No,9,Yes,1,High,Medium,Neutral,2,No,Postgraduate,Near,Female,67,-1.3312695773387537,-1.1159683225302914,1,0
67,Low,Medium,Yes,10,Yes,0,Medium,Medium,Positive,3,Yes,College,Near,Female,63,0.6720791058837999,-1.532690138476653,1,1
72,Medium,Low,No,6,Yes,0,Medium,High,Neutral,2,No,Postgraduate,Near,Male,64,-0.1626495121255974,-0.6297928705928695,0,1
80,Medium,Low,No,9,Yes,1,Medium,Medium,Positive,3,No,College,Far,Male,66,0.004296211476282077,-0.6992465065839297,0,2
95,High,Medium,Yes,8,Yes,0,Low,Low,Positive,4,No,High School,Moderate,Male,69,-0.6634866829312358,0.759279849228336,1,1
77,Medium,Low,Yes,7,Yes,3,High,Medium,Neutral,3,No,Postgraduate,Moderate,Male,70,1.6737534474950768,-0.07416378266438728,0,1
90,Medium,Medium,No,8,Yes,3,Medium,High,Positive,2,No,High School,Near,Female,72,1.005970553087559,-0.6992465065839297,0,2
94,Medium,High,No,9,Yes,2,High,Medium,Positive,5,No,High School,Moderate,Female,71,-0.6634866829312358,0.27310439729091407,1,2
72,Medium,Medium,Yes,6,Yes,3,Low,Medium,Positive,2,No,Postgraduate,Near,Male,63,-1.3312695773387537,-1.4632365024855927,1,0
76,High,High,No,6,Yes,1,High,Medium,Neutral,4,No,High School,Near,Male,68,-0.3295952357274769,0.5509189412551552,1,1
74,Medium,High,Yes,6,No,1,High,High,Neutral,3,No,College,Near,Male,67,0.5051333822819205,-1.254875594512412,0,0
93,Medium,Low,No,6,Yes,2,Low,Medium,Positive,4,No,Postgraduate,Moderate,Male,69,0.17124193507816154,-0.76870014257499,1,1
62,Medium,Medium,No,9,Yes,1,Low,Medium,Negative,2,No,Postgraduate,Near,Male,65,1.339862000291318,-0.76870014257499,0,2
72,High,Low,Yes,6,Yes,4,Medium,High,Neutral,4,No,College,Moderate,Male,69,0.8390248294856795,-0.14361741865544755,1,2
87,Medium,Medium,No,6,Yes,0,Medium,High,Negative,4,No,College,Moderate,Male,71,1.005970553087559,1.5927234811210593,1,2
83,Medium,Low,Yes,7,Yes,2,Medium,Medium,Neutral,3,No,High School,Near,Female,67,0.338187658680041,-0.6297928705928695,0,1
77,Low,Medium,No,7,Yes,2,High,High,Positive,4,No,College,Moderate,Female,64,-1.3312695773387537,-0.76870014257499,1,0
82,High,Medium,Yes,6,Yes,2,Medium,High,Positive,3,No,College,Near,Female,68,-0.1626495121255974,-1.1854219585213517,0,0
68,High,Low,Yes,10,Yes,1,Low,Medium,Positive,3,No,College,Near,Male,67,1.005970553087559,-0.3519783266286284,1,1
77,Low,Low,No,6,Yes,1,High,Medium,Negative,2,No,High School,Moderate,Female,62,0.004296211476282077,-1.1159683225302914,1,0
80,High,Medium,No,7,Yes,2,Medium,High,Negative,2,No,Postgraduate,Moderate,Female,68,0.5051333822819205,-1.254875594512412,1,0
96,Medium,Medium,Yes,4,Yes,0,Medium,High,Positive,4,No,College,Near,Female,72,-0.3295952357274769,1.2454553011657579,1,1
70,Medium,High,Yes,7,Yes,0,Medium,Medium,Negative,3,No,High School,Moderate,Male,61,-0.9973781301349948,-1.532690138476653,1,0
95,Low,Low,Yes,5,Yes,0,High,Medium,Negative,4,No,High School,Moderate,Male,67,-0.1626495121255974,0.759279849228336,1,1
86,High,Medium,No,6,Yes,0,High,High,Neutral,3,No,Postgraduate,Near,Male,70,0.338187658680041,-1.0465146865392312,1,2
61,Low,Medium,Yes,4,Yes,1,Low,Medium,Neutral,3,No,High School,Near,Male,59,-0.6634866829312358,-1.6715974104587736,1,0
89,High,Medium,Yes,6,Yes,0,Low,High,Negative,4,No,College,Moderate,Female,70,-0.1626495121255974,1.0370943931925771,0,2
61,Low,Medium,No,7,Yes,1,Low,Medium,Neutral,1,No,High School,Near,Female,60,-0.9973781301349948,0.6898262132372758,1,2
100,High,Medium,No,7,Yes,1,High,High,Neutral,3,No,College,Moderate,Male,74,1.1729162766894383,-0.5603392346018092,1,1
95,Low,High,Yes,6,Yes,0,Medium,High,Negative,3,No,College,Moderate,Male,68,-0.3295952357274769,-1.4632365024855927,0,2
72,Medium,Medium,No,7,Yes,0,Low,Medium,Positive,3,No,College,Near,Female,67,1.5068077238931974,-0.49088559861074893,1,0
70,Medium,Low,No,6,Yes,2,Medium,Medium,Neutral,4,No,Postgraduate,Far,Male,67,1.5068077238931974,-1.1159683225302914,0,2
75,Low,Medium,Yes,7,Yes,0,Medium,Medium,Neutral,2,No,College,Near,Female,66,0.004296211476282077,1.523269845129999,1,2
74,Medium,Medium,No,7,Yes,1,Low,High,Neutral,2,No,High School,Far,Female,63,-0.9973781301349948,0.06474348931773327,1,2
75,Medium,Medium,No,7,No,1,Low,High,Positive,3,No,College,Near,Male,62,-2.165998195348151,1.5927234811210593,1,0
73,High,Low,Yes,7,Yes,3,Low,High,Neutral,3,No,College,Moderate,Female,64,-1.4982153009406332,-0.49088559861074893,0,2
85,Medium,Medium,Yes,6,Yes,3,Medium,Medium,Neutral,4,No,College,Near,Male,68,-1.3312695773387537,0.20365076129985382,1,2
67,Medium,Medium,No,8,Yes,0,Medium,Medium,Positive,3,No,High School,Moderate,Female,65,1.339862000291318,-1.0465146865392312,1,2
94,Medium,Low,Yes,8,Yes,1,Medium,Medium,Positive,4,No,Postgraduate,Near,Female,71,0.17124193507816154,1.0370943931925771,1,0
92,Medium,Medium,Yes,7,No,1,Medium,Medium,Negative,3,No,Postgraduate,Near,Female,68,0.338187658680041,-1.6021437744677132,0,0
79,Low,High,Yes,9,Yes,0,Medium,Medium,Negative,2,No,High School,Near,Male,62,-2.165998195348151,0.6898262132372758,1,1
94,High,High,Yes,7,Yes,1,Medium,Medium,Negative,3,No,High School,Moderate,Male,68,-1.1643238537368743,-0.3519783266286284,0,1
70,Medium,Medium,Yes,7,Yes,3,High,Medium,Neutral,3,No,High School,Near,Male,68,0.8390248294856795,0.27310439729091407,1,0
61,High,Medium,Yes,7,Yes,3,Medium,High,Neutral,3,No,Postgraduate,Moderate,Male,67,0.338187658680041,0.3425580332819744,1,2
85,Medium,Medium,Yes,7,Yes,0,Low,Medium,Positive,2,No,College,Moderate,Female,67,-0.1626495121255974,0.759279849228336,1,1
78,High,High,Yes,6,Yes,2,High,High,Positive,4,No,High School,Far,Male,70,0.5051333822819205,-1.0465146865392312,1,1
83,Low,Medium,Yes,4,Yes,0,Low,Medium,Neutral,4,No,High School,Near,Female,69,1.6737534474950768,0.13419712530879355,1,1
96,Low,Medium,No,7,Yes,2,Low,High,Positive,3,No,Postgraduate,Moderate,Male,70,-0.1626495121255974,-0.2825246906375681,0,1
99,Medium,Low,No,8,Yes,1,High,Medium,Positive,2,No,High School,Near,Male,69,0.004296211476282077,-0.76870014257499,1,0
85,High,Medium,Yes,5,Yes,1,High,High,Positive,2,No,High School,Moderate,Female,70,0.17124193507816154,-0.004710146673327003,1,0
91,Medium,Low,No,9,Yes,0,Medium,Medium,Neutral,4,No,High School,Moderate,Male,72,2.3415363419025947,1.5927234811210593,1,1
63,Low,Medium,No,5,Yes,1,Low,Medium,Neutral,2,No,High School,Near,Female,59,-2.165998195348151,1.523269845129999,1,1
66,Medium,Medium,No,6,No,0,Medium,High,Neutral,4,No,High School,Near,Male,64,0.6720791058837999,-0.76870014257499,1,1
89,High,High,Yes,10,Yes,0,High,Medium,Neutral,1,No,College,Near,Female,72,-0.1626495121255974,1.3149089371568181,0,1
77,Low,High,Yes,8,Yes,0,High,Medium,Positive,3,No,Postgraduate,Near,Male,70,0.5051333822819205,1.3149089371568181,0,1
78,Low,High,No,7,Yes,0,High,High,Negative,1,No,High School,Far,Female,63,-0.6634866829312358,-0.9076074145571106,1,1
72,High,Medium,Yes,7,Yes,1,Low,High,Negative,3,No,College,Near,Male,66,0.004296211476282077,0.3425580332819744,0,1
84,High,High,No,9,Yes,3,High,Medium,Neutral,4,No,High School,Far,Male,72,0.6720791058837999,1.2454553011657579,1,1
67,High,High,Yes,5,No,2,Medium,Medium,Negative,4,No,High School,Near,Female,71,3.1762649599119923,0.06474348931773327,0,1
85,High,High,No,9,Yes,1,High,Medium,Negative,3,No,Postgraduate,Far,Female,71,0.8390248294856795,-0.49088559861074893,1,1
67,Low,Medium,Yes,6,Yes,3,Medium,Low,Positive,3,No,High School,Moderate,Male,62,-0.8304324065331153,0.5509189412551552,1,0
63,Medium,Medium,Yes,8,Yes,1,Low,High,Positive,1,No,Postgraduate,Moderate,Male,62,-0.4965409593293564,-1.1159683225302914,1,1
73,Medium,Low,No,6,Yes,4,Medium,Medium,Positive,1,No,College,Near,Male,64,-0.4965409593293564,-1.1854219585213517,1,1
69,High,High,Yes,10,Yes,2,Low,Medium,Neutral,3,No,Postgraduate,Near,Male,65,-1.8321067481443922,1.1760016651746976,0,1
96,High,Low,Yes,7,Yes,1,Low,Medium,Neutral,4,No,College,Near,Female,68,-0.3295952357274769,-1.6021437744677132,0,0
62,High,Medium,Yes,5,Yes,0,High,Medium,Positive,3,No,College,Near,Male,67,0.6720791058837999,1.0370943931925771,0,0
67,Medium,Medium,Yes,8,Yes,1,High,Medium,Neutral,3,No,High School,Moderate,Male,61,-1.3312695773387537,-0.6992465065839297,1,0
82,Low,Low,Yes,9,Yes,2,Medium,Medium,Negative,5,No,High School,Moderate,Female,68,1.005970553087559,-0.07416378266438728,1,2
79,Medium,High,No,9,Yes,1,Low,High,Neutral,3,No,High School,Near,Male,68,0.5051333822819205,0.13419712530879355,1,1
62,Medium,Medium,No,7,Yes,1,Low,High,Neutral,1,No,High School,Near,Female,62,-0.6634866829312358,0.8981871212104565,1,1
60,Medium,Low,No,8,Yes,1,Low,Low,Neutral,3,No,High School,Near,Female,62,-0.1626495121255974,1.3149089371568181,0,2
100,High,High,Yes,6,Yes,0,Medium,Low,Positive,2,Yes,High School,Near,Male,74,1.6737534474950768,1.0370943931925771,1,0
86,Medium,Medium,Yes,8,No,0,Low,Medium,Neutral,4,No,High School,Near,Female,68,0.6720791058837999,0.27310439729091407,1,1
75,Low,High,No,8,Yes,1,High,Low,Positive,4,No,College,Moderate,Male,66,0.004296211476282077,-0.5603392346018092,1,1
79,Medium,Medium,No,4,Yes,1,Medium,Medium,Neutral,3,No,High School,Near,Male,67,-0.1626495121255974,0.06474348931773327,0,2
71,High,Medium,No,5,Yes,1,Medium,High,Neutral,3,No,High School,Moderate,Male,65,0.004296211476282077,-1.6021437744677132,1,2
74,Medium,Medium,Yes,7,Yes,2,High,Medium,Positive,4,No,High School,Near,Male,66,-0.4965409593293564,-0.9076074145571106,1,1
86,High,Medium,No,7,Yes,5,Low,Medium,Positive,4,No,Postgraduate,Moderate,Male,67,-2.165998195348151,-0.49088559861074893,1,1
95,Medium,Medium,Yes,7,Yes,5,High,Medium,Negative,3,No,College,Near,Male,76,2.007644894698836,-0.6297928705928695,0,2
67,Low,High,Yes,7,Yes,2,High,High,Positive,3,No,High School,Moderate,Female,66,0.17124193507816154,-1.3937828664945324,0,2
94,Low,Low,No,9,Yes,1,Medium,High,Neutral,3,No,College,Near,Female,68,0.338187658680041,-1.532690138476653,1,2
65,High,Medium,Yes,8,Yes,2,Low,Medium,Neutral,3,Yes,College,Near,Female,63,0.004296211476282077,-0.2825246906375681,0,0
69,Medium,High,Yes,4,Yes,4,Low,Low,Positive,4,No,College,Near,Female,65,-0.6634866829312358,-1.4632365024855927,1,1
61,High,Medium,No,10,Yes,3,Low,Medium,Positive,3,No,High School,Moderate,Male,63,-0.1626495121255974,-0.76870014257499,1,1
66,Medium,Medium,No,4,Yes,2,Low,Medium,Negative,2,No,High School,Moderate,Male,59,-1.6651610245425126,-0.07416378266438728,1,0
97,Medium,Medium,No,8,Yes,2,Medium,Medium,Neutral,4,No,High School,Near,Male,74,2.3415363419025947,-1.0465146865392312,0,1
78,Medium,Low,Yes,5,Yes,2,Low,High,Positive,3,Yes,College,Near,Male,62,-1.1643238537368743,-1.4632365024855927,1,0
63,Low,Low,Yes,9,Yes,3,Low,Low,Positive,4,Yes,High School,Near,Female,59,-0.9973781301349948,-0.21307105464650783,1,1
98,Medium,High,Yes,7,Yes,0,Low,Medium,Positive,3,No,High School,Near,Male,71,-0.4965409593293564,-0.21307105464650783,1,2
95,Medium,Medium,No,8,Yes,1,Medium,Medium,Neutral,3,No,Postgraduate,Moderate,Male,73,1.339862000291318,1.4538162091389386,1,1
90,High,Medium,Yes,4,Yes,0,Low,High,Positive,1,No,High School,Moderate,Male,68,0.004296211476282077,-1.3243292305034722,0,1
97,Medium,Medium,Yes,8,Yes,3,Low,Medium,Neutral,1,No,High School,Far,Male,68,-1.1643238537368743,0.4120116692730346,1,1
69,Medium,Medium,Yes,8,Yes,0,Low,Medium,Positive,6,No,College,Far,Male,66,1.339862000291318,-0.6297928705928695,1,1
93,Low,High,Yes,8,Yes,1,Low,Medium,Neutral,3,No,College,Moderate,Male,69,0.6720791058837999,-1.3243292305034722,1,1
88,Medium,Medium,No,8,Yes,2,Medium,High,Neutral,4,No,High School,Near,Female,70,0.5051333822819205,-0.3519783266286284,1,1
95,Medium,High,Yes,7,Yes,1,Medium,High,Positive,3,No,High School,Near,Male,74,0.6720791058837999,-0.2825246906375681,1,2
92,High,Medium,No,7,Yes,0,Medium,High,Positive,5,No,College,Near,Female,75,2.3415363419025947,-0.49088559861074893,1,0
74,Medium,Medium,Yes,6,Yes,2,Medium,Medium,Neutral,3,No,College,Near,Male,71,2.1745906183007153,0.8981871212104565,0,1
91,High,High,Yes,6,Yes,2,Low,High,Positive,3,No,High School,Moderate,Male,71,-0.6634866829312358,1.1760016651746976,0,0
70,Medium,Medium,No,9,Yes,1,Low,Medium,Negative,4,No,College,Far,Female,65,1.6737534474950768,-1.254875594512412,1,1
73,Low,Medium,No,6,Yes,1,Medium,Medium,Positive,3,No,Postgraduate,Moderate,Male,65,0.338187658680041,-1.1854219585213517,0,2
64,Medium,High,No,4,Yes,2,Medium,Medium,Negative,1,No,Postgraduate,Near,Male,65,0.5051333822819205,-0.2825246906375681,1,0
97,Medium,Medium,No,6,Yes,2,Low,Medium,Neutral,2,No,Postgraduate,Near,Female,67,-1.6651610245425126,-0.6297928705928695,1,1
72,Medium,Medium,Yes,8,Yes,1,Low,Medium,Positive,4,No,High School,Moderate,Male,67,-0.1626495121255974,1.1065480291836374,0,2
81,Medium,Medium,Yes,7,Yes,1,Low,Medium,Neutral,3,No,Postgraduate,Moderate,Male,67,-0.8304324065331153,1.7316307531031798,1,1
76,High,High,Yes,8,Yes,4,Medium,Medium,Neutral,4,No,College,Near,Female,71,0.8390248294856795,-1.1159683225302914,0,1
98,High,Low,No,4,Yes,1,Medium,High,Neutral,1,No,College,Moderate,Female,72,1.005970553087559,0.8981871212104565,1,0
73,Medium,High,Yes,4,Yes,0,Low,High,Neutral,4,No,College,Moderate,Male,62,-1.9990524717462717,0.3425580332819744,1,0
91,High,Low,Yes,7,Yes,0,Medium,Medium,Neutral,4,No,College,Near,Male,70,0.004296211476282077,0.4814653052640949,1,1
94,Medium,High,No,9,Yes,0,Low,Medium,Neutral,4,No,College,Near,Female,72,1.1729162766894383,-0.8381537785660502,1,2
77,Low,Medium,Yes,4,Yes,0,Medium,Low,Positive,4,No,College,Moderate,Male,64,-0.1626495121255974,-1.3937828664945324,1,1
75,High,Low,Yes,8,Yes,1,Low,Medium,Negative,1,No,College,Moderate,Male,66,0.6720791058837999,0.13419712530879355,0,2
90,Low,Medium,Yes,9,Yes,0,Medium,Medium,Neutral,4,No,High School,Near,Male,69,0.338187658680041,0.4120116692730346,1,1
97,High,Medium,No,7,Yes,0,Medium,Medium,Negative,0,No,College,Moderate,Female,71,0.338187658680041,1.5927234811210593,1,2
90,Medium,Low,No,8,Yes,2,Low,High,Positive,3,No,High School,Moderate,Male,68,-0.3295952357274769,0.6203725772462154,0,2
69,Medium,Medium,Yes,7,Yes,2,High,Medium,Positive,2,No,High School,Moderate,Female,63,-1.1643238537368743,-0.21307105464650783,1,0
96,Medium,High,Yes,7,No,4,Medium,High,Negative,3,No,High School,Near,Male,71,-1.1643238537368743,1.7316307531031798,1,1
76,High,Low,Yes,8,Yes,3,Low,Medium,Negative,1,No,High School,Near,Male,65,0.6720791058837999,-0.4214319626196886,0,0
83,Low,High,Yes,10,Yes,0,Low,High,Neutral,1,No,High School,Near,Female,66,0.004296211476282077,-1.1854219585213517,1,1
93,Low,Low,Yes,6,Yes,2,High,Medium,Positive,3,Yes,College,Moderate,Female,68,-0.1626495121255974,0.4120116692730346,0,1
68,Medium,Medium,Yes,7,No,0,Low,Medium,Neutral,3,No,High School,Moderate,Male,61,-0.4965409593293564,-0.8381537785660502,1,1
91,Low,High,No,6,Yes,2,Low,Medium,Positive,3,No,Postgraduate,Near,Male,71,-0.3295952357274769,1.4538162091389386,0,1
84,Medium,High,Yes,7,Yes,0,Medium,Medium,Neutral,2,No,High School,Near,Female,70,1.005970553087559,-0.2825246906375681,1,1
96,High,Low,No,7,Yes,1,Low,Medium,Negative,3,No,High School,Moderate,Female,66,-0.3295952357274769,-1.254875594512412,1,0
67,High,Medium,Yes,9,Yes,0,Low,Medium,Positive,2,No,College,Moderate,Male,61,-1.3312695773387537,-1.254875594512412,0,0
77,High,Low,Yes,9,Yes,1,Medium,Medium,Neutral,2,No,High School,Near,Male,67,0.6720791058837999,0.4814653052640949,0,0
93,High,Medium,Yes,8,Yes,1,High,High,Positive,3,No,Postgraduate,Near,Female,72,-0.1626495121255974,-0.49088559861074893,1,1
61,High,High,No,9,Yes,1,High,Low,Positive,3,No,High School,Near,Female,65,0.004296211476282077,-0.49088559861074893,0,1
64,High,Medium,No,6,Yes,3,Medium,Medium,Negative,2,No,College,Near,Female,68,1.6737534474950768,0.4120116692730346,1,0
100,Low,Medium,Yes,6,No,3,Medium,Medium,Positive,4,No,College,Far,Male,70,0.004296211476282077,-0.9770610505481708,1,2
71,Medium,Low,Yes,8,Yes,1,Low,High,Negative,4,No,High School,Moderate,Male,63,0.338187658680041,-1.254875594512412,1,1
99,High,Low,No,7,Yes,1,Medium,Medium,Neutral,4,No,Postgraduate,Far,Female,69,-1.1643238537368743,0.5509189412551552,1,1
67,Medium,Low,No,10,Yes,0,High,Medium,Positive,3,No,High School,Near,Male,62,-0.1626495121255974,-1.7410510464498339,1,1
74,High,High,No,4,Yes,1,High,Medium,Neutral,4,No,Postgraduate,Moderate,Female,71,0.6720791058837999,1.3843625731478784,1,2
90,Low,Low,Yes,8,Yes,1,Low,High,Positive,4,No,High School,Near,Male,64,-1.4982153009406332,-1.1159683225302914,1,0
86,High,Medium,No,8,Yes,0,High,High,Positive,3,No,High School,Moderate,Male,69,0.17124193507816154,-0.21307105464650783,1,1
83,Medium,High,Yes,6,Yes,2,Low,High,Positive,3,No,Postgraduate,Near,Male,71,0.17124193507816154,-0.9770610505481708,1,2
81,Low,Medium,Yes,6,No,0,Low,Medium,Positive,4,Yes,High School,Near,Female,63,0.004296211476282077,-0.9770610505481708,1,0
94,Low,High,Yes,6,Yes,1,Low,High,Neutral,3,No,High School,Near,Female,72,1.005970553087559,1.1760016651746976,1,0
69,Medium,Medium,Yes,5,Yes,1,Low,Low,Positive,3,No,College,Near,Male,66,0.338187658680041,0.27310439729091407,1,1
78,High,Medium,Yes,9,Yes,2,Low,Medium,Neutral,4,No,High School,Moderate,Male,69,1.5068077238931974,-0.6297928705928695,1,1
66,Medium,Medium,Yes,10,Yes,0,Low,Medium,Positive,3,No,High School,Moderate,Male,60,-0.9973781301349948,-0.8381537785660502,1,0
84,High,High,Yes,6,Yes,1,Medium,High,Negative,4,No,High School,Moderate,Female,68,0.17124193507816154,-0.9770610505481708,0,0
70,Medium,High,No,6,Yes,3,Medium,Low,Neutral,2,No,College,Far,Male,65,0.17124193507816154,0.20365076129985382,1,1
73,High,Medium,No,5,Yes,2,Medium,Medium,Positive,4,No,College,Near,Female,67,-0.9973781301349948,0.8287334852193963,1,2
79,Medium,Low,Yes,5,Yes,0,Low,Medium,Positive,2,No,High School,Near,Male,66,1.005970553087559,-0.8381537785660502,1,1
61,Medium,Medium,Yes,6,Yes,1,High,Medium,Neutral,2,No,Postgraduate,Moderate,Male,68,2.3415363419025947,-0.5603392346018092,0,2
64,Low,Medium,Yes,9,Yes,0,Low,High,Negative,4,No,High School,Near,Female,63,0.004296211476282077,0.759279849228336,0,1
87,High,High,Yes,10,Yes,1,Medium,Medium,Positive,3,No,College,Near,Male,73,0.5051333822819205,0.8287334852193963,0,1
77,Medium,Medium,Yes,6,Yes,1,Medium,Medium,Neutral,3,No,College,Moderate,Male,66,0.17124193507816154,-1.0465146865392312,0,1
95,Low,Medium,Yes,6,Yes,2,Low,High,Neutral,3,Yes,College,Near,Male,67,-0.6634866829312358,-0.4214319626196886,1,0
88,Low,Medium,Yes,5,Yes,2,Medium,Medium,Neutral,4,No,Postgraduate,Near,Male,66,-1.8321067481443922,1.2454553011657579,1,0
60,Medium,Low,No,8,Yes,0,Low,Low,Positive,5,No,High School,Near,Male,60,-0.6634866829312358,0.8287334852193963,1,0
85,High,High,No,8,Yes,1,Low,High,Positive,3,No,Postgraduate,Near,Male,67,-1.3312695773387537,-1.1854219585213517,1,0
64,Medium,Medium,No,7,Yes,3,High,Low,Negative,4,No,High School,Near,Female,67,1.6737534474950768,-0.4214319626196886,1,1
91,Medium,Medium,Yes,6,Yes,0,Medium,Medium,Neutral,2,No,High School,Near,Female,70,-0.1626495121255974,1.6621771171121196,1,2
100,High,Low,No,9,Yes,1,Low,Medium,Positive,2,No,High School,Near,Female,69,-0.3295952357274769,0.06474348931773327,1,0
81,Medium,Low,Yes,8,Yes,1,Low,Medium,Negative,3,No,Postgraduate,Near,Male,68,0.8390248294856795,0.759279849228336,1,1
87,High,Low,Yes,8,Yes,1,High,High,Positive,3,No,High School,Near,Female,67,-1.1643238537368743,-1.3937828664945324,0,2
69,Medium,High,No,8,Yes,0,Low,Medium,Neutral,1,No,College,Moderate,Male,63,-0.8304324065331153,1.1760016651746976,1,0
78,High,Medium,No,7,Yes,2,High,Medium,Positive,3,No,College,Near,Male,70,0.004296211476282077,0.3425580332819744,1,2
94,Low,Medium,No,6,Yes,4,Low,Medium,Neutral,3,No,High School,Near,Female,71,1.005970553087559,-1.1159683225302914,1,2
67,High,High,Yes,8,Yes,1,High,Medium,Neutral,2,No,High School,Near,Female,67,0.5051333822819205,-0.4214319626196886,1,0
71,Medium,Medium,No,8,Yes,1,Medium,Medium,Neutral,3,No,High School,Near,Male,64,0.17124193507816154,-1.4632365024855927,0,2
78,Low,Medium,No,8,No,0,Medium,Medium,Neutral,4,No,College,Near,Female,66,0.004296211476282077,0.9676407572015168,0,2
88,Medium,Medium,Yes,5,Yes,1,Low,High,Neutral,3,No,Postgraduate,Near,Male,70,0.338187658680041,0.8287334852193963,1,0
75,Medium,Low,Yes,8,Yes,1,Medium,Medium,Negative,2,No,High School,Moderate,Male,65,0.17124193507816154,-0.004710146673327003,0,2
97,Low,Medium,Yes,7,Yes,2,Medium,Low,Positive,3,No,College,Moderate,Male,68,-0.9973781301349948,-0.14361741865544755,1,1
64,Medium,Low,Yes,6,Yes,3,Medium,High,Negative,5,No,Postgraduate,Far,Female,65,0.004296211476282077,-0.14361741865544755,1,2
75,High,Medium,No,8,Yes,3,Medium,Medium,Neutral,1,No,Postgraduate,Near,Male,65,-0.9973781301349948,-1.6021437744677132,1,1
88,Medium,Medium,Yes,7,Yes,0,Low,High,Positive,4,No,College,Near,Female,69,0.004296211476282077,-0.49088559861074893,1,1
69,Medium,Medium,No,10,Yes,1,Medium,Medium,Neutral,4,No,High School,Near,Female,63,-0.4965409593293564,-1.3243292305034722,1,1
86,Low,Medium,No,8,Yes,2,Low,Low,Positive,2,No,College,Moderate,Female,70,2.508482065504474,-1.1159683225302914,1,1
67,Low,Low,Yes,7,Yes,1,Medium,Medium,Neutral,4,No,College,Near,Male,64,0.004296211476282077,1.5927234811210593,1,1
62,Medium,High,Yes,7,Yes,1,High,Medium,Neutral,4,No,High School,Near,Female,62,-1.3312695773387537,-0.8381537785660502,1,2
65,High,High,Yes,5,Yes,1,Low,Medium,Positive,3,No,High School,Near,Female,66,-0.1626495121255974,-0.07416378266438728,0,1
97,High,Low,Yes,9,Yes,2,Low,Medium,Positive,3,No,High School,Moderate,Male,73,0.5051333822819205,1.3149089371568181,1,2
82,Medium,High,Yes,7,Yes,3,Low,High,Neutral,3,No,Postgraduate,Far,Female,72,1.6737534474950768,-0.2825246906375681,1,1
92,Medium,Medium,Yes,7,No,0,High,Medium,Neutral,2,No,Postgraduate,Far,Male,68,-0.6634866829312358,0.06474348931773327,0,2
73,Medium,High,No,5,No,0,Medium,Medium,Positive,4,No,College,Near,Male,62,-1.4982153009406332,-1.1854219585213517,0,1
84,Medium,Low,No,8,Yes,2,Low,Medium,Neutral,4,No,High School,Near,Male,67,0.8390248294856795,-0.76870014257499,0,1
80,Medium,Low,No,6,Yes,1,Low,High,Negative,4,No,High School,Moderate,Male,62,-1.3312695773387537,-0.004710146673327003,1,1
98,High,High,No,6,Yes,2,Medium,Medium,Positive,3,No,High School,Near,Male,72,-0.4965409593293564,-0.49088559861074893,1,1
90,Low,High,No,7,Yes,2,Medium,High,Negative,2,No,High School,Near,Male,67,-0.3295952357274769,-1.6021437744677132,1,2
89,High,Medium,Yes,6,Yes,1,Low,Medium,Positive,3,No,High School,Moderate,Female,68,0.004296211476282077,-0.3519783266286284,0,0
62,Low,High,Yes,6,Yes,2,Medium,Medium,Neutral,3,No,High School,Moderate,Female,65,0.6720791058837999,1.1065480291836374,1,1
82,Medium,Medium,No,7,Yes,0,High,High,Negative,1,Yes,High School,Far,Female,79,-0.6634866829312358,-1.3243292305034722,0,0
79,High,Low,No,9,Yes,2,Medium,Medium,Positive,3,No,High School,Near,Male,66,-0.3295952357274769,-1.6715974104587736,0,2
97,Medium,Medium,Yes,8,Yes,1,Low,Medium,Neutral,2,No,High School,Near,Female,68,0.004296211476282077,-1.3243292305034722,0,0
70,Low,Low,Yes,8,Yes,1,High,High,Positive,3,Yes,Postgraduate,Near,Male,65,0.17124193507816154,0.6203725772462154,1,1
71,Medium,High,Yes,8,Yes,3,Low,Medium,Neutral,4,No,High School,Moderate,Female,67,0.17124193507816154,1.0370943931925771,1,1
76,Medium,High,Yes,6,Yes,3,Medium,Medium,Neutral,4,No,College,Moderate,Male,67,0.5051333822819205,-1.6021437744677132,1,0
70,Low,Medium,Yes,9,Yes,1,Medium,Medium,Neutral,4,No,High School,Moderate,Male,67,0.8390248294856795,1.3149089371568181,1,1
65,Medium,Medium,Yes,4,Yes,5,Medium,Medium,Positive,4,No,College,Far,Female,68,0.338187658680041,0.4120116692730346,1,2
94,Medium,High,No,8,Yes,3,Medium,Medium,Positive,3,No,High School,Moderate,Male,72,0.5051333822819205,0.06474348931773327,1,0
82,High,Medium,No,8,Yes,1,Medium,Medium,Neutral,5,No,High School,Near,Male,65,-1.4982153009406332,-0.8381537785660502,1,2
94,Low,Medium,No,7,Yes,0,Low,Medium,Positive,3,Yes,High School,Moderate,Female,65,0.004296211476282077,-0.4214319626196886,1,0
93,Medium,Medium,Yes,6,No,1,Medium,Medium,Positive,2,No,College,Moderate,Male,70,0.5051333822819205,1.523269845129999,1,0
71,Medium,Medium,Yes,7,Yes,2,Low,Medium,Negative,2,No,High School,Near,Male,67,0.6720791058837999,1.4538162091389386,1,1
82,Medium,High,Yes,6,Yes,1,Medium,Medium,Neutral,4,No,College,Near,Male,68,-0.6634866829312358,0.4120116692730346,0,1
63,Medium,Medium,No,8,Yes,2,Low,High,Positive,3,No,College,Moderate,Male,63,-0.6634866829312358,0.27310439729091407,1,1
97,Medium,Medium,Yes,8,Yes,2,Low,Medium,Neutral,2,No,High School,Near,Male,68,-0.4965409593293564,-0.9770610505481708,1,0
76,Medium,High,Yes,8,Yes,0,Medium,Low,Neutral,2,No,Postgraduate,Moderate,Female,69,0.5051333822819205,1.5927234811210593,1,1
76,Low,Low,Yes,8,Yes,2,Low,Low,Positive,4,No,High School,Near,Male,66,1.005970553087559,0.8981871212104565,1,0
72,High,Medium,Yes,8,No,2,High,Medium,Neutral,4,Yes,High School,Far,Female,64,-0.3295952357274769,-0.4214319626196886,1,2
78,High,Low,Yes,8,Yes,3,Low,Medium,Negative,4,No,High School,Near,Male,69,0.8390248294856795,1.1065480291836374,1,1
70,Low,Medium,No,6,Yes,1,Low,Medium,Neutral,3,No,High School,Near,Male,62,0.17124193507816154,-0.9770610505481708,1,1
75,Medium,High,Yes,5,Yes,0,Medium,Medium,Negative,3,No,High School,Near,Female,65,-0.1626495121255974,-0.9770610505481708,1,2
92,Medium,Medium,Yes,7,Yes,1,Low,High,Positive,2,No,High School,Near,Female,70,-0.1626495121255974,1.0370943931925771,1,1
93,Low,High,Yes,8,Yes,1,High,Medium,Neutral,4,No,High School,Near,Female,72,0.6720791058837999,0.20365076129985382,1,1
72,Medium,Medium,No,5,Yes,1,Low,High,Positive,3,No,High School,Near,Female,66,0.338187658680041,0.20365076129985382,1,2
79,High,Low,Yes,7,Yes,3,Medium,High,Negative,2,Yes,High School,Moderate,Male,70,2.3415363419025947,0.27310439729091407,0,0
95,Medium,Medium,No,9,No,3,Low,High,Positive,1,No,High School,Near,Male,67,-0.8304324065331153,-1.3243292305034722,1,1
62,High,High,Yes,7,Yes,1,Low,Medium,Negative,4,No,Postgraduate,Moderate,Female,65,0.5051333822819205,-0.5603392346018092,1,0
96,Medium,Low,Yes,9,No,3,Medium,Medium,Neutral,2,No,Postgraduate,Moderate,Male,68,-0.4965409593293564,0.27310439729091407,0,0
69,Low,Medium,Yes,9,Yes,2,Medium,High,Neutral,3,No,High School,Moderate,Male,62,-0.8304324065331153,-0.9076074145571106,1,0
87,Low,Medium,Yes,7,Yes,1,Low,Medium,Negative,3,No,Postgraduate,Near,Male,68,0.004296211476282077,-0.004710146673327003,1,2
83,High,Medium,No,6,Yes,2,High,High,Positive,3,Yes,High School,Near,Female,69,0.17124193507816154,0.20365076129985382,1,1
82,Medium,Low,No,6,Yes,2,Low,Medium,Negative,3,No,College,Near,Male,72,3.0093192363101124,1.523269845129999,0,0
94,Low,Medium,No,7,Yes,0,Medium,Medium,Negative,3,Yes,High School,Moderate,Male,65,-0.1626495121255974,-0.9076074145571106,1,1
64,Medium,High,Yes,5,Yes,2,Medium,Medium,Neutral,2,No,Postgraduate,Moderate,Male,63,-1.1643238537368743,-0.21307105464650783,0,1
74,High,High,Yes,5,Yes,0,Low,Medium,Neutral,2,No,College,Near,Female,68,0.338187658680041,1.6621771171121196,1,1
82,High,Low,No,4,Yes,1,Medium,Medium,Neutral,2,No,College,Near,Male,62,-1.9990524717462717,-1.1159683225302914,1,1
92,Medium,Medium,Yes,7,No,0,Low,High,Neutral,2,No,Postgraduate,Near,Male,69,-0.1626495121255974,0.9676407572015168,0,1
69,Medium,Low,No,10,Yes,2,High,High,Positive,4,No,High School,Near,Female,65,0.004296211476282077,-1.1159683225302914,1,1
92,High,Medium,No,4,Yes,3,High,Medium,Neutral,2,No,High School,Near,Female,74,0.8390248294856795,1.2454553011657579,1,2
76,High,Low,Yes,7,Yes,4,Medium,High,Positive,3,No,High School,Moderate,Female,70,1.005970553087559,-0.07416378266438728,1,1
68,Medium,Low,Yes,7,Yes,2,Medium,Medium,Positive,3,No,High School,Near,Female,65,-0.4965409593293564,1.6621771171121196,1,2
90,High,High,No,7,Yes,3,High,Medium,Neutral,3,No,College,Moderate,Male,70,-0.1626495121255974,-1.1159683225302914,1,0
64,Low,Low,Yes,9,Yes,0,Medium,Medium,Neutral,3,No,College,Far,Male,59,-0.8304324065331153,0.6203725772462154,1,0
81,Low,Medium,Yes,6,Yes,1,Low,Medium,Neutral,3,No,High School,Moderate,Male,63,-1.1643238537368743,0.6898262132372758,0,0
63,Low,High,Yes,4,Yes,0,Low,High,Neutral,4,No,College,Near,Female,64,0.338187658680041,0.759279849228336,1,0
74,Low,High,Yes,6,Yes,0,Medium,Low,Positive,3,No,Postgraduate,Near,Male,63,-1.3312695773387537,-1.3937828664945324,1,2
84,High,Low,No,6,Yes,2,Low,High,Positive,2,No,High School,Near,Female,67,-0.3295952357274769,-0.76870014257499,1,1
82,Medium,Medium,Yes,4,Yes,1,High,Medium,Neutral,4,No,High School,Moderate,Female,65,-0.9973781301349948,-0.5603392346018092,1,1
76,Medium,Medium,No,7,Yes,2,Medium,Medium,Neutral,3,No,College,Near,Male,67,0.5051333822819205,-0.6297928705928695,1,1
77,High,Medium,No,5,Yes,2,High,High,Positive,5,No,High School,Near,Male,73,1.8406991710969562,0.6203725772462154,1,1
69,High,High,Yes,7,Yes,2,Low,High,Neutral,3,No,College,Near,Male,64,-1.3312695773387537,-1.532690138476653,1,0
78,Low,High,No,6,Yes,0,Medium,High,Positive,3,No,Postgraduate,Near,Male,65,-1.8321067481443922,0.8287334852193963,0,1
98,Medium,High,Yes,5,Yes,2,Medium,Medium,Positive,3,No,High School,Moderate,Male,72,-0.1626495121255974,0.06474348931773327,0,1
94,High,Medium,No,8,Yes,3,Medium,Medium,Positive,4,No,High School,Near,Female,72,0.004296211476282077,-1.1159683225302914,1,2
66,High,Medium,No,7,Yes,2,High,High,Neutral,2,No,College,Near,Male,66,0.17124193507816154,-0.9770610505481708,1,1
61,High,Medium,Yes,7,Yes,1,Medium,Medium,Negative,2,Yes,College,Near,Male,62,-0.4965409593293564,-1.3937828664945324,0,2
97,Low,Medium,No,8,Yes,2,Medium,Medium,Negative,1,No,College,Near,Male,68,-0.1626495121255974,-0.14361741865544755,0,1
81,Medium,Low,Yes,7,Yes,1,Medium,Medium,Positive,3,No,College,Moderate,Female,67,0.338187658680041,0.3425580332819744,1,0
82,High,Low,No,7,Yes,1,Medium,Medium,Positive,2,Yes,Postgraduate,Near,Female,69,1.005970553087559,0.27310439729091407,1,1
91,High,Low,No,6,Yes,1,Medium,Medium,Positive,3,No,High School,Near,Female,67,-1.9990524717462717,1.5927234811210593,0,1
73,Medium,Medium,No,5,Yes,1,Low,High,Negative,3,No,College,Moderate,Female,63,-0.3295952357274769,-0.6992465065839297,1,1
79,Low,Medium,Yes,7,Yes,0,Low,Medium,Negative,4,No,High School,Moderate,Male,65,0.17124193507816154,0.8981871212104565,0,0
99,High,Medium,No,6,Yes,2,High,High,Negative,4,No,College,Near,Male,71,-0.9973781301349948,0.759279849228336,0,0
87,Medium,Medium,No,8,Yes,1,Low,High,Neutral,1,No,Postgraduate,Near,Male,70,1.6737534474950768,-1.532690138476653,0,0
66,Medium,Medium,Yes,7,Yes,5,Low,High,Positive,3,No,Postgraduate,Near,Male,68,-0.6634866829312358,1.523269845129999,1,1
65,Medium,Medium,Yes,8,Yes,0,Low,Medium,Negative,3,No,College,Near,Female,65,0.004296211476282077,1.523269845129999,1,2
68,Medium,High,Yes,6,Yes,4,Medium,Medium,Positive,2,No,High School,Near,Male,68,0.5051333822819205,-0.3519783266286284,1,1
91,Medium,Medium,Yes,5,Yes,2,High,Medium,Negative,3,No,College,Near,Male,69,-0.6634866829312358,-0.2825246906375681,1,1
72,Medium,High,Yes,10,No,1,High,Medium,Neutral,2,No,High School,Far,Female,62,-1.8321067481443922,1.1065480291836374,1,1
61,Low,High,Yes,7,No,2,Medium,High,Negative,4,No,College,Near,Female,62,-0.4965409593293564,-0.004710146673327003,1,1
98,High,Low,No,8,Yes,1,High,Low,Positive,2,Yes,Postgraduate,Moderate,Female,72,1.005970553087559,1.0370943931925771,1,0
67,High,Medium,No,5,Yes,0,Medium,Medium,Neutral,4,No,Postgraduate,Moderate,Male,64,-0.3295952357274769,-1.6021437744677132,0,2
60,High,Medium,No,7,Yes,0,Low,High,Positive,1,Yes,High School,Far,Female,58,-0.8304324065331153,-0.8381537785660502,1,0
69,High,Medium,No,9,Yes,1,Low,Medium,Neutral,3,No,College,Near,Male,66,1.005970553087559,-1.3937828664945324,1,0
69,Medium,Low,Yes,5,Yes,1,Low,High,Positive,4,No,Postgraduate,Moderate,Male,64,-0.3295952357274769,-0.14361741865544755,1,0
77,Medium,High,Yes,10,Yes,3,High,High,Positive,1,No,College,Far,Female,68,-0.4965409593293564,1.2454553011657579,0,0
97,Low,Low,No,7,Yes,0,High,Medium,Neutral,3,No,Postgraduate,Near,Female,69,0.17124193507816154,0.20365076129985382,1,1
95,Low,High,No,6,Yes,1,Low,Medium,Positive,5,No,High School,Near,Male,71,0.8390248294856795,0.06474348931773327,1,1
78,Medium,High,Yes,8,Yes,1,Medium,Medium,Negative,2,No,College,Near,Male,71,2.3415363419025947,-0.49088559861074893,1,1
76,Medium,Medium,Yes,9,Yes,0,High,High,Positive,3,No,High School,Moderate,Male,67,0.8390248294856795,-1.532690138476653,0,1
82,High,Low,Yes,6,Yes,2,High,High,Neutral,3,No,High School,Near,Male,71,1.1729162766894383,0.8981871212104565,0,1
70,Medium,Medium,Yes,6,Yes,2,Medium,Medium,Positive,3,No,High School,Near,Female,64,-0.4965409593293564,0.27310439729091407,1,0
62,Medium,Medium,Yes,7,Yes,0,Medium,Medium,Positive,1,No,High School,Moderate,Male,62,-0.9973781301349948,1.523269845129999,1,2
98,Medium,Medium,No,8,Yes,1,High,Medium,Negative,4,No,High School,Near,Female,70,0.004296211476282077,-0.21307105464650783,1,1
67,Low,High,No,7,Yes,2,Low,Medium,Negative,2,No,Postgraduate,Moderate,Female,63,0.17124193507816154,-0.3519783266286284,0,0
68,High,Medium,Yes,8,Yes,0,High,Medium,Positive,3,No,High School,Near,Female,66,-0.9973781301349948,1.6621771171121196,1,2
79,Medium,Medium,Yes,8,Yes,2,Low,Low,Positive,3,No,High School,Moderate,Male,65,-0.1626495121255974,-1.254875594512412,1,0
80,Medium,High,No,7,Yes,1,High,Medium,Positive,3,No,College,Near,Male,69,0.338187658680041,-0.8381537785660502,1,1
61,High,Low,Yes,6,Yes,1,Low,Medium,Negative,3,No,High School,Near,Male,63,0.338187658680041,-0.07416378266438728,1,1
66,Medium,Medium,No,7,Yes,1,High,Medium,Neutral,2,No,College,Moderate,Male,64,0.5051333822819205,0.06474348931773327,1,0
75,Medium,Medium,Yes,10,Yes,2,Low,Low,Neutral,2,No,High School,Near,Male,66,0.338187658680041,0.13419712530879355,1,2
87,Medium,Medium,Yes,7,Yes,4,High,Medium,Negative,3,Yes,High School,Near,Female,67,-0.4965409593293564,-0.9770610505481708,1,1
69,High,High,Yes,9,Yes,2,Low,Medium,Negative,3,No,College,Far,Male,66,-0.4965409593293564,1.4538162091389386,1,1
77,Low,High,No,6,Yes,2,Low,Medium,Neutral,4,No,Postgraduate,Near,Female,65,-1.1643238537368743,0.6898262132372758,1,0
82,High,Medium,Yes,7,No,2,High,Medium,Positive,2,No,Postgraduate,Moderate,Male,72,1.8406991710969562,-0.8381537785660502,0,1
96,High,Medium,Yes,8,Yes,0,Medium,Low,Neutral,2,No,High School,Near,Female,70,0.004296211476282077,-0.6992465065839297,1,2
73,Medium,Medium,Yes,9,Yes,1,High,Low,Positive,1,No,College,Near,Female,67,-0.1626495121255974,1.3149089371568181,1,1
65,Medium,High,No,9,Yes,4,Medium,Medium,Neutral,3,No,College,Near,Male,64,-0.9973781301349948,-0.4214319626196886,1,0
80,High,Medium,No,5,Yes,1,Low,Medium,Positive,4,No,College,Far,Female,72,3.0093192363101124,0.20365076129985382,1,1
90,Medium,Medium,Yes,9,Yes,0,Low,Medium,Neutral,4,No,High School,Near,Female,65,-0.9973781301349948,-1.3243292305034722,1,1
64,High,Low,Yes,10,Yes,0,High,Medium,Positive,3,No,High School,Moderate,Female,62,-0.4965409593293564,-0.8381537785660502,1,1
77,Medium,High,No,6,Yes,3,Low,Medium,Negative,4,No,High School,Far,Female,67,0.338187658680041,-0.2825246906375681,1,2
61,Medium,Medium,No,6,Yes,0,Medium,Medium,Positive,3,Yes,High School,Near,Male,64,0.6720791058837999,0.5509189412551552,1,2
61,Medium,Medium,No,7,Yes,0,Medium,Medium,Negative,3,No,Postgraduate,Near,Male,63,1.005970553087559,-0.76870014257499,0,0
79,Medium,High,No,7,Yes,1,Medium,High,Neutral,2,No,College,Moderate,Male,72,1.8406991710969562,1.5927234811210593,1,1
72,Low,Medium,No,6,Yes,1,High,Medium,Positive,5,No,High School,Near,Male,66,0.5051333822819205,-0.9770610505481708,1,2
94,High,Medium,Yes,5,Yes,0,Medium,Medium,Positive,1,No,Postgraduate,Near,Female,70,-0.9973781301349948,0.9676407572015168,1,1
84,Medium,Low,Yes,9,Yes,0,Medium,High,Negative,2,No,Postgraduate,Near,Female,66,-0.3295952357274769,-0.49088559861074893,0,0
78,High,High,No,6,Yes,1,High,High,Positive,3,No,High School,Moderate,Male,70,0.338187658680041,1.1760016651746976,1,0
76,Low,Low,Yes,6,Yes,0,Low,High,Neutral,2,No,High School,Moderate,Female,67,2.007644894698836,1.4538162091389386,1,0
80,Medium,Medium,Yes,7,Yes,1,Low,High,Positive,2,No,High School,Near,Female,64,-1.3312695773387537,-1.1159683225302914,1,2
62,High,Medium,No,5,Yes,2,Medium,High,Positive,2,No,High School,Near,Male,67,1.1729162766894383,-0.004710146673327003,1,1
96,High,High,Yes,5,Yes,0,High,High,Neutral,4,No,College,Far,Male,72,0.17124193507816154,-1.1854219585213517,1,1
100,High,Low,No,6,Yes,1,Medium,Medium,Positive,3,No,High School,Near,Male,72,0.8390248294856795,0.6898262132372758,1,0
67,High,Medium,Yes,8,Yes,2,High,Medium,Neutral,5,No,Postgraduate,Moderate,Female,68,-0.1626495121255974,1.1760016651746976,1,0
65,Medium,Medium,Yes,7,Yes,1,High,Medium,Neutral,3,No,Postgraduate,Near,Female,64,-0.8304324065331153,-0.4214319626196886,1,1
66,High,Medium,Yes,4,No,1,High,Medium,Positive,3,No,High School,Moderate,Male,66,0.8390248294856795,-0.3519783266286284,1,1
86,Low,High,No,9,Yes,0,Low,High,Positive,3,No,College,Far,Male,68,0.6720791058837999,-1.0465146865392312,0,1
86,Low,Low,No,8,Yes,0,Low,High,Neutral,4,No,High School,Near,Female,66,1.005970553087559,-0.6992465065839297,1,0
94,Low,High,Yes,7,Yes,1,Low,High,Positive,1,No,High School,Near,Female,70,0.004296211476282077,-0.6297928705928695,0,2
90,High,High,Yes,7,Yes,1,Low,Medium,Neutral,4,No,Postgraduate,Near,Female,70,-0.6634866829312358,-1.1854219585213517,1,2
78,Low,High,Yes,8,Yes,0,Medium,Medium,Neutral,2,No,High School,Near,Female,62,-1.4982153009406332,-0.6992465065839297,0,1
85,Low,Medium,Yes,10,Yes,0,Medium,Low,Positive,1,No,College,Near,Male,69,0.8390248294856795,1.3843625731478784,1,1
88,Medium,Medium,Yes,8,Yes,2,Medium,High,Positive,2,No,College,Moderate,Male,69,0.5051333822819205,-0.6297928705928695,0,0
81,Medium,Medium,Yes,7,Yes,2,Medium,Medium,Positive,4,Yes,College,Near,Male,66,-0.9973781301349948,-0.76870014257499,1,1
79,High,High,No,5,Yes,4,Low,Medium,Negative,3,No,Postgraduate,Near,Female,68,-0.4965409593293564,-0.4214319626196886,1,1
86,Medium,High,No,7,Yes,2,Low,High,Positive,5,No,Postgraduate,Moderate,Male,71,-0.4965409593293564,1.5927234811210593,1,1
82,Medium,Medium,Yes,8,No,1,Low,Medium,Negative,2,No,Postgraduate,Moderate,Female,64,-1.4982153009406332,0.8981871212104565,0,1
86,Low,High,No,7,Yes,2,Medium,Medium,Positive,3,No,College,Near,Male,67,-0.8304324065331153,-1.0465146865392312,1,1
85,Medium,High,Yes,6,Yes,2,Medium,High,Positive,3,No,High School,Moderate,Female,68,-1.1643238537368743,0.8981871212104565,1,1
89,Low,High,Yes,8,Yes,0,High,Medium,Negative,1,No,High School,Moderate,Male,67,-0.3295952357274769,0.8981871212104565,1,0
86,Medium,Medium,No,6,Yes,1,Low,Medium,Neutral,3,No,Postgraduate,Near,Male,68,-0.6634866829312358,1.5927234811210593,1,2
81,Medium,High,Yes,8,Yes,5,Low,High,Positive,3,No,High School,Near,Female,69,-1.6651610245425126,1.3843625731478784,1,1
87,Medium,High,Yes,6,Yes,0,Low,High,Neutral,3,No,High School,Near,Male,71,2.007644894698836,-1.3937828664945324,1,1
78,High,Low,Yes,4,No,3,Low,Medium,Positive,4,No,High School,Moderate,Female,68,1.339862000291318,-0.14361741865544755,0,0
70,High,High,No,6,Yes,0,Low,Medium,Positive,2,No,College,Moderate,Male,65,-0.8304324065331153,0.6898262132372758,0,2
60,Low,Medium,No,7,Yes,1,Low,High,Neutral,3,No,College,Moderate,Male,63,0.338187658680041,1.6621771171121196,1,1
82,Low,Medium,Yes,8,Yes,0,Medium,High,Negative,1,No,High School,Near,Female,65,0.5051333822819205,-1.4632365024855927,1,1
84,High,High,No,8,Yes,3,Low,High,Positive,2,Yes,Postgraduate,Near,Female,72,1.1729162766894383,-0.49088559861074893,0,0
99,Low,Medium,Yes,5,Yes,2,Medium,Low,Neutral,1,No,College,Moderate,Male,67,-0.8304324065331153,-0.004710146673327003,1,0
74,Medium,High,No,7,Yes,1,Medium,Medium,Positive,3,No,High School,Near,Female,69,1.1729162766894383,-0.2825246906375681,1,1
76,Medium,Medium,No,6,Yes,3,Low,High,Neutral,3,No,Postgraduate,Near,Male,67,-0.4965409593293564,-0.14361741865544755,0,1
68,High,Medium,Yes,6,Yes,2,Medium,Medium,Positive,4,No,College,Near,Male,64,-1.3312695773387537,-0.49088559861074893,1,0
63,Medium,Low,No,6,No,0,Low,Medium,Positive,3,No,High School,Moderate,Female,62,0.6720791058837999,1.6621771171121196,1,0
91,Low,Medium,No,7,Yes,2,High,Low,Neutral,3,No,High School,Near,Male,71,1.339862000291318,1.0370943931925771,0,1
70,Low,High,No,10,Yes,2,Low,Medium,Positive,3,No,High School,Near,Male,70,2.6754277891063536,0.8287334852193963,1,1
84,Low,Medium,No,10,Yes,1,Medium,High,Neutral,3,No,College,Moderate,Male,64,-1.1643238537368743,-0.2825246906375681,1,0
88,Medium,Medium,Yes,6,Yes,0,Low,Medium,Negative,2,No,Postgraduate,Moderate,Male,69,0.6720791058837999,1.3149089371568181,0,1
79,Medium,Medium,Yes,7,Yes,1,Low,High,Positive,3,No,High School,Moderate,Female,65,-0.3295952357274769,-1.3937828664945324,1,1
95,High,High,Yes,7,Yes,2,High,Medium,Negative,2,No,College,Moderate,Female,73,0.8390248294856795,-1.254875594512412,0,1
78,Medium,Low,Yes,7,Yes,2,Medium,Medium,Neutral,3,No,High School,Near,Female,64,-1.4982153009406332,1.5927234811210593,1,0
71,Medium,High,Yes,8,Yes,2,Medium,Medium,Negative,2,No,Postgraduate,Near,Female,64,-1.3312695773387537,0.20365076129985382,1,0
96,Medium,Medium,Yes,7,Yes,3,Medium,Medium,Neutral,4,No,Postgraduate,Moderate,Male,70,-0.8304324065331153,-1.1854219585213517,1,1
94,Low,Low,Yes,6,Yes,2,Medium,Medium,Positive,5,No,College,Near,Male,70,0.004296211476282077,1.523269845129999,1,0
67,High,High,No,9,Yes,2,Medium,Medium,Neutral,2,Yes,High School,Moderate,Male,64,-0.6634866829312358,1.6621771171121196,1,1
61,Low,Medium,No,5,Yes,3,Medium,High,Neutral,2,Yes,College,Moderate,Female,64,0.6720791058837999,1.3149089371568181,0,1
64,Medium,Medium,Yes,7,Yes,3,Medium,High,Negative,2,No,High School,Near,Male,66,1.005970553087559,-0.9076074145571106,0,2
71,Low,High,Yes,5,Yes,1,Medium,Medium,Neutral,3,No,College,Near,Male,66,0.6720791058837999,-0.76870014257499,1,1
99,Medium,Medium,Yes,5,Yes,2,Medium,Medium,Neutral,4,No,High School,Near,Female,74,1.6737534474950768,-0.3519783266286284,1,0
82,High,High,No,8,No,2,Medium,Medium,Negative,1,No,College,Near,Female,69,0.338187658680041,0.27310439729091407,1,1
75,Low,High,Yes,6,Yes,1,Medium,Medium,Positive,3,No,Postgraduate,Near,Male,67,-1.1643238537368743,1.7316307531031798,1,2
96,Medium,Medium,No,4,Yes,5,Low,Medium,Neutral,5,Yes,High School,Far,Male,73,1.339862000291318,1.5927234811210593,1,2
78,Low,Medium,No,6,Yes,0,Medium,Medium,Positive,1,No,Postgraduate,Near,Female,66,-0.6634866829312358,1.4538162091389386,1,2
73,High,Medium,No,6,Yes,2,Medium,Medium,Neutral,4,No,High School,Moderate,Female,67,0.8390248294856795,-1.4632365024855927,1,2
98,Medium,High,Yes,5,Yes,3,Low,Medium,Neutral,2,No,College,Near,Male,75,1.5068077238931974,0.8981871212104565,1,0
94,Medium,High,Yes,8,Yes,2,Medium,High,Positive,2,No,High School,Near,Male,73,0.5051333822819205,1.3149089371568181,1,0
94,Medium,Medium,No,5,Yes,2,High,Medium,Neutral,5,No,High School,Near,Female,67,-1.4982153009406332,-0.5603392346018092,1,1
80,High,Low,Yes,6,Yes,0,Medium,High,Neutral,4,No,College,Moderate,Female,65,-0.9973781301349948,-0.9770610505481708,1,1
92,Medium,Medium,Yes,7,Yes,1,Low,Low,Positive,1,No,High School,Near,Female,71,1.339862000291318,0.8287334852193963,1,0
67,Medium,Medium,Yes,6,Yes,1,Medium,Medium,Neutral,4,No,High School,Near,Male,63,-0.1626495121255974,-1.3937828664945324,1,0
83,Medium,Low,Yes,6,Yes,2,Low,High,Neutral,4,No,High School,Moderate,Female,68,0.004296211476282077,1.523269845129999,1,2
99,Medium,High,No,6,Yes,0,Medium,Medium,Positive,4,No,High School,Near,Male,72,0.8390248294856795,-1.1854219585213517,0,2
72,Low,High,Yes,5,Yes,2,Medium,High,Positive,2,No,High School,Near,Male,67,0.6720791058837999,-0.14361741865544755,1,0
92,Medium,High,No,6,Yes,1,Medium,Medium,Negative,4,No,College,Near,Female,71,0.338187658680041,1.6621771171121196,1,0
80,Low,Low,No,8,Yes,1,Low,Medium,Positive,4,No,Postgraduate,Near,Male,67,-0.1626495121255974,1.6621771171121196,1,2
62,Medium,High,Yes,6,Yes,0,High,High,Positive,3,No,Postgraduate,Near,Female,66,-0.3295952357274769,0.9676407572015168,0,1
91,Medium,High,No,7,Yes,3,Low,Medium,Negative,5,No,High School,Near,Male,72,0.8390248294856795,1.1760016651746976,1,1
67,Low,Low,No,9,Yes,2,Low,High,Negative,0,No,College,Near,Female,64,0.5051333822819205,1.5927234811210593,1,1
85,Medium,Medium,No,8,Yes,0,High,High,Negative,3,No,College,Moderate,Male,68,-0.3295952357274769,1.4538162091389386,1,1
63,High,High,No,5,Yes,0,Low,Medium,Negative,2,No,High School,Moderate,Female,65,1.005970553087559,0.4120116692730346,1,1
98,Medium,High,Yes,8,Yes,1,Medium,Medium,Positive,4,No,Postgraduate,Moderate,Male,74,-0.1626495121255974,0.8287334852193963,0,2
72,Medium,Low,Yes,9,Yes,4,Medium,High,Neutral,4,No,College,Moderate,Female,65,-0.8304324065331153,0.3425580332819744,0,1
69,High,Low,Yes,6,No,2,Low,High,Positive,2,No,High School,Near,Female,63,-0.8304324065331153,-0.004710146673327003,1,1
65,Medium,Medium,Yes,5,Yes,5,Low,Medium,Negative,3,No,Postgraduate,Moderate,Male,65,-0.9973781301349948,1.3149089371568181,0,1
98,Low,High,Yes,6,Yes,0,Medium,Medium,Neutral,1,No,High School,Near,Male,70,-0.3295952357274769,0.8287334852193963,1,1
88,Medium,High,Yes,7,Yes,0,Low,Medium,Neutral,4,No,High School,Moderate,Male,71,1.1729162766894383,1.2454553011657579,1,1
90,Medium,Medium,Yes,8,Yes,1,Low,Medium,Neutral,1,No,College,Near,Female,66,-0.8304324065331153,-1.3937828664945324,1,1
80,Medium,Medium,Yes,6,Yes,2,Medium,High,Positive,3,No,College,Near,Male,69,0.17124193507816154,0.27310439729091407,1,0
79,Medium,High,Yes,4,Yes,2,Medium,Medium,Neutral,2,No,College,Moderate,Male,67,-0.6634866829312358,-0.6297928705928695,1,2
64,Medium,High,Yes,5,Yes,1,Low,Medium,Positive,4,No,High School,Moderate,Male,64,-0.3295952357274769,0.06474348931773327,1,0
82,High,High,No,8,Yes,2,Low,High,Positive,2,No,High School,Moderate,Female,67,-1.4982153009406332,0.4120116692730346,1,2
70,Medium,High,Yes,10,Yes,1,Low,High,Positive,4,No,High School,Near,Male,67,-0.1626495121255974,1.1760016651746976,1,1
99,High,Medium,No,7,Yes,1,Medium,Medium,Neutral,4,No,High School,Near,Male,70,-0.1626495121255974,-1.6021437744677132,1,1
92,High,High,No,9,Yes,2,Low,Medium,Neutral,1,No,Postgraduate,Near,Female,71,0.5051333822819205,-1.1854219585213517,0,1
77,Medium,Low,Yes,5,Yes,2,Low,High,Neutral,5,No,High School,Near,Female,68,0.17124193507816154,1.4538162091389386,0,2
66,High,High,No,6,Yes,1,High,High,Positive,2,No,High School,Near,Male,65,-1.1643238537368743,1.5927234811210593,1,0
91,Medium,Medium,No,4,Yes,1,Low,Medium,Positive,3,No,Postgraduate,Near,Female,70,1.1729162766894383,-1.532690138476653,0,1
65,Medium,High,Yes,8,No,1,Low,Medium,Positive,4,No,High School,Near,Female,64,0.17124193507816154,-0.5603392346018092,1,0
68,High,High,Yes,6,Yes,3,Medium,Low,Neutral,4,No,High School,Near,Male,67,0.17124193507816154,-1.7410510464498339,0,2
68,Low,Low,No,8,Yes,5,Low,Low,Neutral,3,No,High School,Moderate,Male,63,0.004296211476282077,0.8981871212104565,0,1
82,Medium,Low,Yes,6,Yes,2,Low,Low,Negative,3,No,High School,Moderate,Female,65,-0.4965409593293564,0.6203725772462154,1,2
91,Medium,Medium,Yes,10,Yes,2,Low,High,Negative,2,No,High School,Near,Male,70,0.17124193507816154,0.20365076129985382,1,2
73,Medium,High,No,10,Yes,1,Low,Medium,Neutral,3,No,College,Near,Male,67,0.5051333822819205,0.6898262132372758,1,1
63,Medium,High,No,4,No,3,Low,Medium,Neutral,3,No,High School,Near,Male,60,-1.6651610245425126,0.13419712530879355,0,0
79,Low,High,No,8,Yes,1,Low,Medium,Neutral,3,No,High School,Near,Female,64,-0.4965409593293564,-0.9076074145571106,1,0
90,Low,Medium,No,6,Yes,1,Medium,Medium,Negative,1,No,High School,Moderate,Female,65,-0.3295952357274769,0.8981871212104565,0,0
69,Medium,Medium,No,8,No,0,Low,High,Positive,5,No,High School,Moderate,Female,64,0.338187658680041,0.9676407572015168,1,0
69,Medium,Low,Yes,5,Yes,1,Medium,Medium,Positive,4,No,College,Moderate,Male,67,1.1729162766894383,1.2454553011657579,1,1
98,Medium,Medium,Yes,9,Yes,0,Medium,Medium,Positive,3,No,High School,Near,Female,71,-0.8304324065331153,1.5927234811210593,0,2
98,Medium,Medium,No,9,Yes,0,High,Medium,Positive,3,No,High School,Moderate,Female,69,-0.4965409593293564,0.8287334852193963,0,0
100,Medium,High,Yes,5,Yes,1,Medium,High,Positive,4,No,High School,Near,Male,70,-0.4965409593293564,-1.532690138476653,1,0
92,Medium,Medium,Yes,7,Yes,1,High,High,Positive,3,No,College,Near,Female,69,-0.8304324065331153,-1.6715974104587736,1,1
68,High,High,Yes,7,Yes,3,Medium,Medium,Positive,4,No,High School,Near,Male,69,-0.3295952357274769,0.8287334852193963,1,2
68,Low,Medium,Yes,8,Yes,2,Medium,Medium,Neutral,3,No,College,Moderate,Female,64,0.8390248294856795,-1.532690138476653,1,0
74,Low,Medium,Yes,7,Yes,0,Medium,High,Negative,3,No,Postgraduate,Near,Male,63,-0.9973781301349948,-0.6297928705928695,0,1
73,High,Medium,No,8,Yes,3,Medium,Medium,Positive,2,No,College,Near,Male,67,0.5051333822819205,-1.254875594512412,1,1
98,Medium,Medium,No,7,No,0,Medium,Medium,Neutral,3,No,College,Moderate,Female,66,-1.6651610245425126,1.5927234811210593,1,0
92,Medium,High,Yes,8,Yes,2,Low,Medium,Positive,3,No,High School,Near,Female,69,-0.4965409593293564,-0.6297928705928695,1,1
89,Medium,Medium,No,5,Yes,5,Low,High,Neutral,4,No,College,Near,Male,69,-0.3295952357274769,-1.532690138476653,0,1
67,Medium,Medium,No,7,Yes,2,High,Medium,Neutral,3,Yes,High School,Near,Male,69,1.6737534474950768,1.523269845129999,1,2
96,Medium,High,Yes,9,Yes,1,Low,Medium,Positive,3,No,College,Near,Male,72,-0.3295952357274769,0.3425580332819744,1,2
93,High,High,Yes,9,Yes,1,Medium,Low,Negative,3,No,High School,Moderate,Female,65,-2.165998195348151,-1.6021437744677132,0,2
67,Medium,Medium,Yes,7,Yes,0,High,High,Positive,2,No,College,Near,Male,63,-1.9990524717462717,1.1760016651746976,0,1
95,Medium,Medium,No,7,Yes,1,Low,High,Neutral,4,No,College,Near,Male,69,0.004296211476282077,-1.1854219585213517,1,0
71,High,Medium,Yes,9,Yes,3,Medium,High,Neutral,3,No,College,Near,Male,69,0.6720791058837999,1.0370943931925771,0,0
63,Medium,Low,Yes,7,Yes,2,High,High,Negative,2,No,College,Moderate,Female,64,0.338187658680041,0.3425580332819744,0,1
86,Medium,Low,Yes,9,Yes,2,Medium,High,Positive,3,No,College,Near,Male,69,0.17124193507816154,-1.1159683225302914,0,2
86,Medium,High,No,7,Yes,1,Medium,Medium,Neutral,3,No,Postgraduate,Moderate,Male,72,1.1729162766894383,0.8981871212104565,0,1
64,Medium,Low,No,7,Yes,1,Low,Medium,Neutral,4,No,College,Near,Male,62,-0.4965409593293564,-0.14361741865544755,1,2
73,High,Medium,Yes,5,No,1,Medium,Medium,Positive,3,Yes,High School,Near,Male,66,0.8390248294856795,0.4814653052640949,0,0
100,Low,Medium,No,5,Yes,2,Medium,Low,Neutral,1,No,High School,Far,Female,65,-1.6651610245425126,1.2454553011657579,1,0
87,High,High,Yes,8,Yes,0,High,Medium,Neutral,3,No,College,Near,Female,69,-0.8304324065331153,-0.8381537785660502,1,1
89,Medium,Low,No,10,Yes,1,High,High,Negative,3,No,High School,Near,Female,65,-1.8321067481443922,-0.49088559861074893,1,2
69,High,Medium,Yes,7,Yes,3,Medium,High,Negative,2,No,High School,Near,Male,67,-0.3295952357274769,1.7316307531031798,1,1
63,Low,Medium,Yes,7,Yes,2,Medium,High,Neutral,2,No,High School,Near,Female,63,0.004296211476282077,-0.004710146673327003,1,0
71,High,Medium,No,9,Yes,2,Medium,Medium,Neutral,4,No,High School,Near,Male,66,0.17124193507816154,0.20365076129985382,1,0
70,Low,Medium,No,8,Yes,0,Low,Low,Positive,3,No,High School,Far,Male,61,0.004296211476282077,-0.76870014257499,0,0
69,High,Medium,Yes,4,Yes,1,Medium,Medium,Positive,4,No,High School,Near,Female,64,-0.9973781301349948,-0.2825246906375681,1,1
68,Medium,Low,Yes,8,Yes,1,Medium,Medium,Neutral,4,No,Postgraduate,Near,Male,64,-0.1626495121255974,-0.004710146673327003,0,0
83,Medium,Medium,Yes,5,Yes,2,Low,Medium,Neutral,3,No,College,Near,Male,65,-1.4982153009406332,-0.8381537785660502,1,1
73,Medium,Low,No,7,Yes,3,High,Medium,Neutral,3,No,Postgraduate,Moderate,Female,68,1.339862000291318,-0.9076074145571106,1,1
93,Low,High,Yes,6,Yes,1,Medium,Medium,Negative,3,No,High School,Near,Male,69,-0.3295952357274769,0.3425580332819744,0,1
67,Medium,Medium,No,6,Yes,0,Medium,Medium,Negative,3,No,High School,Near,Female,61,-0.4965409593293564,-1.1159683225302914,1,1
79,Medium,High,No,7,No,3,High,High,Positive,2,No,Postgraduate,Moderate,Female,72,1.6737534474950768,0.20365076129985382,0,1
61,Medium,Low,Yes,8,Yes,4,Low,Medium,Neutral,3,No,College,Moderate,Male,61,-1.1643238537368743,0.6898262132372758,0,1
79,High,High,No,7,Yes,1,Low,High,Neutral,4,No,College,Moderate,Male,66,-1.1643238537368743,-1.0465146865392312,0,1
62,Low,Medium,Yes,9,Yes,1,Low,Medium,Negative,1,No,College,Moderate,Male,60,-1.1643238537368743,0.8287334852193963,1,1
99,Medium,Low,No,9,Yes,1,Low,High,Positive,3,No,Postgraduate,Far,Male,69,0.004296211476282077,-0.49088559861074893,1,0
92,Medium,High,No,9,Yes,1,High,High,Neutral,2,Yes,College,Near,Male,72,0.5051333822819205,1.7316307531031798,1,1
80,Medium,High,Yes,7,Yes,2,Medium,Medium,Negative,2,No,High School,Moderate,Female,69,0.6720791058837999,1.6621771171121196,1,0
63,High,High,Yes,6,Yes,0,Medium,Medium,Positive,3,No,College,Near,Male,71,2.508482065504474,1.0370943931925771,1,0
84,Medium,High,No,7,Yes,1,Medium,Medium,Neutral,3,No,College,Near,Male,64,-2.165998195348151,-0.5603392346018092,0,1
90,Low,Low,Yes,9,Yes,3,Low,Medium,Positive,4,No,High School,Near,Male,71,0.6720791058837999,1.523269845129999,1,2
68,Low,Medium,Yes,9,Yes,1,Medium,High,Negative,3,No,High School,Moderate,Male,64,-0.4965409593293564,1.7316307531031798,1,2
83,Medium,Medium,Yes,4,Yes,3,Low,Low,Negative,3,No,College,Near,Female,67,-0.6634866829312358,-0.14361741865544755,1,2
93,Medium,Low,Yes,7,Yes,2,Low,Medium,Negative,3,Yes,Postgraduate,Moderate,Male,67,-0.6634866829312358,0.4120116692730346,0,1
91,Low,High,Yes,4,Yes,1,Medium,Medium,Neutral,3,No,High School,Moderate,Female,66,-0.8304324065331153,-1.7410510464498339,1,2
92,Low,Medium,Yes,7,Yes,3,High,Medium,Positive,4,No,College,Near,Male,73,1.6737534474950768,-1.6021437744677132,0,1
95,Medium,High,Yes,6,Yes,1,Medium,Medium,Positive,4,No,High School,Moderate,Male,73,0.8390248294856795,-0.004710146673327003,0,1
98,Medium,Medium,No,6,Yes,0,Medium,Medium,Positive,2,No,College,Moderate,Male,70,0.004296211476282077,0.3425580332819744,1,1
76,Low,Medium,Yes,8,Yes,5,High,Low,Positive,4,No,College,Moderate,Male,70,1.339862000291318,-0.6297928705928695,1,1
83,Medium,Low,Yes,6,Yes,0,Low,Medium,Positive,4,Yes,Postgraduate,Near,Female,62,-1.4982153009406332,-1.3937828664945324,1,0
92,High,Low,Yes,7,Yes,1,Medium,High,Neutral,2,No,Postgraduate,Moderate,Male,68,-1.3312695773387537,0.9676407572015168,0,1
88,High,High,Yes,6,Yes,0,Low,Medium,Positive,3,No,High School,Moderate,Female,65,-2.165998195348151,-0.2825246906375681,1,1
100,High,High,Yes,7,Yes,2,High,Medium,Positive,2,No,High School,Near,Male,73,-0.6634866829312358,0.4814653052640949,1,1
61,High,Medium,Yes,8,No,1,Low,Medium,Neutral,3,No,College,Near,Female,65,0.17124193507816154,0.5509189412551552,0,2
74,Medium,High,Yes,6,No,0,Medium,Medium,Neutral,3,No,College,Near,Male,66,0.17124193507816154,0.13419712530879355,1,2
71,Low,Medium,Yes,8,Yes,3,Low,Medium,Neutral,3,No,College,Moderate,Male,64,0.17124193507816154,-1.1159683225302914,1,1
70,Medium,High,No,7,Yes,0,Low,Medium,Positive,3,No,High School,Near,Male,63,-1.3312695773387537,0.4120116692730346,1,2
69,Medium,Medium,No,7,No,0,Low,Low,Neutral,3,Yes,College,Near,Male,62,0.8390248294856795,-0.6297928705928695,1,1
88,High,Medium,Yes,6,Yes,0,Low,Medium,Neutral,4,No,Postgraduate,Moderate,Female,70,0.17124193507816154,1.1065480291836374,0,0
63,Medium,Medium,No,8,Yes,3,High,Medium,Neutral,3,No,High School,Near,Male,65,0.6720791058837999,-1.0465146865392312,1,1
90,Medium,Medium,Yes,8,Yes,0,Medium,Medium,Neutral,5,No,High School,Far,Male,64,-1.8321067481443922,-0.6992465065839297,0,1
88,Medium,Medium,No,7,Yes,4,High,Medium,Negative,2,No,Postgraduate,Near,Male,70,0.338187658680041,-0.21307105464650783,1,0
70,Medium,Medium,No,7,Yes,1,Low,Low,Neutral,5,No,High School,Near,Male,62,-1.1643238537368743,0.8287334852193963,1,1
70,Medium,Medium,No,8,Yes,5,High,Medium,Positive,2,No,High School,Near,Female,67,-0.3295952357274769,0.759279849228336,1,1
85,Medium,Low,No,8,Yes,1,Medium,Medium,Neutral,3,No,Postgraduate,Far,Female,66,0.5051333822819205,-0.5603392346018092,0,0
90,High,High,Yes,7,Yes,2,High,High,Positive,3,No,College,Moderate,Female,74,0.17124193507816154,0.06474348931773327,1,2
95,Medium,High,Yes,9,Yes,2,Medium,Medium,Positive,3,No,High School,Far,Male,69,-0.8304324065331153,-0.9076074145571106,1,1
94,Medium,High,Yes,8,Yes,0,Medium,Medium,Positive,4,Yes,High School,Moderate,Female,70,0.004296211476282077,0.9676407572015168,1,0
99,Medium,Medium,No,10,Yes,1,High,Medium,Positive,1,No,College,Near,Female,68,-1.4982153009406332,-1.0465146865392312,1,1
83,Medium,Low,No,5,Yes,3,Low,Medium,Neutral,2,No,Postgraduate,Near,Male,70,1.1729162766894383,1.1065480291836374,1,1
96,Medium,Medium,Yes,8,Yes,3,Medium,Medium,Negative,2,No,High School,Near,Male,71,-0.1626495121255974,1.523269845129999,1,1
92,Medium,Low,Yes,9,Yes,2,Medium,High,Positive,0,No,Postgraduate,Moderate,Female,73,1.1729162766894383,1.7316307531031798,1,2
96,Medium,Medium,No,9,Yes,3,Medium,Medium,Neutral,2,No,High School,Far,Male,69,-0.4965409593293564,1.2454553011657579,0,0
60,Low,Low,Yes,7,Yes,1,Low,Medium,Positive,4,No,Postgraduate,Near,Female,61,-0.4965409593293564,-0.9770610505481708,1,1
99,Medium,Medium,Yes,5,Yes,0,Medium,Medium,Neutral,2,No,College,Moderate,Male,68,-0.8304324065331153,-0.2825246906375681,1,1
79,Medium,Low,Yes,9,Yes,1,Low,Medium,Positive,2,No,Postgraduate,Far,Male,66,0.8390248294856795,-1.4632365024855927,0,1
92,High,Low,Yes,6,Yes,0,High,Medium,Positive,4,No,High School,Near,Female,67,-0.6634866829312358,-1.1854219585213517,0,0
65,Low,High,Yes,7,Yes,1,High,Medium,Neutral,1,No,Postgraduate,Moderate,Female,64,0.6720791058837999,-1.6021437744677132,1,1
76,Low,High,Yes,10,Yes,1,Medium,Medium,Negative,4,No,College,Near,Male,67,-0.3295952357274769,0.4814653052640949,0,2
71,High,Medium,Yes,5,No,0,High,Medium,Neutral,4,No,High School,Moderate,Female,61,-1.9990524717462717,0.13419712530879355,1,1
72,Low,Medium,No,8,Yes,2,Low,High,Neutral,3,No,High School,Near,Male,65,-0.4965409593293564,1.4538162091389386,1,2
65,Low,High,Yes,6,Yes,0,Low,Medium,Positive,3,No,Postgraduate,Near,Female,62,-1.1643238537368743,-0.14361741865544755,0,1
92,Low,High,No,6,Yes,0,Medium,Medium,Neutral,5,No,High School,Near,Female,69,0.004296211476282077,0.4814653052640949,1,1
60,High,High,No,7,Yes,1,Medium,Medium,Negative,3,No,College,Far,Female,61,-1.1643238537368743,-0.3519783266286284,1,1
73,High,Medium,No,8,Yes,4,Low,Low,Neutral,5,No,High School,Moderate,Male,69,1.005970553087559,1.1065480291836374,1,1
67,Medium,Low,No,8,No,1,High,Low,Positive,3,No,College,Near,Male,64,-0.1626495121255974,1.4538162091389386,1,2
84,Medium,Low,No,9,Yes,1,Low,Medium,Positive,3,No,High School,Far,Female,65,-0.1626495121255974,-0.21307105464650783,1,2
70,Medium,High,No,6,Yes,1,High,Medium,Neutral,1,No,High School,Moderate,Female,64,0.6720791058837999,-1.4632365024855927,1,0
70,High,High,Yes,5,Yes,1,Low,Low,Positive,3,No,Postgraduate,Moderate,Male,68,1.005970553087559,-1.1854219585213517,0,1
80,Low,Medium,Yes,6,Yes,1,Low,Medium,Positive,3,No,High School,Near,Female,67,0.004296211476282077,0.759279849228336,0,2
86,High,Medium,Yes,8,Yes,0,Medium,High,Positive,5,No,College,Near,Male,68,-0.8304324065331153,-0.6297928705928695,0,0
65,Low,Medium,Yes,7,Yes,2,Low,Medium,Positive,4,No,High School,Moderate,Male,61,-1.8321067481443922,0.9676407572015168,1,1
67,Medium,High,Yes,4,Yes,5,High,High,Positive,4,No,College,Near,Male,69,-0.6634866829312358,0.8287334852193963,1,2
70,Low,High,Yes,4,Yes,0,Medium,Medium,Neutral,3,No,High School,Near,Male,64,-0.6634866829312358,0.6898262132372758,0,2
99,High,Medium,Yes,7,No,3,Medium,Medium,Positive,4,No,College,Near,Male,74,0.17124193507816154,1.1065480291836374,1,1
76,Medium,Medium,No,8,Yes,1,Medium,Medium,Neutral,4,No,College,Near,Female,66,-0.3295952357274769,0.8981871212104565,1,0
84,Medium,Medium,No,6,Yes,1,Medium,Medium,Negative,2,No,High School,Near,Male,68,0.6720791058837999,0.4814653052640949,1,1
70,Medium,High,Yes,8,Yes,3,High,Medium,Neutral,3,No,Postgraduate,Far,Male,65,-0.6634866829312358,-1.7410510464498339,0,2
80,Medium,High,Yes,5,No,0,Low,Medium,Negative,3,No,College,Near,Female,66,0.004296211476282077,0.06474348931773327,0,1
63,High,Low,No,7,No,2,Medium,High,Positive,2,No,High School,Near,Female,66,1.1729162766894383,0.3425580332819744,1,1
61,Medium,Low,No,7,Yes,3,High,Low,Neutral,2,No,College,Near,Female,65,0.338187658680041,1.5927234811210593,0,2
79,Medium,Medium,No,8,Yes,3,Low,Medium,Neutral,4,No,College,Moderate,Male,67,0.004296211476282077,0.5509189412551552,0,1
76,Low,Medium,Yes,5,Yes,0,Low,High,Positive,4,No,Postgraduate,Moderate,Female,65,-0.6634866829312358,0.27310439729091407,1,1
65,Medium,Medium,No,5,Yes,1,High,High,Positive,3,No,High School,Moderate,Male,63,-0.6634866829312358,0.13419712530879355,1,1
88,High,Medium,No,8,Yes,1,High,High,Neutral,2,No,High School,Near,Male,67,-0.8304324065331153,-1.3937828664945324,0,1
100,Medium,High,Yes,5,Yes,2,Low,Medium,Neutral,4,No,High School,Near,Male,70,-0.4965409593293564,-0.2825246906375681,1,0
76,High,High,Yes,6,No,0,Medium,Medium,Positive,3,No,Postgraduate,Moderate,Male,68,0.8390248294856795,-1.254875594512412,1,0
85,Medium,Medium,Yes,9,Yes,1,Medium,Medium,Neutral,3,No,College,Far,Male,66,-0.1626495121255974,-1.532690138476653,1,2
99,Medium,Medium,Yes,7,Yes,3,Medium,Low,Negative,1,No,Postgraduate,Moderate,Female,67,-1.3312695773387537,-0.6297928705928695,0,0
93,Medium,Low,No,8,Yes,2,High,High,Neutral,1,No,High School,Near,Male,72,1.8406991710969562,0.4814653052640949,0,0
79,High,High,Yes,8,Yes,0,Medium,Medium,Negative,2,Yes,High School,Near,Female,68,0.338187658680041,1.2454553011657579,0,1
89,Medium,High,No,8,No,1,Low,High,Neutral,2,No,High School,Near,Male,66,-1.3312695773387537,1.1065480291836374,1,1
65,Medium,Medium,No,7,Yes,0,High,Medium,Neutral,4,No,High School,Moderate,Male,62,-0.4965409593293564,-0.6992465065839297,0,1
80,High,Low,Yes,6,Yes,1,Low,Medium,Negative,4,No,High School,Near,Male,65,0.17124193507816154,-1.6021437744677132,1,1
71,High,Low,No,10,Yes,3,Medium,Medium,Neutral,4,Yes,High School,Near,Female,67,1.6737534474950768,-0.3519783266286284,1,0
66,Medium,Medium,Yes,7,Yes,3,Medium,Medium,Negative,2,No,College,Near,Female,62,-1.1643238537368743,-0.6297928705928695,1,0
77,Medium,Low,Yes,7,Yes,1,High,Medium,Neutral,3,Yes,High School,Near,Female,66,1.005970553087559,-0.4214319626196886,1,0
65,Medium,Medium,No,8,No,1,High,Medium,Positive,3,No,College,Near,Female,67,1.339862000291318,0.20365076129985382,0,2
88,Medium,Medium,Yes,6,Yes,2,High,High,Positive,3,No,High School,Near,Female,68,-0.6634866829312358,-1.6021437744677132,1,1
78,Medium,Medium,Yes,6,Yes,1,Medium,Medium,Negative,4,No,Postgraduate,Moderate,Female,66,-0.3295952357274769,-0.4214319626196886,1,1
81,High,High,No,9,Yes,0,Medium,Medium,Positive,4,No,College,Near,Female,68,-0.9973781301349948,0.20365076129985382,0,1
66,Low,Medium,No,6,Yes,2,Low,Medium,Negative,5,No,High School,Near,Male,62,-0.1626495121255974,-0.21307105464650783,1,1
66,Medium,High,No,8,Yes,1,Low,Medium,Neutral,2,Yes,College,Near,Male,64,0.004296211476282077,0.5509189412551552,1,1
83,High,Low,No,8,Yes,1,Low,Medium,Positive,3,No,High School,Near,Male,68,0.6720791058837999,-1.1159683225302914,1,1
99,Low,Low,Yes,7,Yes,2,Medium,Medium,Positive,2,No,Postgraduate,Moderate,Male,71,1.1729162766894383,-1.1854219585213517,0,0
64,Medium,Medium,No,7,Yes,2,Medium,High,Neutral,4,No,High School,Near,Male,63,-0.6634866829312358,-0.6992465065839297,1,1
71,High,Medium,No,8,Yes,1,Low,High,Positive,2,No,College,Moderate,Male,62,-1.9990524717462717,-1.3937828664945324,1,2
95,High,Low,Yes,7,Yes,1,Low,Low,Positive,3,No,College,Near,Male,69,0.004296211476282077,-0.9076074145571106,0,0
63,Medium,Medium,Yes,4,Yes,0,Medium,Medium,Positive,3,No,High School,Moderate,Male,62,0.338187658680041,-1.4632365024855927,0,1
95,Low,Medium,Yes,9,Yes,3,High,Medium,Positive,3,No,High School,Near,Female,71,0.17124193507816154,-0.3519783266286284,1,1
81,Low,High,Yes,6,Yes,3,Low,Medium,Positive,4,No,College,Near,Male,69,-0.3295952357274769,0.759279849228336,1,1
76,Medium,Medium,Yes,7,Yes,1,Medium,High,Positive,2,No,High School,Moderate,Male,66,0.17124193507816154,-0.76870014257499,0,0
72,Low,Medium,No,5,Yes,0,Low,Medium,Neutral,4,No,High School,Near,Female,64,1.5068077238931974,-1.7410510464498339,1,0
72,Low,High,No,6,No,1,Low,High,Neutral,3,No,Postgraduate,Near,Male,65,0.338187658680041,0.20365076129985382,1,0
72,High,High,No,6,Yes,1,High,High,Positive,1,No,High School,Moderate,Male,68,-0.3295952357274769,0.6898262132372758,0,2
95,High,Medium,No,7,Yes,1,Low,Medium,Neutral,3,No,High School,Near,Male,69,-0.4965409593293564,-0.3519783266286284,1,2
89,High,Medium,Yes,6,Yes,2,Low,Medium,Neutral,3,Yes,Postgraduate,Near,Male,68,-0.1626495121255974,-0.6992465065839297,1,0
87,Low,Medium,Yes,10,Yes,3,Low,Low,Neutral,4,No,College,Near,Male,71,1.6737534474950768,-0.004710146673327003,1,0
92,Low,Medium,No,7,Yes,1,Medium,Medium,Neutral,5,No,High School,Far,Male,66,-0.1626495121255974,-1.3937828664945324,1,1
70,High,Low,No,8,Yes,2,Low,High,Positive,3,No,High School,Moderate,Male,65,0.004296211476282077,0.4814653052640949,0,1
85,High,Medium,Yes,7,Yes,1,Low,Medium,Neutral,1,No,High School,Near,Female,68,-0.4965409593293564,0.8287334852193963,0,1
78,High,High,No,8,Yes,0,High,Medium,Positive,3,No,College,Near,Male,72,1.1729162766894383,0.6898262132372758,1,1
91,High,Medium,Yes,4,Yes,3,Low,High,Neutral,2,No,Postgraduate,Near,Female,75,2.007644894698836,-0.6297928705928695,1,1
72,High,Low,Yes,6,Yes,2,High,Medium,Negative,3,No,College,Near,Male,67,0.5051333822819205,1.1760016651746976,1,0
86,Medium,Medium,No,6,Yes,1,Low,Medium,Neutral,2,No,High School,Moderate,Male,67,0.004296211476282077,1.523269845129999,0,0
95,Medium,Medium,No,6,Yes,2,Low,Medium,Neutral,3,No,College,Near,Female,70,0.004296211476282077,-0.6992465065839297,1,2
76,Medium,Medium,Yes,8,Yes,5,Medium,Medium,Neutral,3,No,College,Near,Male,64,-2.3329439189500305,-0.8381537785660502,1,1
63,Medium,Medium,Yes,8,Yes,1,Low,Medium,Positive,3,No,High School,Far,Female,65,0.6720791058837999,0.6898262132372758,0,2
81,Medium,Medium,Yes,7,Yes,1,Low,High,Negative,3,No,Postgraduate,Moderate,Male,68,0.17124193507816154,0.6898262132372758,1,1
74,High,High,No,7,Yes,1,Medium,Low,Neutral,2,No,College,Moderate,Female,67,0.5051333822819205,0.06474348931773327,1,1
87,Low,Medium,Yes,10,No,1,Low,High,Positive,1,No,College,Moderate,Male,66,-0.6634866829312358,1.4538162091389386,1,1
98,High,Medium,No,7,Yes,0,High,Medium,Neutral,1,No,Postgraduate,Moderate,Male,69,-0.3295952357274769,-1.254875594512412,0,0
79,Low,High,No,4,Yes,2,Low,Medium,Negative,1,No,High School,Near,Female,64,-0.3295952357274769,-0.07416378266438728,1,0
79,Medium,High,Yes,8,Yes,1,Medium,Medium,Negative,3,Yes,Postgraduate,Near,Female,68,1.005970553087559,-1.6021437744677132,1,2
86,High,Medium,No,8,Yes,5,Low,High,Negative,3,No,High School,Near,Male,68,-0.3295952357274769,-1.532690138476653,0,0
64,Low,High,Yes,9,No,1,Low,Medium,Positive,3,No,College,Near,Female,65,2.007644894698836,-1.532690138476653,0,0
70,Medium,Medium,Yes,8,Yes,0,High,Medium,Positive,2,No,High School,Moderate,Male,65,0.5051333822819205,-0.004710146673327003,1,1
97,Low,Medium,Yes,6,No,1,Medium,Medium,Negative,2,No,High School,Near,Male,65,-1.3312695773387537,0.27310439729091407,1,1
87,High,Medium,No,8,Yes,0,High,High,Neutral,2,No,High School,Near,Female,67,-0.1626495121255974,-1.7410510464498339,1,0
61,High,Medium,Yes,7,Yes,2,Low,Medium,Negative,3,No,High School,Near,Female,63,-0.6634866829312358,0.4814653052640949,1,1
68,High,Medium,No,9,Yes,1,Low,High,Positive,3,No,High School,Near,Female,62,-2.165998195348151,-0.07416378266438728,1,1
87,High,Medium,Yes,9,Yes,2,Medium,High,Neutral,4,No,High School,Moderate,Male,73,1.6737534474950768,-0.9770610505481708,0,2
91,High,High,Yes,7,Yes,2,Medium,Medium,Neutral,3,No,High School,Moderate,Male,72,0.6720791058837999,-1.6715974104587736,1,2
94,Low,Medium,No,8,Yes,5,Low,Low,Neutral,6,No,High School,Near,Female,71,0.5051333822819205,-1.1854219585213517,1,2
72,Medium,Medium,No,9,Yes,3,Low,Medium,Neutral,4,No,High School,Near,Male,67,0.17124193507816154,0.3425580332819744,1,2
97,Medium,Low,Yes,7,Yes,0,Low,Medium,Neutral,2,No,College,Moderate,Male,66,-1.3312695773387537,0.5509189412551552,1,1
82,Medium,High,Yes,10,Yes,1,Medium,Medium,Positive,2,No,High School,Moderate,Male,68,-0.4965409593293564,0.4814653052640949,0,2
88,High,High,Yes,9,Yes,0,Low,Medium,Negative,4,No,Postgraduate,Near,Male,70,0.8390248294856795,-1.1854219585213517,1,0
84,Medium,Medium,Yes,6,No,2,Low,Medium,Neutral,2,No,Postgraduate,Far,Male,66,-0.9973781301349948,1.4538162091389386,0,1
65,Low,High,No,7,Yes,0,Low,Medium,Negative,2,No,College,Far,Male,56,-2.49988964255191,-0.2825246906375681,0,1
99,Medium,High,Yes,8,No,1,Low,High,Positive,3,No,High School,Far,Female,71,-0.1626495121255974,0.8981871212104565,1,2
65,Low,High,No,10,Yes,2,Medium,High,Positive,3,No,Postgraduate,Moderate,Female,64,-0.1626495121255974,-1.1854219585213517,0,1
70,Medium,Medium,No,8,Yes,2,Medium,Medium,Positive,3,No,Postgraduate,Far,Male,65,0.17124193507816154,-0.07416378266438728,1,0
93,Medium,Medium,Yes,7,Yes,2,Low,Medium,Neutral,1,Yes,High School,Near,Male,70,0.6720791058837999,0.06474348931773327,1,2
85,High,Low,Yes,9,Yes,1,Low,Medium,Positive,2,No,Postgraduate,Moderate,Male,70,0.6720791058837999,0.9676407572015168,1,1
94,Low,High,Yes,7,Yes,2,Medium,High,Neutral,4,No,High School,Far,Male,71,0.338187658680041,0.4120116692730346,1,1
81,High,High,Yes,6,Yes,0,Low,Medium,Positive,5,No,High School,Far,Female,70,1.1729162766894383,-0.3519783266286284,1,1
75,Low,High,No,8,Yes,3,Low,Medium,Neutral,3,Yes,College,Moderate,Female,62,-1.4982153009406332,-0.76870014257499,1,1
97,Medium,Medium,Yes,6,Yes,1,Low,Medium,Positive,3,No,High School,Near,Female,72,0.5051333822819205,1.6621771171121196,0,0
61,Medium,Medium,No,10,Yes,0,Low,Medium,Positive,3,No,High School,Near,Female,62,0.6720791058837999,-0.76870014257499,0,0
94,Low,Medium,Yes,7,Yes,2,Low,High,Neutral,4,No,College,Near,Male,67,-1.1643238537368743,-1.3243292305034722,1,2
69,Low,Medium,Yes,8,Yes,0,Low,Medium,Negative,2,No,College,Moderate,Male,58,-1.4982153009406332,-0.6992465065839297,1,0
94,Low,Medium,Yes,6,Yes,3,Medium,High,Negative,4,No,College,Near,Female,69,-0.6634866829312358,-0.6297928705928695,1,1
66,Medium,Low,No,9,Yes,0,Low,High,Positive,4,Yes,College,Near,Female,60,-0.6634866829312358,-1.3243292305034722,0,1
83,High,High,Yes,7,Yes,2,Low,Medium,Negative,4,No,College,Near,Male,72,0.8390248294856795,0.6898262132372758,1,2
96,Medium,Medium,No,7,Yes,0,Low,Low,Negative,3,No,High School,Moderate,Male,66,-0.6634866829312358,0.4120116692730346,1,1
79,Medium,High,Yes,7,Yes,2,Low,Medium,Positive,3,No,College,Far,Female,66,-0.8304324065331153,-0.6297928705928695,1,1
90,Medium,High,Yes,5,Yes,1,High,Medium,Negative,4,No,High School,Moderate,Male,69,-0.6634866829312358,1.7316307531031798,0,0
92,Low,Medium,Yes,7,Yes,2,Low,Medium,Positive,4,Yes,College,Moderate,Female,70,1.1729162766894383,0.5509189412551552,1,0
89,Low,Medium,Yes,8,Yes,2,Medium,High,Positive,1,No,Postgraduate,Near,Female,70,0.004296211476282077,0.6898262132372758,1,1
97,High,High,No,5,Yes,0,Medium,Low,Negative,3,No,College,Moderate,Male,70,-0.1626495121255974,0.20365076129985382,0,0
78,Low,High,Yes,9,Yes,2,Low,High,Negative,2,No,College,Near,Female,67,-0.1626495121255974,0.20365076129985382,1,1
67,High,Medium,Yes,7,Yes,2,Medium,Medium,Neutral,3,No,High School,Near,Female,67,1.339862000291318,-1.6715974104587736,1,1
62,Low,Low,No,7,Yes,0,Medium,Medium,Neutral,3,No,High School,Far,Female,59,-0.6634866829312358,0.9676407572015168,1,2
70,Medium,Medium,Yes,4,Yes,1,Medium,Medium,Positive,2,No,High School,Moderate,Male,67,1.339862000291318,1.4538162091389386,0,0
66,High,Medium,Yes,7,Yes,1,Low,Medium,Neutral,4,No,Postgraduate,Moderate,Male,65,0.17124193507816154,-1.3243292305034722,0,1
82,Medium,Medium,No,5,Yes,1,High,Medium,Negative,3,No,College,Near,Male,68,-0.1626495121255974,1.0370943931925771,1,1
67,High,High,Yes,6,Yes,1,Low,Medium,Positive,3,No,College,Near,Male,71,2.508482065504474,0.13419712530879355,1,0
62,Medium,Medium,No,5,Yes,2,Low,Medium,Neutral,3,No,College,Near,Male,61,-0.9973781301349948,-0.76870014257499,1,1
61,Medium,Medium,Yes,6,Yes,0,Medium,Medium,Negative,3,No,High School,Near,Male,63,-0.3295952357274769,1.4538162091389386,1,1
93,Medium,High,Yes,7,Yes,1,Low,High,Neutral,3,No,High School,Near,Female,67,-1.1643238537368743,-1.6715974104587736,0,0
84,High,Medium,No,7,No,1,Medium,High,Neutral,4,No,College,Near,Male,69,1.005970553087559,-0.76870014257499,1,1
74,Medium,High,No,8,Yes,0,Medium,Medium,Positive,3,No,High School,Near,Male,70,1.6737534474950768,1.3149089371568181,1,0
96,Medium,Low,Yes,4,No,0,Low,Low,Negative,3,No,High School,Moderate,Male,69,1.6737534474950768,-0.07416378266438728,1,2
63,High,Medium,Yes,7,Yes,1,Low,High,Neutral,4,No,High School,Far,Female,66,1.1729162766894383,0.3425580332819744,1,1
99,Medium,Low,Yes,7,Yes,1,Medium,Medium,Positive,4,No,High School,Moderate,Female,70,-0.1626495121255974,0.8287334852193963,1,0
85,Medium,Medium,Yes,6,Yes,2,Medium,High,Neutral,2,No,Postgraduate,Moderate,Male,67,-0.3295952357274769,-1.254875594512412,1,0
67,High,High,No,6,Yes,0,Low,High,Neutral,2,No,High School,Near,Female,61,-1.6651610245425126,-0.9770610505481708,0,1
87,Medium,High,Yes,9,Yes,2,Medium,Low,Neutral,2,No,Postgraduate,Moderate,Male,74,2.007644894698836,1.7316307531031798,0,1
91,Medium,High,Yes,10,Yes,1,Medium,High,Negative,3,No,College,Near,Male,70,0.5051333822819205,-0.9076074145571106,0,0
77,High,Medium,Yes,4,Yes,0,Medium,Medium,Positive,4,No,High School,Near,Female,66,-0.4965409593293564,0.13419712530879355,0,0
94,Medium,High,Yes,6,Yes,1,Low,High,Positive,1,No,High School,Near,Female,73,1.339862000291318,-0.6992465065839297,1,2
66,Medium,Medium,Yes,5,Yes,1,Medium,Medium,Negative,2,No,High School,Near,Male,62,-0.9973781301349948,1.2454553011657579,0,1
71,Medium,Low,Yes,7,Yes,2,Low,High,Neutral,2,No,High School,Moderate,Female,65,0.338187658680041,1.5927234811210593,1,0
64,High,Medium,No,9,Yes,0,Medium,High,Neutral,3,No,High School,Near,Female,62,-0.1626495121255974,-1.254875594512412,0,0
68,Low,Medium,Yes,8,No,1,Low,Low,Positive,4,No,Postgraduate,Moderate,Male,64,0.6720791058837999,0.3425580332819744,1,1
70,Medium,Medium,Yes,7,Yes,1,Low,Medium,Negative,2,No,High School,Far,Male,63,0.004296211476282077,1.1065480291836374,1,1
97,Medium,Medium,No,7,Yes,1,Medium,Medium,Positive,4,No,High School,Near,Male,69,-1.4982153009406332,1.1065480291836374,1,1
63,Medium,Medium,No,7,Yes,3,Low,High,Negative,5,Yes,Postgraduate,Near,Male,63,0.004296211476282077,-0.21307105464650783,1,0
77,Medium,Medium,Yes,8,Yes,1,Low,Medium,Neutral,4,No,College,Moderate,Male,67,1.005970553087559,-0.9770610505481708,1,1
81,Medium,Low,No,8,Yes,1,Medium,Medium,Neutral,2,No,High School,Near,Female,65,0.004296211476282077,-0.4214319626196886,0,1
96,Medium,High,No,8,Yes,0,Low,Medium,Neutral,1,No,High School,Near,Male,71,0.8390248294856795,0.8981871212104565,0,1
100,Medium,Medium,Yes,4,Yes,3,Low,Medium,Neutral,3,No,Postgraduate,Moderate,Female,71,-0.9973781301349948,1.7316307531031798,1,1
90,Medium,Medium,No,7,Yes,0,Medium,High,Positive,4,Yes,Postgraduate,Far,Male,69,0.004296211476282077,0.20365076129985382,1,2
99,Medium,High,Yes,7,Yes,2,Low,High,Neutral,3,No,Postgraduate,Moderate,Male,71,-0.6634866829312358,-1.0465146865392312,0,1
91,Low,Medium,Yes,8,Yes,1,Low,Medium,Neutral,5,No,High School,Near,Male,68,0.6720791058837999,-1.6021437744677132,1,1
99,Low,Medium,Yes,7,Yes,2,Low,Medium,Neutral,0,No,High School,Near,Male,70,0.004296211476282077,1.523269845129999,1,1
88,Medium,High,Yes,8,Yes,0,Low,High,Neutral,3,No,Postgraduate,Near,Male,71,0.6720791058837999,-0.07416378266438728,0,1
63,Medium,Medium,Yes,6,Yes,1,Medium,Medium,Positive,4,No,Postgraduate,Near,Female,68,1.1729162766894383,0.759279849228336,1,1
76,Low,High,No,8,Yes,1,High,Medium,Positive,4,No,High School,Near,Female,69,0.6720791058837999,0.5509189412551552,0,1
86,Medium,Medium,Yes,9,Yes,4,Medium,Low,Positive,2,No,College,Near,Male,71,0.338187658680041,1.3843625731478784,0,1
74,High,Medium,No,5,No,2,Low,High,Positive,3,No,College,Far,Female,63,-0.9973781301349948,-0.8381537785660502,0,0
71,Low,Medium,No,5,Yes,4,Medium,Medium,Positive,4,No,Postgraduate,Moderate,Male,66,0.004296211476282077,-0.21307105464650783,1,1
83,Medium,Medium,No,8,Yes,1,Low,Medium,Positive,3,No,College,Moderate,Male,67,-0.4965409593293564,1.4538162091389386,1,1
97,High,Low,Yes,7,Yes,3,High,Medium,Positive,3,No,High School,Far,Male,71,-0.3295952357274769,0.27310439729091407,0,1
61,Low,Low,No,9,Yes,0,Medium,Medium,Neutral,2,No,College,Near,Female,59,-0.3295952357274769,-1.4632365024855927,1,1
91,High,Medium,Yes,7,Yes,0,High,Medium,Neutral,2,No,High School,Near,Male,67,-0.9973781301349948,-1.0465146865392312,1,1
89,High,High,No,8,Yes,2,Medium,Medium,Positive,4,Yes,High School,Moderate,Male,66,-1.9990524717462717,-0.9076074145571106,1,1
99,Low,High,Yes,6,Yes,1,High,High,Positive,3,No,High School,Far,Female,72,-0.6634866829312358,1.7316307531031798,1,2
97,High,High,No,8,Yes,0,Low,High,Neutral,3,Yes,Postgraduate,Near,Female,70,0.17124193507816154,-0.9770610505481708,1,0
90,Medium,Medium,Yes,8,Yes,3,High,Medium,Neutral,3,No,High School,Near,Female,68,-1.3312695773387537,1.2454553011657579,1,0
81,Low,Medium,No,6,Yes,0,Low,Low,Positive,2,No,College,Moderate,Female,63,0.004296211476282077,-1.4632365024855927,1,0
68,Medium,Medium,No,9,Yes,3,High,High,Neutral,2,No,Postgraduate,Near,Female,69,1.8406991710969562,-1.1159683225302914,1,1
82,Low,Medium,No,4,Yes,0,Low,Low,Positive,3,No,High School,Near,Male,67,1.005970553087559,1.3149089371568181,0,0
91,Medium,High,Yes,7,Yes,1,Medium,High,Positive,3,No,College,Near,Female,75,1.6737534474950768,1.3843625731478784,1,0
96,Low,Low,Yes,5,Yes,0,Medium,High,Positive,2,No,High School,Far,Female,67,0.338187658680041,-1.1159683225302914,0,1
92,High,High,Yes,5,Yes,0,Medium,High,Positive,3,No,Postgraduate,Near,Male,74,1.1729162766894383,-0.9770610505481708,0,1
68,Medium,High,Yes,8,Yes,1,Medium,High,Positive,4,No,Postgraduate,Moderate,Male,66,-0.6634866829312358,0.13419712530879355,1,1
84,Medium,High,Yes,5,No,2,Low,Medium,Neutral,1,No,High School,Near,Male,65,-0.6634866829312358,-1.532690138476653,1,1
73,Low,Medium,Yes,5,Yes,1,Low,High,Negative,1,No,High School,Near,Male,60,-2.6668353661537894,1.523269845129999,1,2
60,Medium,High,No,8,Yes,1,Medium,Medium,Negative,4,Yes,High School,Far,Female,63,1.1729162766894383,-0.49088559861074893,0,2
68,Low,High,Yes,5,Yes,3,High,High,Neutral,2,Yes,Postgraduate,Near,Male,69,1.5068077238931974,-0.07416378266438728,1,0
65,High,High,No,9,Yes,1,Medium,Medium,Positive,2,No,High School,Near,Male,64,-0.4965409593293564,-1.3937828664945324,1,1
94,Low,Medium,Yes,8,Yes,1,Medium,Medium,Positive,4,No,College,Near,Female,68,-0.3295952357274769,-1.6021437744677132,0,1
70,Medium,Medium,No,6,Yes,2,Medium,Low,Positive,4,No,High School,Moderate,Male,63,-0.8304324065331153,-0.14361741865544755,1,0
71,Medium,Medium,Yes,8,Yes,0,Medium,High,Neutral,2,No,Postgraduate,Near,Male,65,0.338187658680041,-1.3243292305034722,1,0
98,Medium,High,No,4,Yes,0,High,Medium,Positive,3,No,High School,Near,Female,74,1.1729162766894383,0.4814653052640949,1,1
75,Medium,High,Yes,8,Yes,2,Low,Medium,Positive,2,No,Postgraduate,Moderate,Male,65,-1.6651610245425126,1.0370943931925771,1,1
60,Medium,Medium,Yes,5,Yes,0,Low,Medium,Negative,2,No,High School,Near,Female,61,0.338187658680041,-1.6021437744677132,1,1
71,Medium,High,Yes,6,Yes,1,Low,High,Positive,3,No,High School,Near,Male,66,-0.3295952357274769,0.4120116692730346,1,1
65,Medium,High,Yes,6,Yes,1,Medium,High,Positive,3,No,High School,Moderate,Male,67,0.17124193507816154,1.1065480291836374,1,2
64,High,Medium,Yes,9,Yes,0,Low,High,Positive,3,No,College,Near,Male,66,0.5051333822819205,-0.21307105464650783,1,1
63,High,Medium,No,6,Yes,4,High,Medium,Positive,2,No,Postgraduate,Near,Male,69,-0.1626495121255974,1.5927234811210593,0,2
84,Medium,Medium,Yes,7,Yes,2,Low,Medium,Neutral,3,No,High School,Moderate,Female,65,-0.1626495121255974,-1.3243292305034722,1,0
68,High,High,No,6,Yes,2,Medium,Medium,Neutral,3,No,High School,Far,Female,65,-0.1626495121255974,-0.6297928705928695,1,1
74,High,Medium,No,6,Yes,0,Low,Medium,Neutral,3,No,High School,Near,Female,66,1.005970553087559,-0.9076074145571106,0,1
94,Medium,High,No,5,Yes,2,Medium,High,Neutral,2,No,Postgraduate,Near,Male,73,0.5051333822819205,1.7316307531031798,1,0
77,Low,Medium,Yes,7,Yes,2,Low,High,Negative,2,No,High School,Moderate,Female,64,0.17124193507816154,-0.6992465065839297,1,1
97,Medium,Low,Yes,7,Yes,0,Low,High,Positive,5,No,High School,Near,Female,67,-1.3312695773387537,-0.4214319626196886,1,0
80,Medium,Low,Yes,8,Yes,0,Medium,High,Positive,1,No,College,Near,Male,67,-0.3295952357274769,1.1760016651746976,0,2
76,Medium,Low,Yes,7,Yes,3,Medium,Medium,Positive,4,Yes,High School,Near,Female,68,0.8390248294856795,1.4538162091389386,1,1
90,Medium,Low,Yes,7,Yes,2,High,High,Positive,3,No,College,Moderate,Male,71,0.004296211476282077,1.523269845129999,1,1
63,Medium,Medium,Yes,8,Yes,0,Low,High,Negative,3,No,High School,Near,Male,64,0.6720791058837999,0.20365076129985382,0,1
64,Medium,Medium,Yes,6,Yes,1,Medium,Medium,Positive,2,No,High School,Moderate,Female,67,1.8406991710969562,0.5509189412551552,1,1
86,Medium,Low,No,5,Yes,2,Low,High,Positive,1,No,High School,Moderate,Female,68,1.005970553087559,-0.5603392346018092,0,1
79,Low,Medium,Yes,8,Yes,1,Low,High,Negative,3,No,College,Near,Male,67,0.17124193507816154,0.3425580332819744,0,2
92,Low,Medium,Yes,6,Yes,3,Medium,High,Positive,2,No,College,Near,Male,70,-0.4965409593293564,-0.6992465065839297,1,2
97,Medium,Low,Yes,7,Yes,2,Medium,Medium,Neutral,3,Yes,High School,Far,Female,64,-2.49988964255191,0.8287334852193963,0,1
76,Medium,Medium,Yes,6,Yes,0,Low,Medium,Neutral,4,Yes,High School,Near,Female,63,-0.1626495121255974,-0.6992465065839297,1,1
84,High,High,No,6,Yes,3,High,Medium,Neutral,4,No,High School,Near,Male,71,-0.3295952357274769,1.3149089371568181,1,1
80,Low,Low,No,4,Yes,1,Low,Medium,Neutral,3,No,Postgraduate,Moderate,Male,64,0.338187658680041,-1.254875594512412,1,0
99,Low,Low,No,8,Yes,3,Medium,Medium,Positive,4,No,High School,Near,Male,70,-0.1626495121255974,0.27310439729091407,0,2
93,Medium,High,No,4,Yes,3,Low,Medium,Negative,3,No,College,Near,Female,70,-0.3295952357274769,0.06474348931773327,1,2
96,Medium,High,Yes,9,Yes,1,High,Medium,Neutral,1,No,High School,Near,Male,67,-1.8321067481443922,-0.8381537785660502,0,1
70,Medium,Medium,Yes,9,Yes,1,Low,High,Negative,4,No,College,Near,Male,62,-0.9973781301349948,-1.6715974104587736,1,0
91,Medium,Medium,No,6,Yes,2,Low,High,Positive,2,No,High School,Near,Male,69,0.5051333822819205,-1.254875594512412,0,0
71,Low,High,No,9,Yes,2,High,Medium,Positive,1,No,High School,Moderate,Female,69,1.6737534474950768,1.5927234811210593,1,0
68,Low,High,No,10,No,0,Low,Medium,Positive,3,No,College,Far,Female,62,-0.1626495121255974,1.523269845129999,1,0
98,Low,Medium,No,7,Yes,1,High,Medium,Neutral,1,No,College,Near,Female,70,0.338187658680041,-1.3243292305034722,0,2
61,Medium,Medium,Yes,8,Yes,2,Medium,High,Positive,3,No,High School,Near,Male,66,1.005970553087559,-0.4214319626196886,1,2
99,High,Medium,No,7,Yes,1,Low,Medium,Positive,3,No,High School,Near,Male,69,-0.8304324065331153,-0.14361741865544755,1,0
66,Medium,Low,Yes,9,Yes,3,Low,High,Negative,3,No,Postgraduate,Near,Female,65,0.338187658680041,-0.07416378266438728,1,1
93,Low,High,Yes,5,Yes,0,Medium,Medium,Negative,3,No,High School,Near,Female,66,-0.6634866829312358,-0.6992465065839297,1,0
71,High,Medium,Yes,7,Yes,2,Low,Medium,Positive,3,No,High School,Near,Female,69,0.8390248294856795,1.4538162091389386,1,0
74,High,Medium,Yes,8,Yes,1,Medium,Medium,Positive,5,Yes,High School,Far,Female,66,0.17124193507816154,1.3843625731478784,0,0
69,Low,High,Yes,8,Yes,1,Low,High,Positive,3,No,High School,Near,Female,65,0.338187658680041,-1.6715974104587736,1,1
83,Medium,Low,Yes,7,Yes,1,High,Medium,Neutral,2,No,Postgraduate,Near,Female,66,-0.8304324065331153,0.5509189412551552,1,0
74,Low,Low,Yes,9,Yes,1,Low,Medium,Neutral,3,No,High School,Near,Female,63,0.6720791058837999,-1.4632365024855927,1,1
86,Low,Medium,Yes,7,Yes,0,Low,High,Neutral,3,No,Postgraduate,Near,Female,72,2.1745906183007153,0.3425580332819744,1,1
61,Medium,Medium,Yes,7,Yes,3,Medium,High,Negative,2,No,High School,Moderate,Male,62,-0.9973781301349948,1.2454553011657579,1,0
63,High,High,No,8,Yes,1,High,Medium,Negative,1,No,High School,Near,Male,64,-0.3295952357274769,0.4814653052640949,0,1
64,Medium,Low,No,7,Yes,2,Low,Medium,Negative,2,Yes,College,Far,Female,61,0.17124193507816154,-0.14361741865544755,1,2
77,High,Medium,Yes,7,Yes,0,High,Medium,Positive,2,No,High School,Near,Male,70,0.8390248294856795,1.5927234811210593,1,0
93,Medium,Medium,No,6,Yes,1,Low,High,Negative,2,No,High School,Moderate,Female,67,-0.4965409593293564,0.8287334852193963,0,1
96,High,High,Yes,10,Yes,3,Low,Medium,Neutral,4,No,High School,Far,Male,66,-2.8337810897556692,-0.9076074145571106,0,1
70,Medium,Medium,Yes,6,Yes,2,Low,Low,Positive,4,Yes,High School,Near,Male,66,1.339862000291318,-0.4214319626196886,1,1
83,Low,Medium,Yes,8,Yes,1,Medium,High,Neutral,3,Yes,College,Near,Male,68,0.8390248294856795,0.8981871212104565,1,0
91,High,High,Yes,10,Yes,0,Low,Medium,Positive,3,No,Postgraduate,Moderate,Male,67,-1.6651610245425126,-1.6715974104587736,1,1
72,Medium,High,No,5,Yes,1,High,High,Positive,3,No,College,Near,Male,65,-0.6634866829312358,-1.532690138476653,1,1
76,Medium,High,Yes,8,No,0,Medium,High,Positive,4,No,College,Moderate,Male,70,1.5068077238931974,1.2454553011657579,1,0
81,Medium,Medium,Yes,7,No,1,High,Medium,Neutral,4,No,College,Near,Female,69,1.5068077238931974,-1.6021437744677132,1,1
65,Medium,Medium,Yes,10,Yes,1,Low,High,Positive,4,No,Postgraduate,Near,Male,68,1.005970553087559,0.6203725772462154,1,1
61,Medium,Medium,No,6,Yes,0,High,Medium,Neutral,1,No,High School,Near,Male,61,-0.1626495121255974,-0.6297928705928695,1,1
66,Medium,High,Yes,6,Yes,0,Medium,High,Negative,5,No,High School,Far,Male,65,0.004296211476282077,1.1065480291836374,1,0
85,High,High,No,7,Yes,3,Medium,Medium,Neutral,2,No,College,Near,Female,71,-0.1626495121255974,1.1760016651746976,1,1
63,Medium,High,No,6,Yes,0,Medium,Medium,Negative,3,No,High School,Near,Female,66,1.1729162766894383,1.5927234811210593,0,0
68,Medium,High,No,6,No,0,High,Medium,Positive,3,No,High School,Near,Female,62,-0.8304324065331153,-1.3937828664945324,0,1
74,Low,Low,No,10,Yes,0,Low,High,Negative,2,No,Postgraduate,Near,Male,61,-0.8304324065331153,-0.2825246906375681,1,1
63,High,High,Yes,7,Yes,1,Low,High,Negative,2,No,High School,Near,Male,67,1.005970553087559,0.27310439729091407,1,1
68,Medium,High,Yes,6,Yes,0,Low,High,Neutral,3,No,High School,Near,Female,66,0.004296211476282077,1.4538162091389386,1,1
96,Low,High,No,6,No,1,High,Medium,Positive,2,No,High School,Moderate,Female,71,1.339862000291318,-0.8381537785660502,1,2
61,Medium,High,Yes,8,Yes,0,Low,High,Positive,3,No,College,Moderate,Male,62,-0.6634866829312358,-1.4632365024855927,0,2
86,Medium,Medium,Yes,8,Yes,1,High,Medium,Neutral,3,Yes,Postgraduate,Near,Male,67,0.004296211476282077,-1.0465146865392312,1,0
75,Medium,Medium,Yes,6,Yes,0,Low,High,Neutral,2,No,High School,Near,Male,64,-0.9973781301349948,-0.004710146673327003,1,1
87,Medium,Low,No,5,Yes,2,Medium,Medium,Neutral,3,No,High School,Near,Male,68,0.004296211476282077,0.6203725772462154,0,1
84,Medium,Medium,Yes,7,Yes,3,Medium,Medium,Neutral,4,No,College,Moderate,Female,67,-1.4982153009406332,0.6898262132372758,1,2
69,Medium,Medium,Yes,7,Yes,1,High,Low,Neutral,2,No,High School,Near,Male,63,-0.4965409593293564,-1.4632365024855927,1,2
94,High,High,No,6,Yes,2,Medium,Medium,Positive,4,No,High School,Near,Male,70,-1.4982153009406332,0.8981871212104565,1,1
80,Low,High,Yes,9,Yes,1,Low,Low,Negative,1,No,High School,Near,Male,67,0.6720791058837999,0.5509189412551552,1,1
93,Medium,High,Yes,8,Yes,1,Medium,High,Neutral,3,No,High School,Moderate,Female,71,0.6720791058837999,-0.3519783266286284,0,0
76,Medium,Low,Yes,7,Yes,3,Medium,Medium,Neutral,4,No,High School,Far,Female,62,-1.6651610245425126,0.27310439729091407,0,0
99,Medium,Medium,Yes,6,Yes,3,Low,Medium,Positive,4,No,High School,Near,Female,75,1.339862000291318,0.8981871212104565,1,1
91,Low,Medium,Yes,10,Yes,1,Medium,Medium,Neutral,5,No,High School,Near,Male,72,2.508482065504474,-0.8381537785660502,1,0
99,Medium,Low,Yes,5,Yes,4,High,Medium,Neutral,3,No,College,Near,Female,73,0.004296211476282077,1.523269845129999,1,0
81,Low,Medium,No,6,Yes,3,Low,Low,Positive,3,No,High School,Near,Male,64,-0.6634866829312358,-1.254875594512412,0,2
79,Medium,High,No,6,Yes,1,High,Medium,Negative,1,No,High School,Near,Male,73,2.842373512708233,1.3843625731478784,1,2
90,Medium,Low,Yes,7,Yes,2,Low,High,Neutral,2,No,Postgraduate,Far,Male,66,-1.3312695773387537,0.8287334852193963,1,0
95,Low,Low,No,8,Yes,1,Medium,Medium,Positive,3,No,High School,Near,Female,69,0.004296211476282077,0.5509189412551552,0,2
99,Medium,Medium,Yes,5,Yes,1,Low,Medium,Neutral,4,No,College,Moderate,Male,70,0.17124193507816154,-1.4632365024855927,1,2
73,Medium,High,Yes,6,Yes,1,Medium,Medium,Negative,0,No,Postgraduate,Near,Female,70,1.339862000291318,1.4538162091389386,1,1
92,High,High,No,8,Yes,0,Medium,High,Positive,2,No,High School,Moderate,Male,71,0.338187658680041,-0.6992465065839297,0,1
68,Low,High,Yes,6,Yes,0,Low,Medium,Positive,4,Yes,College,Near,Male,64,-0.4965409593293564,0.8287334852193963,0,2
82,Medium,High,No,6,Yes,7,Medium,High,Negative,4,No,Postgraduate,Near,Male,71,-0.9973781301349948,1.3149089371568181,0,0
67,High,Medium,Yes,7,Yes,1,Low,Low,Positive,2,No,High School,Far,Male,63,-0.3295952357274769,-0.9076074145571106,0,2
74,High,High,Yes,6,Yes,2,Low,High,Neutral,4,No,College,Near,Male,68,-0.9973781301349948,1.4538162091389386,1,0
97,Medium,Medium,No,7,Yes,3,Medium,High,Neutral,3,Yes,College,Near,Male,71,0.004296211476282077,0.4120116692730346,1,1
66,Medium,Medium,Yes,8,Yes,4,Medium,High,Negative,5,No,High School,Moderate,Male,65,-0.4965409593293564,0.5509189412551552,0,1
85,High,Medium,Yes,7,No,1,Low,Medium,Neutral,3,No,High School,Near,Male,66,-1.4982153009406332,1.4538162091389386,1,1
84,High,High,Yes,9,Yes,0,High,Medium,Negative,3,No,High School,Near,Male,72,1.339862000291318,0.06474348931773327,0,2
65,High,High,Yes,8,Yes,1,Low,Medium,Positive,4,No,College,Moderate,Male,65,-0.4965409593293564,-0.21307105464650783,1,0
73,Low,Medium,No,7,No,1,Low,Medium,Positive,3,No,High School,Far,Male,60,-1.3312695773387537,0.4814653052640949,1,1
83,Low,Medium,No,7,No,2,Low,High,Positive,4,No,Postgraduate,Moderate,Male,67,-0.1626495121255974,0.20365076129985382,1,2
67,Medium,High,No,10,Yes,1,Low,Medium,Positive,2,No,Postgraduate,Near,Male,65,0.004296211476282077,-1.532690138476653,0,2
92,High,Low,Yes,6,Yes,0,Low,Medium,Negative,2,No,High School,Moderate,Female,64,-1.6651610245425126,-1.1159683225302914,1,2
99,High,High,Yes,7,Yes,2,High,High,Negative,4,Yes,High School,Moderate,Male,72,0.338187658680041,-1.6715974104587736,1,1
69,High,Medium,No,6,Yes,3,Low,Low,Positive,2,No,High School,Moderate,Male,62,-0.9973781301349948,-1.3937828664945324,0,1
67,Medium,Medium,Yes,8,Yes,0,Low,Medium,Neutral,4,No,High School,Moderate,Female,67,1.6737534474950768,0.759279849228336,1,1
78,Medium,Medium,Yes,10,Yes,1,Medium,Medium,Positive,3,Yes,Postgraduate,Near,Female,67,0.5051333822819205,-1.7410510464498339,0,1
90,Medium,Medium,No,7,Yes,4,Medium,Medium,Positive,3,No,College,Near,Female,69,-0.3295952357274769,-0.6992465065839297,1,0
71,High,High,Yes,7,Yes,1,Medium,Low,Neutral,4,No,College,Moderate,Female,65,-0.6634866829312358,-0.21307105464650783,0,0
61,Medium,High,No,7,Yes,0,Medium,High,Negative,3,Yes,College,Far,Male,62,-0.1626495121255974,1.523269845129999,1,0
82,High,Medium,Yes,5,Yes,0,Medium,Medium,Neutral,3,No,Postgraduate,Near,Male,69,0.6720791058837999,-0.6297928705928695,0,1
98,Medium,High,No,7,Yes,1,High,Medium,Positive,3,No,College,Far,Female,72,0.004296211476282077,0.9676407572015168,1,1
76,Low,High,Yes,10,Yes,1,Low,Medium,Negative,3,No,College,Far,Female,63,-0.1626495121255974,-0.3519783266286284,1,0
77,High,Medium,No,8,Yes,1,Medium,Medium,Negative,3,No,College,Far,Female,64,0.004296211476282077,-1.3937828664945324,1,0
99,Low,Medium,Yes,9,Yes,1,High,Medium,Neutral,3,Yes,College,Far,Female,67,-0.6634866829312358,-1.3937828664945324,1,1
88,Medium,Medium,No,9,Yes,2,High,High,Neutral,4,No,Postgraduate,Moderate,Male,70,-0.3295952357274769,-0.21307105464650783,1,2
89,High,Low,Yes,6,Yes,3,Low,High,Neutral,2,No,High School,Moderate,Male,64,-2.165998195348151,-1.532690138476653,0,1
83,Medium,Medium,No,10,Yes,1,High,Medium,Neutral,2,No,High School,Moderate,Female,69,1.005970553087559,0.27310439729091407,1,1
99,High,High,No,4,Yes,2,Medium,Medium,Negative,4,No,High School,Near,Female,72,0.338187658680041,-0.004710146673327003,0,0
88,Medium,Medium,Yes,7,Yes,4,Medium,Medium,Negative,2,No,Postgraduate,Near,Female,69,-0.8304324065331153,0.6898262132372758,0,1
96,High,Medium,Yes,4,Yes,3,Low,Medium,Neutral,5,No,High School,Near,Female,75,1.8406991710969562,-1.1159683225302914,0,1
88,Low,Medium,No,4,Yes,1,Medium,Medium,Positive,2,Yes,Postgraduate,Near,Male,67,0.17124193507816154,0.3425580332819744,1,0
89,Medium,Medium,Yes,8,Yes,1,Low,Medium,Neutral,3,No,College,Near,Male,67,-0.9973781301349948,-1.1159683225302914,0,2
72,Medium,Medium,No,6,Yes,0,Medium,Medium,Neutral,2,No,High School,Far,Female,66,0.8390248294856795,0.759279849228336,1,2
72,Medium,Low,Yes,9,Yes,0,Medium,Medium,Neutral,3,No,High School,Moderate,Male,64,0.338187658680041,-0.6992465065839297,1,2
91,Medium,Low,No,4,Yes,2,Low,High,Negative,3,No,High School,Near,Male,68,0.338187658680041,0.4120116692730346,0,1
72,High,Medium,Yes,7,Yes,1,Low,Medium,Neutral,5,No,High School,Moderate,Male,66,-0.4965409593293564,1.3149089371568181,1,2
83,High,Medium,No,5,Yes,3,Low,Medium,Negative,2,No,Postgraduate,Near,Male,69,0.5051333822819205,-0.07416378266438728,1,1
70,High,Low,Yes,7,Yes,1,Medium,High,Positive,3,No,College,Near,Male,65,-0.3295952357274769,-1.0465146865392312,1,1
93,Medium,Low,Yes,9,Yes,2,Medium,Low,Negative,3,No,High School,Moderate,Female,70,0.5051333822819205,1.3149089371568181,0,2
64,Medium,Low,Yes,10,Yes,0,Medium,Medium,Negative,3,No,High School,Near,Male,57,-1.8321067481443922,-0.49088559861074893,0,0
93,Medium,Medium,No,8,Yes,2,High,High,Negative,3,No,College,Moderate,Male,69,-0.4965409593293564,0.8287334852193963,0,0
84,High,Low,Yes,5,Yes,0,Medium,Low,Positive,2,No,Postgraduate,Near,Female,70,1.6737534474950768,-0.6297928705928695,1,0
67,Low,Medium,Yes,5,Yes,4,Medium,Medium,Negative,2,No,College,Near,Male,63,-0.8304324065331153,-0.6992465065839297,0,1
82,Medium,Medium,No,7,Yes,1,Medium,Low,Neutral,3,No,Postgraduate,Moderate,Female,66,-0.6634866829312358,0.4814653052640949,1,1
71,Medium,Medium,Yes,6,Yes,3,Medium,Medium,Positive,3,Yes,High School,Near,Male,64,-0.4965409593293564,-1.1854219585213517,0,1
73,Medium,High,No,8,Yes,0,High,High,Neutral,3,No,Postgraduate,Near,Female,65,-1.1643238537368743,1.2454553011657579,1,1
74,High,Medium,No,10,Yes,1,High,Medium,Positive,4,No,High School,Near,Male,64,-2.165998195348151,-0.4214319626196886,1,2
63,Medium,Low,Yes,6,Yes,2,Medium,Medium,Neutral,4,No,High School,Near,Male,62,-0.1626495121255974,-1.6715974104587736,1,2
99,High,Medium,Yes,6,Yes,1,Medium,Medium,Positive,2,No,College,Far,Female,71,0.17124193507816154,-0.6992465065839297,0,0
61,Medium,High,No,5,Yes,1,Medium,Medium,Neutral,2,No,Postgraduate,Far,Female,64,0.004296211476282077,0.9676407572015168,1,1
86,High,High,Yes,7,Yes,1,Medium,High,Neutral,2,No,High School,Near,Male,72,-0.1626495121255974,1.2454553011657579,1,2
75,Medium,Medium,No,7,Yes,0,Low,Medium,Negative,2,No,College,Near,Female,64,0.004296211476282077,0.20365076129985382,1,1
86,Medium,Low,Yes,7,Yes,2,High,High,Neutral,4,No,Postgraduate,Moderate,Male,71,1.005970553087559,-0.6992465065839297,0,1
74,Medium,Medium,Yes,8,Yes,5,Medium,High,Neutral,4,Yes,College,Near,Female,68,-0.1626495121255974,0.06474348931773327,1,2
87,Medium,Medium,Yes,8,No,3,High,Low,Negative,2,No,College,Near,Male,68,-0.4965409593293564,1.1760016651746976,1,1
89,Medium,Medium,No,7,Yes,2,Medium,Medium,Positive,3,No,College,Moderate,Male,68,-0.3295952357274769,-0.6297928705928695,1,1
88,Medium,Medium,No,7,Yes,3,Low,High,Negative,3,No,High School,Near,Male,69,0.5051333822819205,-0.4214319626196886,1,1
65,Low,Medium,Yes,7,Yes,1,Low,High,Positive,3,No,College,Near,Male,67,1.339862000291318,0.13419712530879355,1,2
86,Medium,Low,No,7,Yes,0,Low,Medium,Positive,4,No,High School,Near,Male,66,-0.6634866829312358,1.3149089371568181,0,0
71,Medium,Medium,Yes,6,Yes,1,Low,Medium,Neutral,4,No,Postgraduate,Far,Male,65,0.17124193507816154,0.27310439729091407,0,1
61,Medium,High,No,5,Yes,0,High,Low,Neutral,2,No,High School,Moderate,Male,63,0.338187658680041,-1.0465146865392312,0,2
77,High,Low,No,7,Yes,1,Medium,High,Negative,2,No,High School,Moderate,Male,62,-0.9973781301349948,-1.4632365024855927,1,1
77,High,High,No,6,Yes,1,High,Low,Neutral,1,No,College,Near,Male,67,0.004296211476282077,-1.3937828664945324,0,1
79,Medium,Medium,Yes,8,Yes,2,Low,Medium,Neutral,4,No,High School,Near,Female,65,-1.4982153009406332,1.5927234811210593,1,1
88,Medium,Medium,Yes,7,Yes,1,Low,Medium,Negative,3,No,College,Near,Female,66,-1.8321067481443922,1.1065480291836374,1,1
72,Low,High,No,7,No,2,Medium,Medium,Positive,4,No,High School,Near,Female,66,0.338187658680041,0.8981871212104565,1,1
73,Medium,Medium,Yes,8,Yes,0,High,Medium,Neutral,1,Yes,College,Near,Female,64,-0.3295952357274769,-0.004710146673327003,1,1
62,High,Medium,Yes,5,Yes,5,Low,Medium,Positive,4,No,High School,Near,Female,67,0.17124193507816154,0.6203725772462154,1,1
87,Medium,Medium,No,10,Yes,2,Medium,Medium,Neutral,2,No,College,Moderate,Female,67,0.004296211476282077,-1.3243292305034722,1,1
83,Low,Low,No,4,Yes,1,Low,Medium,Negative,4,Yes,High School,Moderate,Male,61,-0.9973781301349948,0.4120116692730346,1,0
74,Medium,Medium,Yes,9,Yes,1,Low,Medium,Neutral,5,No,High School,Near,Male,66,0.004296211476282077,1.1065480291836374,1,1
88,High,Medium,Yes,7,Yes,2,Medium,Medium,Negative,4,No,College,Moderate,Male,66,-1.1643238537368743,-1.532690138476653,0,1
81,Medium,Low,Yes,6,Yes,1,Low,Medium,Positive,2,No,High School,Moderate,Male,67,1.339862000291318,-0.6992465065839297,1,1
79,High,Medium,No,5,Yes,1,Low,Low,Positive,5,No,High School,Near,Female,64,-1.3312695773387537,-1.3243292305034722,1,2
80,High,Low,No,6,Yes,1,Low,Medium,Neutral,3,No,High School,Near,Male,64,-0.1626495121255974,-0.8381537785660502,1,0
85,Low,Medium,No,7,Yes,2,Medium,High,Positive,2,No,College,Moderate,Male,67,-0.9973781301349948,0.9676407572015168,1,1
86,Low,High,No,7,Yes,2,Medium,High,Neutral,3,Yes,College,Near,Female,68,0.5051333822819205,-0.5603392346018092,0,0
72,Medium,Low,No,9,Yes,2,Medium,Medium,Neutral,4,No,High School,Near,Male,64,-0.3295952357274769,0.6203725772462154,1,1
66,Medium,Medium,Yes,7,Yes,0,Medium,Medium,Negative,3,No,College,Near,Male,63,-0.4965409593293564,0.9676407572015168,0,1
66,Medium,High,Yes,7,Yes,2,Low,High,Neutral,3,No,College,Near,Male,68,0.8390248294856795,1.1065480291836374,1,1
86,Low,Low,No,8,Yes,2,Low,Medium,Negative,2,No,High School,Far,Female,64,0.004296211476282077,1.3149089371568181,0,0
95,Low,Medium,Yes,7,Yes,2,Low,Medium,Neutral,4,No,High School,Moderate,Female,70,0.5051333822819205,0.3425580332819744,1,2
76,Low,Medium,No,7,Yes,3,Medium,Medium,Positive,3,No,College,Near,Male,64,-0.9973781301349948,-0.76870014257499,0,1
67,High,Medium,No,7,Yes,0,High,Medium,Neutral,2,Yes,High School,Far,Male,59,-1.3312695773387537,-1.1854219585213517,1,1
90,High,Medium,Yes,8,Yes,4,Low,High,Neutral,2,No,High School,Moderate,Male,71,0.17124193507816154,-0.004710146673327003,1,1
93,Low,Medium,Yes,6,Yes,3,Low,Medium,Negative,5,No,High School,Moderate,Male,67,-0.3295952357274769,-1.3937828664945324,1,1
95,Medium,Low,Yes,6,Yes,3,Low,Medium,Neutral,3,No,Postgraduate,Near,Female,73,0.6720791058837999,1.4538162091389386,0,2
84,Low,Low,No,8,Yes,3,High,Medium,Neutral,3,No,High School,Near,Male,66,0.004296211476282077,-0.21307105464650783,1,1
94,High,High,No,5,Yes,2,Low,High,Neutral,2,No,College,Near,Male,73,0.17124193507816154,1.3149089371568181,0,1
61,High,Medium,Yes,7,Yes,1,Medium,Medium,Neutral,4,No,High School,Near,Female,62,-1.6651610245425126,0.6898262132372758,1,2
64,Medium,High,No,6,Yes,1,Low,High,Neutral,3,No,High School,Near,Female,69,1.8406991710969562,1.2454553011657579,1,1
64,Medium,High,No,8,Yes,3,Medium,High,Neutral,3,Yes,Postgraduate,Near,Female,66,-0.1626495121255974,1.3149089371568181,0,1
89,Medium,Low,Yes,9,Yes,1,Low,High,Neutral,3,No,High School,Near,Male,68,0.6720791058837999,-1.532690138476653,0,1
63,Medium,Medium,Yes,6,Yes,4,High,Medium,Positive,5,No,High School,Near,Male,65,-0.8304324065331153,0.759279849228336,1,0
80,Medium,Medium,Yes,8,Yes,1,Low,Medium,Positive,2,No,College,Moderate,Male,67,0.338187658680041,-0.9770610505481708,1,2
79,Medium,Medium,Yes,7,Yes,2,Medium,Medium,Negative,2,Yes,High School,Near,Female,64,-1.3312695773387537,1.6621771171121196,1,0
72,High,High,Yes,6,No,0,Medium,High,Negative,3,No,High School,Moderate,Male,67,0.5051333822819205,0.9676407572015168,0,1
95,Low,Low,Yes,7,Yes,3,Medium,Medium,Neutral,3,No,High School,Moderate,Female,66,-0.3295952357274769,-1.7410510464498339,0,0
67,High,Medium,No,9,Yes,1,High,High,Positive,3,No,High School,Near,Female,68,0.004296211476282077,1.4538162091389386,1,2
74,Medium,Medium,Yes,7,Yes,3,Medium,High,Neutral,2,No,College,Near,Male,68,0.6720791058837999,-0.6992465065839297,1,0
91,Medium,Low,Yes,9,Yes,1,Low,Medium,Positive,2,No,College,Far,Male,64,-1.1643238537368743,-0.2825246906375681,1,0
61,High,Medium,Yes,7,Yes,2,Medium,Medium,Neutral,1,No,High School,Near,Female,63,-0.6634866829312358,0.4120116692730346,1,0
87,High,Medium,No,5,Yes,2,Medium,Medium,Positive,3,No,College,Moderate,Female,72,0.5051333822819205,1.4538162091389386,1,1
93,High,Medium,No,7,Yes,1,Low,High,Positive,1,No,Postgraduate,Moderate,Female,75,2.1745906183007153,1.4538162091389386,1,1
97,High,Medium,No,5,Yes,2,Low,Medium,Positive,3,No,High School,Near,Male,71,-0.1626495121255974,0.20365076129985382,1,0
95,High,Medium,No,7,Yes,2,High,High,Negative,3,No,High School,Near,Male,71,0.6720791058837999,-0.6297928705928695,1,0
73,Medium,Medium,Yes,6,Yes,4,Medium,Medium,Positive,5,Yes,College,Near,Female,66,-0.1626495121255974,-0.76870014257499,1,0
83,High,Medium,Yes,10,No,3,Low,Medium,Positive,4,No,High School,Moderate,Female,71,2.007644894698836,-0.49088559861074893,0,1
63,High,Medium,No,9,Yes,0,Medium,High,Positive,5,No,Postgraduate,Moderate,Male,61,-1.6651610245425126,-1.1159683225302914,1,0
70,Medium,Medium,Yes,7,Yes,1,Medium,Medium,Neutral,3,No,High School,Far,Male,65,0.17124193507816154,0.5509189412551552,1,1
64,Medium,Low,No,9,Yes,1,Low,Medium,Positive,1,No,High School,Near,Female,58,-1.6651610245425126,0.06474348931773327,0,0
73,High,Low,Yes,6,Yes,1,Medium,Medium,Neutral,2,No,High School,Near,Male,62,-2.49988964255191,0.9676407572015168,1,2
95,High,Low,No,5,Yes,2,High,High,Neutral,0,Yes,College,Near,Female,69,0.338187658680041,-1.3937828664945324,1,1
74,Medium,Low,Yes,8,Yes,1,Medium,Medium,Neutral,3,No,Postgraduate,Far,Male,65,0.17124193507816154,-0.3519783266286284,1,1
82,High,Medium,Yes,8,Yes,3,Low,Medium,Neutral,4,No,High School,Near,Female,69,-0.3295952357274769,-0.9076074145571106,0,2
77,High,Medium,Yes,6,Yes,1,Low,High,Neutral,3,No,College,Near,Female,68,-0.1626495121255974,0.13419712530879355,0,2
78,Medium,Medium,No,6,Yes,0,Low,Medium,Positive,2,No,College,Far,Male,70,3.1762649599119923,-0.14361741865544755,1,1
99,High,Medium,Yes,8,Yes,4,Low,Medium,Neutral,4,No,High School,Near,Female,72,-0.3295952357274769,-0.21307105464650783,1,1
72,Low,Medium,Yes,4,No,3,Low,Medium,Positive,4,No,Postgraduate,Near,Female,66,0.5051333822819205,-0.6297928705928695,0,0
85,Low,High,Yes,8,Yes,2,High,Medium,Neutral,4,No,High School,Near,Female,68,-0.6634866829312358,0.759279849228336,0,0
77,Medium,Medium,Yes,7,Yes,2,Low,Low,Negative,4,No,College,Near,Male,67,0.338187658680041,-0.07416378266438728,0,2
62,High,Low,Yes,8,Yes,1,Low,Medium,Positive,2,No,College,Far,Female,61,-0.1626495121255974,-1.0465146865392312,1,1
80,Low,Low,Yes,8,Yes,1,Low,High,Negative,2,No,College,Near,Female,64,-0.3295952357274769,0.13419712530879355,1,1
93,High,Medium,No,6,Yes,3,Medium,Medium,Neutral,2,No,High School,Near,Male,74,1.8406991710969562,0.3425580332819744,1,1
64,Medium,Medium,No,5,Yes,1,Low,High,Negative,3,No,High School,Near,Female,64,1.1729162766894383,-1.6715974104587736,1,2
63,High,Low,Yes,9,Yes,2,Medium,Medium,Negative,2,No,Postgraduate,Near,Male,64,0.17124193507816154,-1.0465146865392312,1,1
66,High,Medium,Yes,7,Yes,2,Low,Medium,Neutral,4,No,Postgraduate,Near,Male,61,-2.3329439189500305,-0.9076074145571106,1,0
91,High,High,Yes,7,Yes,3,Low,Medium,Positive,3,No,High School,Near,Male,71,-0.3295952357274769,-0.9076074145571106,0,1
89,High,Low,Yes,8,Yes,2,Low,High,Negative,3,No,College,Moderate,Male,72,2.6754277891063536,-0.9076074145571106,0,0
83,High,High,No,6,Yes,0,Medium,Medium,Negative,5,No,Postgraduate,Near,Female,68,-0.1626495121255974,-0.76870014257499,0,1
79,Low,High,Yes,8,Yes,2,Low,Medium,Negative,5,No,College,Moderate,Female,69,1.1729162766894383,-0.8381537785660502,1,2
96,Medium,High,No,8,No,2,Low,High,Negative,4,No,High School,Near,Male,74,1.5068077238931974,1.3149089371568181,1,2
91,Medium,High,Yes,9,Yes,3,Low,Medium,Neutral,4,No,College,Moderate,Female,70,0.17124193507816154,-0.6297928705928695,1,0
92,High,Low,Yes,9,Yes,1,High,High,Positive,2,No,Postgraduate,Near,Male,69,-0.8304324065331153,-0.5603392346018092,1,0
93,Low,Low,No,7,Yes,2,Medium,High,Neutral,3,No,Postgraduate,Near,Male,64,-2.49988964255191,-0.8381537785660502,1,1
86,Low,Low,Yes,8,Yes,2,High,Medium,Positive,5,No,Postgraduate,Far,Male,71,0.6720791058837999,1.5927234811210593,1,1
78,High,Low,Yes,7,Yes,0,High,Medium,Neutral,3,No,College,Near,Male,65,-0.8304324065331153,0.13419712530879355,1,0
95,High,Medium,Yes,7,Yes,0,Medium,Medium,Neutral,3,No,High School,Near,Male,71,0.17124193507816154,0.4120116692730346,1,1
97,High,High,Yes,5,Yes,1,Medium,High,Neutral,2,No,Postgraduate,Near,Female,71,-1.1643238537368743,0.8287334852193963,1,0
61,Low,Medium,Yes,7,Yes,5,High,High,Positive,2,No,Postgraduate,Near,Male,66,-0.3295952357274769,-0.5603392346018092,1,1
62,Medium,Medium,No,4,Yes,1,High,Low,Negative,4,No,High School,Near,Male,64,0.004296211476282077,1.5927234811210593,1,2
98,Medium,Medium,No,7,Yes,0,Medium,Medium,Neutral,3,No,High School,Near,Male,70,0.338187658680041,-1.1854219585213517,0,1
71,Low,Low,No,9,Yes,1,High,High,Neutral,3,No,High School,Moderate,Male,61,-1.1643238537368743,-0.14361741865544755,0,0
95,Medium,Medium,Yes,8,Yes,1,Medium,Low,Positive,3,No,High School,Moderate,Female,71,1.1729162766894383,-1.254875594512412,0,2
76,Medium,Medium,No,7,Yes,0,Low,Medium,Neutral,3,No,Postgraduate,Moderate,Male,65,-0.6634866829312358,1.0370943931925771,1,1
65,Low,High,No,7,Yes,0,Low,High,Neutral,3,No,High School,Near,Female,59,-1.6651610245425126,-1.3937828664945324,1,1
63,Medium,Medium,Yes,6,Yes,3,Medium,Medium,Neutral,2,Yes,College,Near,Male,63,-0.1626495121255974,0.20365076129985382,1,0
66,Medium,Medium,Yes,6,Yes,1,High,High,Negative,3,No,Postgraduate,Moderate,Female,64,0.004296211476282077,-1.3937828664945324,1,0
70,Low,Low,No,8,Yes,0,High,Medium,Neutral,4,No,College,Near,Male,63,0.17124193507816154,-0.14361741865544755,1,0
80,High,High,No,5,Yes,1,Low,Medium,Neutral,2,No,Postgraduate,Moderate,Female,70,1.339862000291318,-0.76870014257499,0,1
88,High,Medium,Yes,5,Yes,1,Medium,High,Neutral,3,No,High School,Near,Male,70,-0.1626495121255974,1.3843625731478784,1,1
99,High,High,Yes,8,Yes,1,Medium,Medium,Neutral,4,No,College,Near,Male,72,-0.1626495121255974,-1.532690138476653,0,1
78,Medium,High,No,7,Yes,0,Low,High,Neutral,2,No,College,Moderate,Female,65,-1.1643238537368743,0.4814653052640949,1,2
81,High,Medium,Yes,7,Yes,3,Medium,Medium,Negative,1,No,Postgraduate,Moderate,Female,71,0.8390248294856795,0.6898262132372758,1,2
81,High,Medium,Yes,7,Yes,3,Medium,Medium,Neutral,1,No,Postgraduate,Moderate,Male,70,0.17124193507816154,1.3149089371568181,1,1
82,Medium,Low,No,10,Yes,1,High,High,Neutral,3,No,High School,Moderate,Female,66,-0.4965409593293564,1.3149089371568181,0,1
81,Medium,Medium,Yes,7,Yes,2,Low,Medium,Neutral,3,No,High School,Moderate,Female,64,-1.8321067481443922,1.6621771171121196,1,1
60,Low,High,No,7,Yes,0,Low,Medium,Negative,4,No,Postgraduate,Near,Male,64,1.5068077238931974,-0.8381537785660502,1,1
60,High,Low,No,10,Yes,1,Medium,Medium,Neutral,4,No,College,Far,Male,59,-1.1643238537368743,-0.76870014257499,1,0
64,Medium,High,Yes,7,Yes,5,Low,Low,Positive,4,No,High School,Moderate,Male,65,-0.6634866829312358,-0.3519783266286284,1,1
64,High,Medium,Yes,10,Yes,1,Low,High,Positive,3,No,High School,Moderate,Male,66,0.338187658680041,0.13419712530879355,1,1
88,Medium,Medium,Yes,4,Yes,1,High,Medium,Positive,2,No,High School,Near,Female,67,-1.1643238537368743,-0.49088559861074893,1,2
68,High,Medium,Yes,5,Yes,1,Low,Medium,Positive,4,Yes,High School,Far,Male,62,-1.4982153009406332,0.8287334852193963,1,1
96,High,Low,No,6,Yes,1,High,Medium,Negative,3,No,College,Near,Male,65,-2.165998195348151,-1.7410510464498339,0,1
97,High,Medium,Yes,8,Yes,3,Low,Medium,Neutral,2,No,Postgraduate,Near,Female,73,0.6720791058837999,-1.6715974104587736,1,1
99,Medium,Medium,No,10,Yes,1,Medium,Medium,Positive,2,No,College,Near,Male,70,-0.4965409593293564,0.759279849228336,0,0
98,Low,Medium,No,6,Yes,2,Low,Low,Negative,4,No,Postgraduate,Near,Female,75,3.0093192363101124,1.3149089371568181,1,1
71,High,High,Yes,8,Yes,0,Medium,Medium,Neutral,3,No,Postgraduate,Near,Female,66,-0.9973781301349948,0.9676407572015168,1,1
80,High,Medium,No,10,Yes,1,Low,Medium,Positive,3,No,Postgraduate,Moderate,Female,65,-0.9973781301349948,-1.3243292305034722,1,0
67,Medium,Medium,No,9,Yes,1,Medium,Low,Neutral,3,No,Postgraduate,Moderate,Female,64,-0.4965409593293564,1.523269845129999,1,1
92,High,Low,No,6,Yes,2,Low,Medium,Positive,5,No,College,Near,Male,70,0.17124193507816154,0.06474348931773327,1,0
96,Medium,High,Yes,8,Yes,0,Medium,Medium,Positive,5,No,High School,Moderate,Male,71,-0.4965409593293564,0.8287334852193963,0,1
94,Low,Medium,No,8,Yes,0,Medium,Medium,Neutral,3,No,High School,Near,Male,68,0.6720791058837999,-1.0465146865392312,1,0
77,Medium,Medium,Yes,6,Yes,1,Low,High,Neutral,2,No,College,Near,Male,64,-0.9973781301349948,0.13419712530879355,0,0
90,High,High,No,8,Yes,2,Low,Low,Neutral,3,No,High School,Near,Female,67,-1.3312695773387537,-0.5603392346018092,1,0
64,Medium,High,Yes,6,Yes,6,Low,High,Positive,6,Yes,High School,Moderate,Male,65,-1.8321067481443922,1.6621771171121196,1,1
62,High,Medium,Yes,7,Yes,3,Medium,Medium,Neutral,3,No,Postgraduate,Near,Female,62,-2.165998195348151,-0.07416378266438728,1,1
90,Low,High,Yes,5,Yes,1,Medium,Medium,Negative,1,No,College,Near,Female,68,-0.4965409593293564,0.8981871212104565,1,0
77,High,Medium,Yes,4,Yes,1,Medium,Low,Negative,2,No,College,Near,Male,66,-0.3295952357274769,0.3425580332819744,0,1
100,High,High,Yes,7,Yes,1,Low,Medium,Negative,2,Yes,College,Moderate,Male,69,-0.6634866829312358,-1.3937828664945324,1,2
64,Medium,Medium,Yes,7,Yes,3,High,Medium,Neutral,4,No,High School,Moderate,Male,68,1.1729162766894383,0.13419712530879355,1,2
94,Medium,Low,No,5,Yes,0,Medium,High,Positive,2,No,College,Near,Female,71,1.1729162766894383,0.13419712530879355,1,1
79,Medium,High,Yes,8,Yes,3,Low,Low,Neutral,4,No,College,Near,Female,68,-0.3295952357274769,0.759279849228336,1,1
93,High,Low,Yes,7,Yes,0,Low,Low,Neutral,2,No,College,Moderate,Male,64,-1.8321067481443922,-0.6297928705928695,0,1
93,Low,Medium,No,8,Yes,0,Low,Medium,Negative,3,No,College,Moderate,Male,66,-0.4965409593293564,1.2454553011657579,1,0
97,Medium,Low,Yes,8,Yes,0,High,High,Positive,2,No,High School,Near,Male,70,-0.6634866829312358,0.4120116692730346,0,2
72,Low,Medium,No,9,Yes,1,Medium,High,Negative,1,Yes,College,Moderate,Female,60,-0.6634866829312358,-1.6021437744677132,1,1
98,Medium,Medium,Yes,8,Yes,0,Low,High,Positive,2,No,College,Far,Male,69,-0.6634866829312358,0.6898262132372758,1,0
66,Medium,Medium,Yes,7,Yes,1,Medium,Medium,Positive,4,No,College,Near,Male,65,-0.6634866829312358,1.3843625731478784,1,0
63,High,High,Yes,7,Yes,1,Medium,High,Neutral,2,No,High School,Near,Female,66,-0.3295952357274769,0.6203725772462154,1,1
77,Medium,Low,No,10,Yes,1,Medium,Medium,Neutral,3,No,High School,Near,Female,64,-0.6634866829312358,-0.4214319626196886,0,1
93,Medium,High,No,8,Yes,0,High,High,Positive,1,No,College,Moderate,Female,71,0.17124193507816154,0.3425580332819744,1,1
79,High,Low,No,7,Yes,0,Medium,Medium,Positive,3,No,College,Near,Male,66,0.338187658680041,-1.1159683225302914,1,1
93,Medium,Low,Yes,7,Yes,0,Low,Medium,Positive,3,No,High School,Near,Female,66,-0.8304324065331153,0.3425580332819744,1,0
89,Medium,Medium,No,6,Yes,1,Low,Low,Negative,3,No,High School,Moderate,Male,68,1.339862000291318,-0.004710146673327003,0,1
68,High,High,No,5,Yes,1,High,Medium,Neutral,5,Yes,High School,Moderate,Male,63,-0.9973781301349948,-1.6715974104587736,1,2
98,Medium,Low,Yes,10,Yes,1,Low,High,Negative,2,No,College,Near,Female,66,-1.6651610245425126,-0.6297928705928695,1,0
62,Low,Medium,No,8,No,0,Medium,High,Positive,2,No,College,Near,Male,61,0.338187658680041,-1.0465146865392312,1,0
96,Medium,Low,No,5,Yes,4,Low,High,Positive,3,No,College,Near,Male,70,-0.8304324065331153,-0.3519783266286284,0,2
72,Medium,High,Yes,7,Yes,5,High,Medium,Neutral,2,No,College,Moderate,Female,68,0.338187658680041,-0.9076074145571106,0,0
80,Medium,Medium,Yes,9,Yes,5,Low,Medium,Neutral,2,No,Postgraduate,Moderate,Male,65,-2.3329439189500305,1.1760016651746976,1,0
77,High,Medium,No,6,Yes,0,Low,Medium,Negative,1,No,Postgraduate,Near,Female,69,1.339862000291318,0.6898262132372758,1,2
67,Medium,High,Yes,6,Yes,0,Medium,Medium,Positive,4,No,College,Near,Male,67,0.6720791058837999,0.8287334852193963,1,0
74,High,Medium,No,8,Yes,0,Medium,Medium,Positive,3,No,High School,Moderate,Male,62,-1.4982153009406332,-0.49088559861074893,1,0
68,Low,High,Yes,8,Yes,2,Low,High,Positive,4,No,High School,Near,Female,61,-1.4982153009406332,-1.7410510464498339,0,0
68,High,High,Yes,6,Yes,1,Medium,Medium,Positive,3,No,Postgraduate,Near,Female,70,1.6737534474950768,-0.9770610505481708,1,2
67,High,Medium,Yes,6,Yes,0,High,Low,Neutral,3,No,College,Near,Male,65,-0.6634866829312358,0.8981871212104565,1,1
80,High,Medium,No,8,Yes,1,Low,Medium,Neutral,4,No,High School,Moderate,Female,65,-0.8304324065331153,0.3425580332819744,1,1
92,Medium,Medium,Yes,5,Yes,1,Low,High,Positive,4,No,High School,Near,Male,66,-2.3329439189500305,0.13419712530879355,1,1
83,Medium,High,Yes,6,No,1,Medium,High,Negative,3,No,High School,Near,Female,66,-0.3295952357274769,-0.76870014257499,0,0
96,Medium,Medium,Yes,7,Yes,1,Low,Medium,Neutral,3,No,College,Near,Male,69,-0.1626495121255974,-1.4632365024855927,1,2
85,High,High,No,8,Yes,1,Low,Medium,Neutral,3,No,High School,Moderate,Female,70,0.6720791058837999,0.9676407572015168,1,1
88,High,Medium,No,6,No,1,Medium,High,Negative,1,No,High School,Near,Male,63,-1.3312695773387537,-1.6021437744677132,1,0
87,Low,Medium,No,8,Yes,1,Medium,Medium,Positive,3,No,High School,Near,Female,64,-1.4982153009406332,-1.532690138476653,1,2
78,High,Low,No,9,Yes,1,Low,High,Neutral,2,Yes,College,Far,Female,65,0.5051333822819205,-0.6992465065839297,1,2
88,High,Medium,Yes,6,Yes,1,Low,High,Neutral,4,No,High School,Far,Male,71,1.005970553087559,0.27310439729091407,1,1
63,Medium,Medium,Yes,10,Yes,0,Medium,Medium,Neutral,3,No,High School,Far,Female,61,-1.4982153009406332,1.7316307531031798,1,2
94,Low,Low,Yes,9,Yes,2,High,Medium,Neutral,3,No,High School,Near,Male,69,1.005970553087559,-1.3937828664945324,1,0
91,High,Medium,No,7,Yes,1,Medium,Medium,Neutral,4,No,High School,Moderate,Male,69,0.004296211476282077,-0.07416378266438728,1,1
70,Medium,Medium,No,7,Yes,1,Low,Medium,Neutral,3,No,High School,Near,Female,66,1.1729162766894383,0.3425580332819744,1,0
91,High,Medium,No,6,Yes,3,High,High,Neutral,2,No,High School,Near,Male,72,0.004296211476282077,1.1065480291836374,1,1
61,High,Medium,No,9,Yes,1,Medium,Medium,Neutral,3,No,College,Near,Male,60,-2.49988964255191,0.6203725772462154,1,2
69,Low,Low,No,7,Yes,0,Low,Medium,Neutral,1,No,College,Near,Male,62,-0.1626495121255974,1.0370943931925771,1,1
63,Medium,Medium,Yes,5,Yes,3,Medium,High,Neutral,5,Yes,High School,Near,Female,66,1.005970553087559,0.06474348931773327,1,1
91,Medium,High,Yes,4,Yes,1,High,High,Neutral,2,No,High School,Near,Male,69,-0.8304324065331153,-0.21307105464650783,0,0
90,High,Medium,No,7,Yes,2,Medium,Low,Negative,3,No,Postgraduate,Moderate,Male,69,-0.3295952357274769,0.4120116692730346,1,1
93,Medium,High,No,7,Yes,3,Medium,Medium,Negative,3,No,High School,Near,Female,71,-0.1626495121255974,1.3843625731478784,0,0
60,Medium,Low,Yes,6,Yes,1,Low,Medium,Positive,1,No,Postgraduate,Near,Female,57,-2.8337810897556692,0.20365076129985382,1,0
80,High,High,No,5,Yes,0,Low,Medium,Positive,4,No,Postgraduate,Near,Female,72,1.6737534474950768,0.3425580332819744,0,1
88,Low,Medium,Yes,4,Yes,1,Medium,High,Positive,4,No,High School,Far,Female,66,-0.8304324065331153,-0.5603392346018092,0,1
66,Medium,Medium,Yes,6,Yes,1,Medium,Medium,Positive,3,No,College,Near,Female,66,0.5051333822819205,0.3425580332819744,1,1
86,Medium,Medium,No,6,Yes,3,Medium,High,Neutral,3,No,College,Near,Male,70,-0.1626495121255974,0.4120116692730346,1,1
63,Medium,Medium,No,8,Yes,2,Low,High,Positive,2,No,High School,Near,Male,67,1.339862000291318,0.8981871212104565,1,1
67,Medium,Medium,Yes,7,Yes,1,Medium,Low,Neutral,3,No,College,Moderate,Female,65,0.338187658680041,0.27310439729091407,0,1
79,Medium,Medium,Yes,9,Yes,1,Low,Medium,Neutral,3,Yes,High School,Near,Female,63,-0.1626495121255974,-1.0465146865392312,1,0
86,High,Low,No,8,Yes,3,Low,Medium,Positive,3,No,College,Near,Female,68,-0.8304324065331153,0.27310439729091407,1,1
66,Low,Medium,Yes,8,Yes,0,Medium,Medium,Positive,3,Yes,High School,Near,Male,63,0.8390248294856795,-0.6992465065839297,1,1
67,Medium,High,Yes,8,Yes,3,Medium,High,Positive,5,No,College,Moderate,Male,63,-1.8321067481443922,-1.4632365024855927,0,1
68,Medium,Medium,Yes,5,Yes,1,High,Medium,Negative,4,No,College,Near,Female,68,0.6720791058837999,1.1065480291836374,1,2
70,Medium,Medium,Yes,6,Yes,2,Low,Medium,Negative,0,Yes,College,Moderate,Female,60,-1.1643238537368743,-1.532690138476653,1,1
69,Medium,Medium,No,10,Yes,0,Medium,Medium,Neutral,2,No,High School,Near,Female,67,1.339862000291318,0.4814653052640949,0,2
76,Low,Low,Yes,4,Yes,0,Low,Low,Positive,3,No,College,Far,Male,65,0.17124193507816154,1.6621771171121196,1,2
86,High,Low,Yes,7,Yes,0,Low,High,Neutral,2,No,College,Near,Male,68,0.6720791058837999,-1.4632365024855927,1,1
78,Medium,Low,No,8,Yes,0,Medium,Medium,Neutral,2,Yes,High School,Moderate,Female,62,0.004296211476282077,-0.9770610505481708,1,1
91,Medium,Low,No,4,Yes,2,Medium,Medium,Neutral,4,Yes,Postgraduate,Near,Female,65,-1.8321067481443922,0.8981871212104565,1,0
89,Medium,Medium,Yes,6,Yes,1,Low,Medium,Positive,3,No,High School,Near,Male,66,-0.8304324065331153,-1.3937828664945324,0,2
65,Medium,Medium,Yes,10,Yes,3,Medium,High,Neutral,4,No,High School,Near,Male,67,0.6720791058837999,1.1760016651746976,1,0
62,Low,High,Yes,7,No,1,High,Medium,Negative,2,No,High School,Moderate,Female,60,0.17124193507816154,-1.7410510464498339,1,0
95,Low,High,Yes,6,Yes,2,Medium,Medium,Neutral,4,No,Postgraduate,Far,Female,74,1.1729162766894383,1.3149089371568181,1,2
63,Low,Low,Yes,7,Yes,1,High,Medium,Neutral,4,No,High School,Near,Male,62,0.338187658680041,-1.532690138476653,1,1
66,Low,Medium,Yes,6,Yes,0,High,Medium,Negative,3,No,College,Moderate,Male,61,-0.9973781301349948,1.4538162091389386,1,0
61,Medium,Medium,No,10,Yes,0,Medium,High,Neutral,4,No,High School,Near,Male,63,-0.8304324065331153,1.2454553011657579,1,2
85,Medium,Low,No,6,Yes,2,Low,Medium,Neutral,3,No,College,Far,Male,66,0.17124193507816154,0.13419712530879355,1,1
83,Medium,Medium,No,6,Yes,1,Low,Medium,Positive,4,No,Postgraduate,Near,Female,65,-2.3329439189500305,0.9676407572015168,1,1
99,Low,Medium,No,5,Yes,0,Medium,Medium,Positive,3,No,Postgraduate,Near,Male,72,1.6737534474950768,-1.4632365024855927,0,1
95,High,Medium,No,7,Yes,1,Low,Medium,Neutral,2,No,High School,Near,Female,70,0.5051333822819205,-1.254875594512412,0,1
76,High,High,Yes,7,Yes,1,Medium,Medium,Neutral,3,No,Postgraduate,Moderate,Female,71,1.1729162766894383,-0.49088559861074893,1,1
75,High,High,Yes,9,No,1,High,High,Neutral,2,Yes,College,Moderate,Male,64,-1.4982153009406332,0.13419712530879355,0,1
72,Medium,High,No,5,Yes,1,High,Medium,Positive,2,No,College,Near,Male,70,1.1729162766894383,1.2454553011657579,1,0
66,Medium,Medium,No,8,Yes,2,Medium,Low,Neutral,3,No,High School,Near,Male,68,2.1745906183007153,0.13419712530879355,1,1
66,Low,High,Yes,7,No,1,Medium,Medium,Neutral,3,No,High School,Near,Male,61,-1.3312695773387537,0.5509189412551552,1,1
65,High,Medium,Yes,4,Yes,1,High,Medium,Positive,2,No,High School,Near,Male,68,0.8390248294856795,0.6203725772462154,1,2
65,Low,Medium,No,6,Yes,1,Low,High,Positive,2,No,Postgraduate,Near,Female,64,0.004296211476282077,1.3149089371568181,1,1
70,Medium,High,Yes,6,Yes,2,Medium,Medium,Positive,4,No,High School,Near,Female,64,-1.4982153009406332,0.9676407572015168,1,0
72,Medium,High,Yes,10,Yes,2,Medium,High,Neutral,4,No,Postgraduate,Near,Female,71,0.5051333822819205,1.6621771171121196,0,1
98,Medium,High,Yes,8,Yes,0,Medium,Medium,Positive,2,No,College,Moderate,Female,72,0.8390248294856795,-1.6715974104587736,0,1
83,Medium,Medium,Yes,7,Yes,0,High,Medium,Positive,1,No,College,Moderate,Female,66,-0.6634866829312358,-1.0465146865392312,1,1
100,Low,Medium,Yes,4,Yes,4,Low,High,Positive,3,No,High School,Near,Female,74,1.1729162766894383,1.523269845129999,1,0
75,Medium,Medium,Yes,4,Yes,3,Medium,High,Positive,3,Yes,Postgraduate,Moderate,Male,65,-1.6651610245425126,1.0370943931925771,1,1
78,High,High,No,8,Yes,1,Low,Medium,Neutral,3,No,High School,Near,Female,64,-1.4982153009406332,-0.8381537785660502,1,0
73,High,Medium,Yes,8,Yes,1,Medium,High,Positive,4,No,College,Moderate,Male,69,0.17124193507816154,1.6621771171121196,1,1
67,Medium,Medium,No,6,No,1,Low,Medium,Negative,3,Yes,College,Near,Male,62,0.004296211476282077,1.2454553011657579,1,0
66,Medium,Medium,Yes,7,Yes,2,Medium,Medium,Negative,2,No,Postgraduate,Moderate,Male,62,-0.6634866829312358,-1.532690138476653,1,2
98,Low,Low,Yes,7,Yes,2,Low,Low,Positive,3,No,Postgraduate,Near,Female,72,0.8390248294856795,1.1065480291836374,1,1
99,Medium,High,No,7,Yes,1,Medium,Medium,Neutral,3,No,High School,Near,Female,73,0.5051333822819205,0.9676407572015168,1,2
62,Medium,Low,No,6,Yes,1,Medium,Medium,Positive,4,No,Postgraduate,Moderate,Female,64,0.8390248294856795,-0.9770610505481708,1,2
66,Medium,Medium,No,8,Yes,2,Medium,High,Neutral,3,No,High School,Near,Female,65,-0.1626495121255974,0.5509189412551552,1,1
77,High,High,Yes,9,Yes,1,Low,Medium,Positive,1,No,High School,Near,Male,70,0.6720791058837999,1.6621771171121196,1,1
67,Medium,Medium,Yes,6,Yes,1,High,High,Neutral,3,No,Postgraduate,Moderate,Female,66,-0.4965409593293564,0.6203725772462154,1,2
75,Low,High,No,5,Yes,1,High,Medium,Positive,2,No,College,Moderate,Female,70,2.007644894698836,1.1065480291836374,1,0
65,Medium,High,Yes,6,Yes,2,Medium,Medium,Positive,3,No,High School,Near,Female,63,-0.8304324065331153,-1.3937828664945324,0,0
78,Low,Low,No,7,Yes,1,Low,High,Positive,4,No,High School,Near,Male,69,2.1745906183007153,0.759279849228336,1,1
71,High,Medium,Yes,8,Yes,0,Medium,Medium,Neutral,2,No,High School,Near,Male,64,0.004296211476282077,-1.0465146865392312,1,0
74,Low,Medium,No,8,Yes,2,Medium,Medium,Positive,5,No,Postgraduate,Moderate,Female,63,-1.3312695773387537,-1.4632365024855927,0,1
64,Medium,Medium,No,8,Yes,2,Medium,Medium,Negative,3,No,Postgraduate,Near,Male,66,1.339862000291318,0.20365076129985382,0,0
77,Medium,Medium,Yes,8,Yes,2,High,Medium,Positive,1,No,College,Moderate,Female,68,0.17124193507816154,0.8981871212104565,0,0
99,Medium,Medium,Yes,7,Yes,0,High,High,Neutral,3,No,High School,Near,Male,97,0.8390248294856795,0.13419712530879355,1,1
73,Low,Low,No,9,Yes,2,Medium,High,Neutral,1,No,High School,Near,Female,67,1.1729162766894383,1.523269845129999,1,1
95,Medium,Medium,No,7,Yes,0,Medium,Medium,Positive,4,No,College,Near,Male,71,0.338187658680041,0.6898262132372758,0,1
94,Low,Low,Yes,8,Yes,2,Low,High,Positive,2,No,College,Near,Female,66,-0.6634866829312358,-1.3243292305034722,1,0
98,Medium,Low,Yes,7,Yes,2,Low,Medium,Neutral,2,Yes,Postgraduate,Moderate,Male,72,1.005970553087559,1.523269845129999,1,1
92,High,Medium,Yes,7,Yes,2,Low,Low,Neutral,4,No,Postgraduate,Near,Female,70,0.004296211476282077,-1.1854219585213517,1,0
86,Medium,Medium,Yes,7,Yes,1,Low,Medium,Neutral,3,No,High School,Far,Male,69,0.6720791058837999,0.8981871212104565,1,1
94,Medium,Low,Yes,9,Yes,2,Medium,Medium,Negative,3,No,Postgraduate,Near,Female,66,-2.165998195348151,-1.254875594512412,1,2
63,High,High,No,7,Yes,2,Medium,High,Positive,3,No,Postgraduate,Near,Female,69,0.5051333822819205,1.7316307531031798,0,0
79,Medium,Medium,Yes,6,No,2,Medium,High,Positive,3,No,College,Near,Male,65,-0.6634866829312358,-0.5603392346018092,0,0
100,High,High,No,6,Yes,0,Low,Medium,Neutral,4,No,College,Moderate,Female,75,1.6737534474950768,-0.004710146673327003,1,1
91,Low,Medium,No,8,Yes,2,Low,High,Positive,2,No,Postgraduate,Moderate,Male,70,0.6720791058837999,-0.14361741865544755,0,1
98,High,Low,Yes,6,Yes,1,Medium,Medium,Positive,3,No,High School,Near,Male,70,0.17124193507816154,-1.3937828664945324,1,0
91,Medium,High,Yes,7,Yes,2,Low,High,Negative,2,No,High School,Far,Male,69,0.5051333822819205,-0.004710146673327003,1,0
95,High,Medium,No,7,Yes,2,Low,Low,Neutral,2,No,College,Near,Female,68,-0.9973781301349948,-1.254875594512412,1,1
88,Low,Medium,Yes,6,Yes,4,High,Medium,Negative,2,No,College,Moderate,Male,73,1.6737534474950768,1.0370943931925771,0,2
90,Medium,Medium,Yes,5,Yes,0,Medium,High,Neutral,3,No,College,Moderate,Male,74,2.007644894698836,1.5927234811210593,1,2
81,Low,Low,No,5,Yes,0,High,Medium,Positive,2,No,College,Moderate,Female,66,0.338187658680041,1.0370943931925771,1,1
97,High,Medium,Yes,6,Yes,1,Low,High,Positive,2,No,High School,Far,Female,74,1.6737534474950768,-0.21307105464650783,1,2
93,Medium,Low,Yes,5,Yes,3,High,Medium,Positive,2,No,High School,Moderate,Male,67,-0.4965409593293564,-1.7410510464498339,1,0
94,High,Medium,Yes,8,Yes,1,Medium,Medium,Positive,2,No,College,Far,Female,67,-0.8304324065331153,-1.6021437744677132,0,0
87,Medium,High,No,10,Yes,3,Medium,Medium,Neutral,2,No,College,Near,Female,70,0.004296211476282077,-0.004710146673327003,0,0
72,Low,High,Yes,6,Yes,1,High,High,Neutral,2,No,High School,Near,Male,67,0.5051333822819205,0.6203725772462154,1,1
61,Medium,Low,Yes,6,Yes,3,Medium,High,Positive,3,No,College,Moderate,Female,80,-0.3295952357274769,1.1065480291836374,1,2
97,Medium,High,Yes,6,Yes,1,Low,Low,Negative,2,No,College,Moderate,Male,70,0.5051333822819205,0.3425580332819744,1,0
83,High,Medium,No,8,Yes,4,High,High,Negative,4,Yes,High School,Near,Female,71,0.338187658680041,1.6621771171121196,1,0
72,Medium,Low,No,8,Yes,4,High,Medium,Positive,2,Yes,College,Near,Male,64,-0.9973781301349948,-0.004710146673327003,0,2
66,High,High,Yes,7,Yes,1,Medium,Medium,Positive,3,No,College,Moderate,Female,68,0.5051333822819205,0.3425580332819744,1,1
93,Medium,Medium,No,5,Yes,0,Low,Medium,Neutral,3,No,High School,Far,Male,68,0.8390248294856795,-0.9076074145571106,1,1
93,Medium,Medium,Yes,6,No,1,High,Medium,Positive,3,No,High School,Near,Female,69,0.17124193507816154,-0.5603392346018092,1,1
93,High,Low,Yes,7,Yes,1,Medium,Medium,Neutral,2,No,Postgraduate,Near,Male,72,1.1729162766894383,0.6203725772462154,0,0
86,Medium,Medium,No,7,Yes,0,Low,Medium,Negative,5,No,College,Near,Male,65,-1.1643238537368743,0.3425580332819744,0,1
75,Low,Low,Yes,7,Yes,1,High,Low,Neutral,4,Yes,High School,Near,Male,64,0.5051333822819205,-0.49088559861074893,0,1
72,Medium,High,No,8,Yes,1,Low,High,Positive,4,No,Postgraduate,Moderate,Female,64,-1.1643238537368743,-1.3243292305034722,1,0
60,Low,Medium,No,5,Yes,1,Low,Medium,Positive,4,Yes,High School,Far,Male,58,-1.1643238537368743,-0.5603392346018092,1,2
93,High,Medium,Yes,7,Yes,2,Medium,High,Neutral,3,No,High School,Near,Male,69,-0.6634866829312358,-1.6021437744677132,1,0
63,High,Low,No,7,Yes,1,Low,Medium,Neutral,3,No,High School,Near,Male,61,-0.9973781301349948,0.27310439729091407,1,1
85,High,High,Yes,6,Yes,0,Medium,High,Neutral,2,No,College,Moderate,Female,68,-0.4965409593293564,-0.6297928705928695,1,1
80,High,Medium,Yes,6,Yes,1,Low,Low,Neutral,4,Yes,College,Near,Male,66,-0.1626495121255974,-0.4214319626196886,0,0
81,Medium,Medium,No,8,Yes,1,Medium,Medium,Neutral,4,No,College,Near,Female,68,0.8390248294856795,0.27310439729091407,1,0
97,Low,High,No,5,Yes,2,Low,High,Positive,3,No,College,Moderate,Male,70,-0.3295952357274769,0.27310439729091407,1,0
61,High,Low,Yes,10,Yes,4,High,High,Positive,2,Yes,College,Moderate,Male,62,-1.6651610245425126,0.27310439729091407,1,1
91,Medium,Medium,No,8,Yes,2,Medium,High,Neutral,3,No,High School,Near,Male,71,1.1729162766894383,-0.004710146673327003,0,0
62,Medium,Medium,No,7,Yes,0,Low,High,Negative,3,No,Postgraduate,Moderate,Female,61,-0.8304324065331153,-0.07416378266438728,1,2
62,High,Medium,Yes,7,Yes,1,Medium,Low,Negative,3,No,College,Near,Male,64,0.004296211476282077,1.1065480291836374,1,0
77,Medium,Low,No,8,Yes,1,Low,Low,Positive,2,No,College,Near,Male,65,0.5051333822819205,-0.14361741865544755,1,1
63,Low,Medium,Yes,6,Yes,3,Medium,High,Negative,1,No,High School,Near,Male,63,0.17124193507816154,0.13419712530879355,1,0
92,High,Medium,Yes,6,Yes,4,Low,Low,Positive,3,No,High School,Near,Female,74,1.1729162766894383,1.6621771171121196,0,0
81,Medium,High,No,9,Yes,2,Medium,High,Neutral,2,No,College,Near,Male,68,0.5051333822819205,-1.1159683225302914,1,0
61,High,Medium,Yes,6,Yes,2,High,High,Neutral,3,No,High School,Near,Female,65,-0.8304324065331153,0.759279849228336,1,2
62,Medium,Medium,No,7,Yes,2,Medium,Medium,Neutral,2,No,College,Moderate,Male,66,2.1745906183007153,-0.07416378266438728,1,0
85,Medium,High,Yes,6,Yes,1,Medium,High,Neutral,2,Yes,High School,Moderate,Male,69,0.17124193507816154,1.1760016651746976,1,1
92,Low,Medium,Yes,7,Yes,2,High,Medium,Positive,2,No,College,Near,Male,69,-0.1626495121255974,-0.3519783266286284,0,0
78,High,Medium,No,8,Yes,3,Medium,Medium,Positive,3,No,College,Near,Female,70,1.005970553087559,-0.6992465065839297,1,1
82,Medium,Medium,Yes,10,Yes,3,High,High,Positive,4,No,High School,Near,Female,70,0.17124193507816154,-1.0465146865392312,1,2
92,Medium,Medium,Yes,6,Yes,1,Medium,Medium,Positive,3,No,High School,Near,Male,71,0.338187658680041,1.3149089371568181,1,1
84,Medium,Medium,No,5,Yes,1,Medium,Medium,Neutral,3,No,High School,Near,Female,72,2.508482065504474,0.759279849228336,1,1
69,Medium,Low,No,7,Yes,1,Low,High,Neutral,4,No,High School,Moderate,Male,61,-0.3295952357274769,-1.4632365024855927,1,1
85,Medium,High,Yes,6,No,1,Medium,Medium,Neutral,3,No,High School,Near,Female,68,-0.3295952357274769,0.759279849228336,0,2
85,Medium,Low,Yes,7,Yes,3,Low,Medium,Neutral,3,No,High School,Near,Male,66,0.17124193507816154,-1.6021437744677132,0,1
89,Medium,Medium,Yes,8,Yes,1,Low,High,Neutral,4,No,High School,Near,Male,70,1.005970553087559,-1.1159683225302914,1,0
85,Medium,Low,No,10,No,0,Low,High,Positive,3,No,College,Near,Female,63,-1.4982153009406332,0.3425580332819744,1,0
99,Medium,High,Yes,6,Yes,1,Medium,Medium,Positive,3,No,High School,Far,Female,68,-1.9990524717462717,-0.14361741865544755,1,1
68,Low,Medium,Yes,4,No,1,Medium,Medium,Negative,4,No,College,Near,Male,62,-0.6634866829312358,1.1760016651746976,1,1
98,Medium,High,No,7,Yes,3,Medium,Medium,Neutral,3,No,College,Near,Male,69,-1.6651610245425126,0.3425580332819744,0,0
82,Medium,Medium,Yes,8,Yes,3,Medium,High,Positive,4,No,High School,Moderate,Male,69,-0.4965409593293564,1.5927234811210593,1,1
87,Medium,Low,Yes,6,Yes,1,High,High,Positive,4,No,Postgraduate,Near,Female,72,0.5051333822819205,1.2454553011657579,0,1
64,High,Medium,Yes,7,Yes,2,Low,High,Positive,3,No,High School,Near,Male,64,-0.8304324065331153,-0.5603392346018092,1,1
75,Low,Medium,No,7,No,2,Low,High,Positive,4,No,College,Moderate,Female,63,-1.4982153009406332,1.1760016651746976,1,1
91,Medium,Medium,Yes,7,Yes,1,Low,Medium,Negative,3,No,Postgraduate,Moderate,Male,70,0.004296211476282077,1.2454553011657579,1,2
88,Low,Medium,Yes,8,No,1,Low,Low,Neutral,4,No,Postgraduate,Near,Male,69,0.8390248294856795,1.5927234811210593,0,0
62,High,High,No,7,Yes,1,Medium,High,Positive,2,No,High School,Near,Male,61,-1.6651610245425126,-1.6715974104587736,0,1
82,High,High,No,8,Yes,2,Low,Medium,Neutral,3,No,High School,Moderate,Male,70,0.8390248294856795,1.3149089371568181,1,0
64,Medium,Medium,Yes,4,Yes,1,Medium,Medium,Neutral,2,No,College,Near,Male,64,0.8390248294856795,-1.532690138476653,1,0
100,High,High,Yes,6,Yes,0,Medium,High,Negative,4,No,Postgraduate,Near,Male,76,1.005970553087559,0.06474348931773327,1,2
96,Medium,Medium,Yes,6,Yes,2,Medium,Medium,Neutral,2,No,College,Near,Female,73,1.1729162766894383,-0.2825246906375681,1,1
61,Low,Low,Yes,5,Yes,2,Medium,Medium,Negative,3,No,High School,Near,Male,67,2.1745906183007153,1.4538162091389386,1,1
94,Medium,Medium,Yes,7,No,2,Medium,High,Negative,3,No,College,Near,Female,69,-0.3295952357274769,-0.3519783266286284,1,1
97,Medium,Medium,Yes,6,Yes,2,Medium,Medium,Positive,4,No,College,Near,Male,72,0.17124193507816154,0.3425580332819744,0,0
74,Medium,Medium,No,6,Yes,4,Medium,Medium,Negative,3,No,College,Moderate,Female,66,-0.3295952357274769,0.6898262132372758,0,1
89,Medium,Medium,Yes,8,Yes,3,Medium,High,Positive,3,No,Postgraduate,Near,Female,70,0.004296211476282077,-1.6715974104587736,1,1
78,Medium,High,Yes,7,Yes,2,Medium,Medium,Positive,4,No,Postgraduate,Near,Female,73,1.5068077238931974,0.3425580332819744,1,1
86,High,Medium,Yes,5,No,2,High,Medium,Positive,3,No,Postgraduate,Near,Female,68,-1.3312695773387537,0.06474348931773327,1,0
74,Medium,High,No,6,Yes,2,High,Medium,Negative,3,No,Postgraduate,Moderate,Male,66,-0.8304324065331153,0.3425580332819744,1,1
73,Low,Medium,Yes,8,Yes,4,Medium,Medium,Neutral,1,No,High School,Near,Female,67,1.339862000291318,-1.4632365024855927,0,1
77,Medium,Low,No,7,No,3,Medium,High,Positive,3,No,High School,Near,Female,67,1.005970553087559,-1.532690138476653,0,2
66,Medium,High,Yes,9,No,0,Low,Medium,Positive,3,No,High School,Near,Male,62,-0.3295952357274769,-1.1159683225302914,0,1
93,Low,Medium,No,8,Yes,2,Medium,Medium,Positive,3,No,College,Near,Male,72,0.8390248294856795,1.2454553011657579,1,1
74,Low,High,Yes,6,Yes,0,Medium,Low,Positive,4,No,High School,Far,Male,65,0.338187658680041,-0.49088559861074893,1,1
76,Medium,Low,Yes,9,Yes,1,High,Medium,Positive,3,No,High School,Near,Male,69,1.5068077238931974,-0.21307105464650783,1,1
96,Medium,High,No,9,Yes,2,Low,Low,Positive,2,Yes,High School,Near,Male,69,0.004296211476282077,-0.3519783266286284,1,1
80,High,Medium,Yes,4,No,0,Low,Medium,Positive,4,No,College,Moderate,Male,69,1.005970553087559,0.759279849228336,1,1
82,Low,Low,Yes,7,Yes,0,Medium,Medium,Positive,3,No,High School,Near,Male,69,2.6754277891063536,-0.8381537785660502,0,1
98,Low,Medium,Yes,6,Yes,1,Medium,Low,Neutral,2,No,High School,Near,Female,69,0.6720791058837999,-1.532690138476653,1,1
95,Medium,High,Yes,7,Yes,0,Medium,High,Neutral,3,No,High School,Near,Male,70,0.004296211476282077,-0.4214319626196886,1,0
67,High,Low,No,6,Yes,6,Low,Medium,Positive,3,Yes,Postgraduate,Moderate,Female,67,0.6720791058837999,0.759279849228336,0,1
79,Medium,High,Yes,6,Yes,3,Medium,Low,Positive,3,Yes,Postgraduate,Near,Male,69,-0.3295952357274769,1.4538162091389386,1,1
99,Medium,Medium,Yes,8,Yes,0,Medium,High,Neutral,5,No,College,Near,Male,75,2.3415363419025947,-1.532690138476653,1,1
75,Low,Medium,Yes,5,Yes,2,Low,Low,Neutral,3,No,High School,Near,Male,66,0.17124193507816154,1.1065480291836374,1,1
75,Medium,Low,Yes,7,Yes,0,High,High,Neutral,2,No,High School,Near,Male,63,-0.3295952357274769,-1.532690138476653,1,1
68,Medium,Medium,Yes,5,Yes,3,Medium,High,Negative,4,No,Postgraduate,Moderate,Male,64,-0.8304324065331153,-0.5603392346018092,0,1
65,Medium,Medium,Yes,9,Yes,2,High,Medium,Positive,2,No,Postgraduate,Moderate,Female,66,1.1729162766894383,-1.6715974104587736,0,1
90,Medium,Medium,Yes,7,Yes,1,Medium,Medium,Positive,4,No,College,Moderate,Male,72,0.8390248294856795,1.4538162091389386,1,1
91,Medium,High,No,8,Yes,3,Medium,High,Neutral,4,No,College,Moderate,Female,71,-0.4965409593293564,0.6898262132372758,1,2
99,Low,Medium,Yes,7,Yes,0,High,High,Positive,2,No,High School,Far,Male,70,0.5051333822819205,-0.49088559861074893,0,1
91,High,Medium,No,7,Yes,2,Low,Medium,Positive,2,No,College,Near,Male,67,-1.4982153009406332,-0.4214319626196886,0,1
70,Medium,Low,No,7,Yes,0,High,High,Positive,3,No,High School,Near,Female,65,0.17124193507816154,0.4814653052640949,1,2
62,High,High,Yes,9,Yes,3,Low,Medium,Neutral,4,No,High School,Near,Male,65,0.5051333822819205,-1.4632365024855927,0,0
99,Medium,Medium,Yes,6,Yes,0,Low,Medium,Neutral,4,No,Postgraduate,Near,Male,73,1.6737534474950768,-1.254875594512412,1,1
74,Medium,Medium,Yes,4,Yes,1,Medium,Medium,Positive,3,No,Postgraduate,Near,Male,66,-0.8304324065331153,1.1760016651746976,0,0
72,Low,Medium,Yes,6,Yes,0,Low,Medium,Neutral,4,No,Postgraduate,Near,Male,62,-1.3312695773387537,-1.0465146865392312,1,2
96,Medium,High,No,5,Yes,2,High,Medium,Positive,2,No,High School,Near,Male,71,-0.8304324065331153,0.759279849228336,0,1
83,Medium,High,No,8,Yes,3,High,Medium,Neutral,5,Yes,High School,Near,Male,66,-1.3312695773387537,-0.9770610505481708,1,1
69,High,High,Yes,7,No,1,Low,Medium,Neutral,2,No,College,Far,Male,65,1.339862000291318,-1.4632365024855927,1,0
96,Medium,High,Yes,8,Yes,0,High,Medium,Positive,2,No,High School,Near,Female,75,1.5068077238931974,1.3843625731478784,0,1
100,High,Medium,No,7,Yes,2,Low,Medium,Positive,4,No,College,Near,Male,74,0.338187658680041,1.3843625731478784,1,1
63,Medium,Low,Yes,7,Yes,1,Medium,High,Neutral,3,No,High School,Moderate,Male,65,1.1729162766894383,0.3425580332819744,0,2
94,Medium,Medium,No,7,Yes,2,Low,Medium,Positive,3,No,Postgraduate,Near,Female,71,0.17124193507816154,-0.14361741865544755,0,0
76,High,Low,Yes,9,Yes,1,Low,Medium,Negative,1,No,Postgraduate,Near,Female,65,-0.1626495121255974,0.20365076129985382,1,0
81,Medium,Low,Yes,7,Yes,0,Low,Medium,Neutral,2,No,College,Near,Male,65,-0.3295952357274769,-0.3519783266286284,0,2
97,Medium,Low,No,9,Yes,0,Low,Medium,Neutral,4,No,High School,Moderate,Female,67,-0.3295952357274769,0.8981871212104565,1,1
99,Medium,Low,Yes,9,Yes,2,Low,Medium,Neutral,2,No,High School,Moderate,Male,67,-1.4982153009406332,0.8981871212104565,1,1
70,Medium,Medium,No,7,Yes,2,Medium,Medium,Positive,1,No,High School,Near,Male,66,0.338187658680041,1.1065480291836374,1,1
69,High,Medium,Yes,7,Yes,1,Medium,Medium,Positive,3,No,High School,Near,Female,67,0.004296211476282077,0.06474348931773327,1,2
63,Medium,Medium,No,6,No,2,Low,Medium,Neutral,5,No,Postgraduate,Near,Female,66,0.6720791058837999,1.0370943931925771,0,1
82,Low,High,No,9,Yes,0,Medium,Medium,Negative,2,No,High School,Near,Male,65,0.17124193507816154,-1.1854219585213517,1,1
61,High,Medium,Yes,6,No,1,Low,Medium,Neutral,3,No,High School,Far,Female,59,-0.1626495121255974,-1.6021437744677132,1,0
76,High,High,Yes,6,Yes,4,Low,High,Positive,4,No,High School,Moderate,Female,69,-0.8304324065331153,0.4814653052640949,0,1
63,Medium,Medium,No,7,Yes,2,Low,High,Negative,3,No,High School,Near,Male,63,0.004296211476282077,-1.3937828664945324,1,2
76,Low,Medium,No,5,Yes,1,Medium,Medium,Neutral,4,Yes,High School,Moderate,Male,65,0.6720791058837999,0.20365076129985382,0,2
62,Medium,Low,No,6,Yes,2,Low,Medium,Neutral,4,No,High School,Near,Male,61,-1.1643238537368743,0.759279849228336,1,2
93,Low,Medium,No,9,Yes,0,Medium,High,Neutral,1,No,Postgraduate,Far,Female,68,0.17124193507816154,-0.3519783266286284,1,1
68,Medium,High,Yes,8,Yes,3,Low,Medium,Neutral,2,No,College,Moderate,Male,65,0.17124193507816154,-1.6021437744677132,1,1
73,Low,Low,No,6,No,1,Low,Medium,Negative,2,No,College,Near,Female,61,-0.6634866829312358,1.3149089371568181,0,1
95,Medium,High,Yes,8,Yes,0,Low,Medium,Positive,3,No,Postgraduate,Moderate,Male,69,-0.6634866829312358,-1.6021437744677132,0,1
90,Low,Medium,Yes,10,Yes,2,High,High,Neutral,4,No,College,Near,Male,72,0.17124193507816154,1.3843625731478784,0,2
69,Medium,Low,Yes,7,No,2,Medium,Medium,Negative,3,Yes,High School,Near,Female,59,-1.1643238537368743,-1.532690138476653,0,2
63,Medium,Medium,No,9,Yes,0,High,High,Negative,2,No,College,Moderate,Female,63,0.338187658680041,0.8287334852193963,1,0
89,Medium,Medium,Yes,8,Yes,3,Low,High,Negative,3,No,High School,Near,Male,69,-0.8304324065331153,1.4538162091389386,1,2
76,Low,Low,No,7,Yes,1,Low,High,Neutral,1,No,Postgraduate,Near,Male,67,1.005970553087559,1.3843625731478784,1,2
91,Low,Medium,No,7,No,1,Medium,Medium,Negative,3,Yes,College,Moderate,Male,70,2.3415363419025947,1.3843625731478784,1,1
78,Medium,High,No,8,Yes,0,Low,Medium,Positive,4,No,Postgraduate,Moderate,Male,67,-0.8304324065331153,1.3149089371568181,0,2
74,Medium,Medium,Yes,6,No,1,Low,Medium,Positive,2,No,College,Near,Male,66,0.5051333822819205,0.06474348931773327,1,1
78,Medium,Medium,Yes,4,Yes,5,High,Medium,Positive,3,No,High School,Near,Female,68,-0.6634866829312358,0.20365076129985382,1,1
90,Low,High,Yes,6,Yes,1,Low,Medium,Neutral,3,No,Postgraduate,Near,Male,71,1.005970553087559,0.4120116692730346,0,1
96,High,Medium,No,4,Yes,3,Medium,Medium,Neutral,0,Yes,High School,Near,Male,69,-1.3312695773387537,1.3843625731478784,0,1
62,High,Medium,Yes,6,Yes,0,High,Medium,Neutral,2,No,High School,Moderate,Male,65,0.5051333822819205,1.1760016651746976,1,0
81,Medium,Medium,No,4,Yes,0,Low,Medium,Negative,3,No,Postgraduate,Near,Female,66,-0.8304324065331153,0.9676407572015168,0,2
61,Medium,High,Yes,8,Yes,2,Medium,High,Positive,4,No,High School,Near,Male,66,-0.1626495121255974,0.6203725772462154,1,2
79,High,Medium,No,5,Yes,3,High,Medium,Negative,3,No,High School,Near,Female,67,-0.9973781301349948,0.4120116692730346,1,2
95,High,Medium,Yes,8,Yes,1,Medium,Medium,Neutral,4,No,Postgraduate,Near,Male,74,0.8390248294856795,1.4538162091389386,1,0
74,High,High,No,8,Yes,3,Low,Medium,Positive,5,No,High School,Moderate,Male,66,-0.8304324065331153,-1.0465146865392312,1,0
97,Medium,High,Yes,8,Yes,1,Medium,High,Neutral,3,No,College,Near,Male,72,0.5051333822819205,-1.0465146865392312,1,1
85,High,Low,Yes,4,Yes,0,Low,Medium,Neutral,4,No,College,Near,Male,69,-0.3295952357274769,1.6621771171121196,0,2
97,Low,High,No,9,Yes,0,Medium,Medium,Negative,4,No,High School,Moderate,Female,68,-0.1626495121255974,0.20365076129985382,0,1
90,Medium,High,Yes,8,Yes,4,Low,Medium,Neutral,3,No,High School,Near,Male,71,0.17124193507816154,-0.07416378266438728,0,1
64,Medium,Medium,No,8,Yes,0,Low,Medium,Negative,2,No,High School,Near,Female,61,-0.8304324065331153,1.2454553011657579,1,1
69,Medium,Medium,Yes,10,Yes,2,Low,Medium,Neutral,3,No,High School,Near,Male,65,0.17124193507816154,1.1760016651746976,0,0
76,Medium,High,Yes,8,Yes,4,Low,High,Neutral,2,No,Postgraduate,Near,Male,71,1.5068077238931974,-1.1159683225302914,1,1
67,Low,Medium,Yes,5,Yes,0,Low,Medium,Neutral,3,No,High School,Near,Male,59,-0.8304324065331153,-1.1159683225302914,0,0
80,High,Medium,No,8,Yes,1,Medium,High,Neutral,3,No,Postgraduate,Near,Female,71,1.1729162766894383,1.0370943931925771,1,0
79,Medium,High,No,5,Yes,0,High,High,Neutral,3,No,Postgraduate,Near,Female,72,1.5068077238931974,0.9676407572015168,1,1
98,High,High,Yes,7,Yes,1,Low,High,Positive,3,No,College,Moderate,Female,71,-0.8304324065331153,-0.9770610505481708,0,1
77,Low,Low,Yes,6,Yes,0,Low,Medium,Neutral,5,No,High School,Near,Male,61,-1.4982153009406332,1.1760016651746976,1,0
91,Medium,Medium,No,7,Yes,1,Medium,Medium,Negative,2,Yes,College,Moderate,Female,67,0.338187658680041,-0.07416378266438728,0,1
98,Medium,Medium,No,5,Yes,0,Low,High,Negative,2,No,College,Moderate,Male,67,-0.4965409593293564,-0.14361741865544755,1,0
95,Medium,Medium,No,5,Yes,1,Medium,Medium,Neutral,4,No,High School,Near,Female,74,1.8406991710969562,1.6621771171121196,0,1
68,High,High,No,6,Yes,2,Medium,Medium,Neutral,3,No,High School,Near,Female,66,0.004296211476282077,0.06474348931773327,1,0
80,Medium,Medium,Yes,7,Yes,1,Low,Medium,Negative,4,No,High School,Near,Male,63,-0.8304324065331153,-1.254875594512412,0,0
74,Medium,Medium,No,6,Yes,4,High,High,Neutral,3,Yes,High School,Near,Male,63,-1.1643238537368743,-0.76870014257499,0,0
76,High,High,No,9,Yes,1,Low,Medium,Positive,4,No,High School,Far,Female,68,1.1729162766894383,-0.5603392346018092,1,1
74,Medium,Low,Yes,8,Yes,1,High,High,Neutral,3,No,High School,Near,Female,65,-0.4965409593293564,1.5927234811210593,1,0
93,Medium,Low,No,8,Yes,0,Low,High,Negative,3,No,High School,Moderate,Male,66,0.004296211476282077,-0.8381537785660502,1,1
78,Medium,Medium,No,6,Yes,1,Low,Medium,Neutral,3,No,High School,Moderate,Female,67,1.005970553087559,-0.21307105464650783,0,1
81,Medium,Medium,No,5,Yes,0,Low,High,Neutral,2,No,College,Near,Female,67,-0.4965409593293564,0.8287334852193963,0,2
99,Medium,Low,Yes,7,Yes,0,Medium,Medium,Positive,4,No,High School,Near,Male,70,0.004296211476282077,-0.76870014257499,1,2
62,Low,Medium,Yes,10,Yes,5,Low,Medium,Neutral,4,No,High School,Near,Male,65,0.004296211476282077,0.6898262132372758,0,2
80,Medium,Medium,Yes,7,Yes,1,High,High,Positive,3,No,High School,Moderate,Female,68,0.6720791058837999,-1.0465146865392312,1,1
91,Medium,High,Yes,9,Yes,3,Low,Medium,Negative,4,No,College,Moderate,Male,70,0.6720791058837999,-0.9076074145571106,1,0
66,High,Low,No,9,Yes,1,Medium,Medium,Positive,3,No,College,Near,Male,66,-0.1626495121255974,1.6621771171121196,1,1
84,High,Medium,Yes,8,Yes,0,Low,Medium,Positive,4,No,Postgraduate,Near,Male,69,0.004296211476282077,-0.49088559861074893,0,1
70,Medium,Medium,No,7,Yes,1,High,Medium,Positive,2,No,High School,Near,Female,65,-0.3295952357274769,0.759279849228336,1,1
95,Medium,Medium,Yes,6,No,2,Medium,Low,Neutral,3,No,Postgraduate,Moderate,Female,68,-1.4982153009406332,1.1760016651746976,1,1
73,Low,Medium,Yes,7,Yes,3,High,Medium,Positive,2,No,High School,Far,Male,65,0.338187658680041,-0.5603392346018092,0,1
73,Medium,High,Yes,6,Yes,1,Medium,Medium,Positive,3,No,High School,Near,Female,70,1.8406991710969562,-0.49088559861074893,1,2
84,Low,Low,Yes,7,Yes,1,Low,High,Neutral,3,No,High School,Near,Female,65,-0.8304324065331153,0.9676407572015168,1,2
67,High,Medium,Yes,5,Yes,3,Medium,High,Neutral,4,No,College,Near,Male,67,-0.8304324065331153,0.3425580332819744,1,2
71,High,Low,No,6,No,5,Low,Medium,Positive,4,No,College,Near,Female,64,-0.8304324065331153,-0.49088559861074893,1,0
77,Medium,Medium,No,8,Yes,2,Low,Medium,Positive,1,Yes,Postgraduate,Moderate,Female,68,0.6720791058837999,0.8287334852193963,1,2
74,Medium,High,Yes,6,Yes,4,High,Medium,Neutral,3,No,High School,Near,Female,70,0.5051333822819205,1.2454553011657579,0,1
81,Low,High,Yes,6,No,1,Medium,Low,Negative,3,No,High School,Moderate,Female,64,-0.1626495121255974,-0.9076074145571106,1,1
84,High,Medium,No,6,Yes,4,High,Medium,Neutral,3,No,High School,Near,Male,67,-0.9973781301349948,-1.6715974104587736,1,0
83,High,High,No,7,Yes,2,Medium,Low,Neutral,2,No,High School,Near,Male,68,0.17124193507816154,-0.76870014257499,0,1
86,Medium,Medium,Yes,4,Yes,5,Low,High,Neutral,4,Yes,High School,Near,Male,67,-1.4982153009406332,0.6203725772462154,1,1
72,Medium,Low,Yes,6,Yes,4,High,Medium,Positive,2,Yes,College,Moderate,Female,66,0.17124193507816154,1.4538162091389386,1,0
65,Medium,High,Yes,8,No,2,Medium,Medium,Negative,3,No,College,Moderate,Female,66,0.8390248294856795,1.2454553011657579,1,0
90,Medium,Low,Yes,7,Yes,2,Low,High,Positive,2,No,High School,Near,Male,66,-1.3312695773387537,-0.9770610505481708,0,1
94,Low,Low,Yes,8,Yes,2,Low,Medium,Positive,2,No,College,Near,Male,67,-1.4982153009406332,1.3149089371568181,1,1
70,Medium,Medium,Yes,4,Yes,2,Low,Medium,Positive,3,No,College,Near,Male,69,1.5068077238931974,1.1065480291836374,1,0
76,Low,Medium,No,6,Yes,3,Low,Medium,Neutral,4,No,College,Near,Female,65,-0.6634866829312358,0.8287334852193963,0,1
80,Low,Low,Yes,7,Yes,4,Low,Medium,Positive,3,No,College,Moderate,Male,68,1.1729162766894383,0.6203725772462154,1,0
81,Low,High,No,8,Yes,2,Low,Medium,Neutral,3,No,High School,Near,Female,67,-0.1626495121255974,1.0370943931925771,0,1
86,Medium,Medium,Yes,9,Yes,1,Low,High,Positive,3,No,College,Near,Male,69,-0.1626495121255974,1.2454553011657579,1,0
62,Medium,Medium,No,8,No,3,High,Low,Neutral,3,No,High School,Moderate,Male,64,0.5051333822819205,1.1065480291836374,1,2
89,Medium,Medium,No,6,Yes,2,Medium,Medium,Positive,4,No,College,Near,Male,67,-0.8304324065331153,-1.3243292305034722,1,0
62,High,Medium,No,6,Yes,2,Medium,High,Positive,4,No,High School,Near,Female,67,0.17124193507816154,0.759279849228336,0,1
79,Medium,High,No,9,Yes,1,Low,Medium,Neutral,3,No,College,Near,Male,67,-0.3295952357274769,1.1760016651746976,0,0
93,Medium,High,No,6,Yes,2,Low,Medium,Positive,3,No,High School,Moderate,Female,67,-1.3312695773387537,-1.1159683225302914,0,1
78,Medium,High,Yes,5,Yes,2,Low,Medium,Neutral,4,No,College,Near,Male,68,0.338187658680041,-0.9770610505481708,1,0
66,Medium,Medium,Yes,7,Yes,4,Low,Medium,Positive,3,Yes,High School,Near,Male,65,-0.3295952357274769,0.9676407572015168,1,2
99,Low,High,No,9,Yes,3,High,Medium,Neutral,1,No,College,Moderate,Male,70,-0.1626495121255974,-0.5603392346018092,1,0
96,Medium,Medium,No,6,Yes,1,Low,High,Neutral,3,No,College,Near,Female,68,-1.1643238537368743,-0.3519783266286284,1,1
91,High,Low,Yes,6,Yes,2,Medium,High,Negative,4,No,High School,Moderate,Female,72,1.6737534474950768,-0.4214319626196886,1,1
76,Medium,High,No,6,Yes,1,Medium,Medium,Neutral,3,No,Postgraduate,Far,Male,67,0.8390248294856795,-0.9770610505481708,1,1
67,High,Low,Yes,8,Yes,2,Medium,Medium,Neutral,0,No,High School,Moderate,Female,66,1.005970553087559,1.523269845129999,1,1
98,Low,Low,Yes,7,Yes,0,High,High,Positive,1,No,High School,Moderate,Male,68,-0.3295952357274769,1.0370943931925771,0,0
81,Medium,High,No,8,Yes,1,Low,Low,Neutral,2,No,High School,Near,Male,64,-1.6651610245425126,-0.8381537785660502,1,1
94,Medium,High,Yes,9,Yes,4,Medium,Medium,Positive,2,Yes,High School,Near,Male,75,2.007644894698836,-1.3937828664945324,0,2
74,High,Low,Yes,5,Yes,1,Medium,Medium,Positive,4,No,College,Moderate,Female,66,0.004296211476282077,-0.4214319626196886,1,2
73,High,High,Yes,6,Yes,0,Low,Medium,Positive,4,No,Postgraduate,Near,Male,67,-0.6634866829312358,-0.2825246906375681,1,1
99,High,High,No,6,No,1,High,Medium,Neutral,5,Yes,High School,Near,Male,71,0.5051333822819205,-1.7410510464498339,0,1
81,Low,High,No,7,Yes,0,Low,Medium,Neutral,4,No,College,Moderate,Male,68,1.1729162766894383,1.3149089371568181,1,0
66,Medium,Medium,Yes,8,Yes,2,Low,High,Neutral,3,No,High School,Near,Male,65,0.004296211476282077,1.2454553011657579,1,1
69,Low,High,Yes,6,Yes,0,High,Low,Negative,3,No,College,Near,Male,67,1.339862000291318,1.2454553011657579,1,0
79,Low,High,Yes,6,No,0,High,Medium,Negative,2,Yes,College,Moderate,Male,66,1.005970553087559,1.0370943931925771,0,0
62,Low,Medium,No,8,Yes,1,Medium,Medium,Positive,1,No,High School,Moderate,Male,60,-0.9973781301349948,0.8287334852193963,1,1
79,Medium,Medium,No,8,Yes,2,Low,Medium,Neutral,3,Yes,Postgraduate,Moderate,Female,64,-0.6634866829312358,0.4814653052640949,0,0
77,Medium,Medium,Yes,7,Yes,0,High,Medium,Neutral,1,No,Postgraduate,Near,Male,69,1.005970553087559,1.5927234811210593,1,0
91,Medium,Medium,No,4,Yes,3,Low,Medium,Neutral,4,Yes,College,Moderate,Male,64,-2.6668353661537894,0.759279849228336,0,0
74,Medium,High,No,9,Yes,2,Low,Medium,Neutral,3,No,High School,Moderate,Male,66,-0.1626495121255974,0.4814653052640949,0,2
99,High,Medium,Yes,7,Yes,3,Low,Medium,Positive,3,No,College,Near,Male,72,-1.4982153009406332,0.9676407572015168,1,2
67,Low,Low,Yes,7,Yes,0,Low,Medium,Positive,4,No,High School,Moderate,Female,60,-0.4965409593293564,-0.9076074145571106,1,1
84,Low,High,Yes,6,Yes,3,Medium,Medium,Positive,3,No,High School,Near,Male,69,-0.3295952357274769,1.5927234811210593,1,0
64,Medium,Medium,Yes,6,Yes,2,Low,Medium,Positive,1,No,High School,Near,Female,62,-0.3295952357274769,-1.6715974104587736,1,1
89,Medium,Medium,Yes,6,Yes,3,Medium,Medium,Positive,3,No,College,Near,Female,70,-0.4965409593293564,0.4814653052640949,0,1
100,Low,Low,Yes,4,Yes,3,Low,Low,Positive,2,No,High School,Near,Female,65,-1.1643238537368743,-1.4632365024855927,1,0
93,High,Medium,Yes,6,Yes,2,Low,High,Neutral,4,No,High School,Near,Male,77,2.3415363419025947,1.2454553011657579,1,2
82,Medium,High,Yes,5,Yes,0,Low,Low,Neutral,3,No,High School,Near,Male,71,1.8406991710969562,1.5927234811210593,1,1
79,Medium,High,No,7,Yes,4,Low,Medium,Positive,3,Yes,High School,Near,Female,66,-1.1643238537368743,-0.3519783266286284,1,2
93,Medium,Medium,No,5,Yes,2,Low,Medium,Positive,3,No,Postgraduate,Near,Female,74,1.5068077238931974,1.2454553011657579,1,1
97,Medium,High,No,8,Yes,1,Medium,High,Neutral,3,No,High School,Near,Male,70,-0.3295952357274769,-0.5603392346018092,1,1
100,Medium,Medium,No,5,Yes,2,Medium,Medium,Neutral,2,No,High School,Moderate,Male,69,0.17124193507816154,-1.1854219585213517,0,1
76,Medium,Medium,No,9,Yes,2,Low,Medium,Negative,2,No,College,Moderate,Male,64,0.004296211476282077,-0.76870014257499,1,0
100,Medium,Medium,Yes,8,Yes,1,High,Medium,Positive,2,Yes,College,Moderate,Female,69,-0.6634866829312358,-0.6992465065839297,1,2
66,High,High,Yes,5,Yes,1,Low,Medium,Neutral,3,No,High School,Near,Female,68,1.005970553087559,0.4814653052640949,1,1
70,Medium,Low,Yes,7,No,1,Low,Medium,Neutral,4,No,High School,Moderate,Male,63,0.17124193507816154,1.0370943931925771,1,1
64,Medium,Medium,Yes,6,Yes,1,Medium,Medium,Positive,2,Yes,High School,Near,Male,61,-0.4965409593293564,-1.0465146865392312,0,1
71,Medium,Medium,No,8,Yes,0,Low,Low,Positive,5,No,College,Near,Male,61,-1.3312695773387537,-1.4632365024855927,1,1
91,Medium,Low,Yes,10,Yes,0,Low,High,Neutral,4,No,High School,Moderate,Male,65,-0.8304324065331153,-0.9770610505481708,1,1
94,Medium,High,No,9,Yes,3,Low,Low,Negative,2,No,High School,Moderate,Female,65,-1.6651610245425126,-0.6992465065839297,0,1
91,High,Medium,Yes,6,Yes,0,High,Medium,Positive,3,Yes,High School,Moderate,Female,69,0.004296211476282077,-0.76870014257499,0,2
85,High,High,Yes,7,Yes,3,Medium,High,Positive,2,No,High School,Moderate,Female,69,-1.1643238537368743,-0.9770610505481708,1,2
81,Low,Medium,No,9,Yes,1,High,Medium,Negative,2,No,High School,Near,Male,65,-0.3295952357274769,-0.14361741865544755,1,1
88,Low,High,Yes,8,Yes,3,Low,Medium,Negative,1,No,Postgraduate,Moderate,Female,72,1.339862000291318,1.2454553011657579,1,1
76,High,High,Yes,9,Yes,3,Low,Medium,Neutral,0,No,High School,Moderate,Female,69,1.1729162766894383,-1.3937828664945324,0,1
94,High,Medium,Yes,8,Yes,1,Medium,Medium,Neutral,3,No,College,Moderate,Female,71,0.004296211476282077,1.2454553011657579,1,0
87,Medium,Medium,Yes,7,Yes,2,Low,Low,Negative,3,No,High School,Moderate,Female,67,-0.1626495121255974,-0.004710146673327003,1,1
88,Medium,High,No,7,Yes,0,Low,Medium,Neutral,2,No,High School,Near,Male,72,1.8406991710969562,0.5509189412551552,0,1
81,High,High,No,5,Yes,0,High,High,Positive,3,Yes,High School,Near,Female,70,0.5051333822819205,1.1065480291836374,1,0
95,Low,Medium,Yes,6,Yes,1,Low,High,Negative,3,No,High School,Near,Female,68,-0.3295952357274769,-0.6992465065839297,1,2
70,Medium,Medium,No,6,Yes,3,High,Medium,Neutral,4,No,Postgraduate,Near,Female,66,-1.4982153009406332,1.5927234811210593,0,1
75,Medium,High,No,6,Yes,4,Low,High,Positive,4,No,High School,Near,Male,68,0.338187658680041,-1.4632365024855927,1,0
91,High,Low,Yes,7,Yes,1,Low,High,Positive,3,No,College,Near,Female,71,0.8390248294856795,0.06474348931773327,0,0
80,Low,Medium,Yes,7,Yes,2,Low,Medium,Neutral,3,No,High School,Far,Male,63,-0.6634866829312358,-0.8381537785660502,0,2
96,Medium,High,No,7,No,2,Medium,Medium,Negative,4,No,College,Moderate,Male,70,0.338187658680041,-0.3519783266286284,0,1
74,Medium,High,No,8,Yes,1,Low,High,Negative,2,No,College,Moderate,Male,65,-0.3295952357274769,-0.21307105464650783,1,2
75,High,High,Yes,6,Yes,2,Medium,Medium,Positive,4,No,High School,Near,Female,70,-0.1626495121255974,1.4538162091389386,1,1
96,Medium,Low,Yes,8,Yes,3,Medium,Medium,Negative,5,No,High School,Near,Male,65,-2.49988964255191,-0.21307105464650783,1,0
79,High,High,Yes,9,Yes,0,Medium,Medium,Positive,2,No,High School,Moderate,Male,68,-0.1626495121255974,0.6898262132372758,1,1
81,High,Medium,Yes,8,Yes,1,Medium,Low,Neutral,2,Yes,High School,Near,Female,69,1.005970553087559,1.5927234811210593,0,0
73,Medium,Medium,Yes,6,Yes,3,Medium,Medium,Positive,3,No,High School,Moderate,Female,66,-0.6634866829312358,-0.004710146673327003,1,2
71,Low,Medium,No,8,Yes,0,Medium,High,Neutral,3,No,High School,Far,Female,62,0.004296211476282077,-0.3519783266286284,0,1
86,Medium,High,No,8,Yes,2,Medium,Medium,Neutral,5,No,High School,Near,Male,70,-0.8304324065331153,1.6621771171121196,1,2
65,High,Low,No,8,Yes,2,High,Medium,Negative,2,No,College,Moderate,Female,65,0.338187658680041,1.1065480291836374,1,1
95,Low,High,Yes,9,Yes,0,Medium,Medium,Neutral,2,No,Postgraduate,Near,Male,71,-0.1626495121255974,1.523269845129999,1,0
91,Medium,High,Yes,8,Yes,2,Low,Medium,Neutral,0,No,Postgraduate,Moderate,Male,68,-0.9973781301349948,-0.3519783266286284,0,1
68,Low,Low,Yes,9,Yes,0,Medium,Medium,Negative,3,No,Postgraduate,Near,Male,65,1.339862000291318,0.6898262132372758,1,1
88,Low,High,Yes,7,No,1,High,High,Positive,2,No,High School,Near,Female,70,1.005970553087559,-0.9076074145571106,0,2
84,Medium,High,Yes,6,Yes,0,High,Medium,Positive,3,No,High School,Moderate,Male,69,-0.6634866829312358,1.2454553011657579,1,1
67,Medium,Low,Yes,9,Yes,1,Medium,Medium,Positive,3,No,College,Moderate,Male,66,0.5051333822819205,1.523269845129999,0,1
71,Medium,Medium,Yes,6,Yes,1,Low,High,Positive,5,No,High School,Moderate,Male,66,0.5051333822819205,-0.8381537785660502,1,0
76,High,Medium,No,10,Yes,2,Low,Medium,Positive,4,No,High School,Near,Male,67,0.6720791058837999,-1.3937828664945324,1,0
88,Low,Medium,No,9,Yes,1,Low,Medium,Positive,3,No,High School,Moderate,Female,63,-1.6651610245425126,-1.0465146865392312,1,1
86,Low,High,Yes,7,Yes,2,Low,Medium,Positive,3,No,High School,Moderate,Female,70,1.005970553087559,0.4814653052640949,0,1
81,High,Medium,No,9,Yes,0,High,Medium,Positive,3,Yes,High School,Far,Male,65,-0.4965409593293564,-0.76870014257499,1,1
91,Medium,High,No,8,Yes,3,Medium,Medium,Positive,2,No,High School,Moderate,Male,70,-0.3295952357274769,0.4814653052640949,0,1
90,Medium,High,Yes,5,Yes,1,Low,High,Positive,2,No,High School,Moderate,Male,74,2.6754277891063536,-0.49088559861074893,1,0
85,High,Medium,Yes,6,Yes,0,Low,Medium,Neutral,3,No,High School,Moderate,Female,69,0.338187658680041,1.4538162091389386,1,1
91,High,Medium,No,7,Yes,0,Low,Medium,Negative,4,No,College,Near,Male,68,-0.3295952357274769,-0.14361741865544755,1,0
73,Medium,Medium,Yes,7,Yes,1,High,High,Positive,3,No,College,Near,Male,64,-2.165998195348151,-0.004710146673327003,0,1
95,High,Medium,No,9,Yes,2,Medium,Medium,Neutral,3,No,High School,Near,Male,73,1.339862000291318,-0.5603392346018092,1,0
85,Medium,Medium,Yes,7,Yes,4,Low,High,Positive,3,No,College,Moderate,Male,66,-1.3312695773387537,-1.4632365024855927,1,1
93,Medium,Low,Yes,5,Yes,0,Medium,High,Negative,3,No,High School,Moderate,Male,65,-0.9973781301349948,-0.004710146673327003,1,0
82,High,Low,Yes,6,Yes,0,Medium,Medium,Positive,1,Yes,College,Moderate,Male,66,-0.3295952357274769,0.9676407572015168,0,2
69,Medium,Low,No,8,Yes,0,Medium,Medium,Positive,5,No,High School,Near,Male,67,1.339862000291318,1.5927234811210593,1,1
82,Medium,High,No,4,Yes,0,Medium,Medium,Neutral,3,No,High School,Near,Male,67,0.8390248294856795,-1.4632365024855927,1,1
75,Medium,Medium,Yes,5,Yes,0,Medium,Medium,Negative,3,No,Postgraduate,Near,Female,66,-0.1626495121255974,1.0370943931925771,0,2
88,Medium,Low,Yes,6,Yes,3,Low,Medium,Positive,3,No,Postgraduate,Near,Male,69,0.338187658680041,-0.8381537785660502,1,0
79,Medium,Medium,Yes,8,Yes,4,High,Medium,Positive,1,No,Postgraduate,Near,Male,69,-0.6634866829312358,1.1065480291836374,0,1
93,Medium,Low,No,7,Yes,2,Low,Medium,Neutral,3,No,College,Far,Female,68,0.17124193507816154,-0.5603392346018092,1,2
87,Low,Low,No,8,No,1,High,Medium,Negative,1,No,College,Near,Female,64,0.004296211476282077,-1.3243292305034722,1,1
87,Medium,Medium,Yes,7,Yes,1,High,Medium,Negative,2,No,High School,Near,Male,70,1.005970553087559,0.4120116692730346,1,1
69,Medium,Medium,No,7,Yes,1,Low,Medium,Negative,4,No,Postgraduate,Near,Female,67,1.005970553087559,1.3843625731478784,1,1
99,Low,Low,No,6,Yes,1,Medium,Medium,Positive,3,No,High School,Far,Male,68,0.5051333822819205,-1.1159683225302914,1,1
94,Medium,Medium,Yes,8,Yes,0,High,Medium,Positive,3,Yes,College,Moderate,Female,67,-0.3295952357274769,-1.6715974104587736,1,1
92,High,Medium,Yes,5,Yes,1,Medium,Medium,Neutral,2,No,Postgraduate,Near,Female,73,0.6720791058837999,1.3149089371568181,1,0
73,Medium,Medium,Yes,7,Yes,1,Medium,Medium,Neutral,3,No,High School,Far,Male,65,-0.1626495121255974,0.6898262132372758,1,1
81,Medium,High,No,9,Yes,3,High,High,Neutral,3,No,Postgraduate,Near,Male,69,-0.9973781301349948,1.0370943931925771,1,1
65,Medium,Medium,Yes,6,Yes,1,Medium,Medium,Positive,3,Yes,Postgraduate,Near,Male,63,-0.3295952357274769,-1.532690138476653,0,1
82,Medium,Medium,No,5,Yes,3,Low,Low,Positive,4,No,High School,Near,Female,68,0.17124193507816154,1.3843625731478784,1,1
66,Medium,High,No,4,Yes,0,Medium,Medium,Negative,3,Yes,High School,Near,Female,64,0.8390248294856795,-0.2825246906375681,1,2
82,Low,High,No,8,Yes,2,Low,High,Neutral,4,Yes,Postgraduate,Moderate,Female,68,-0.1626495121255974,1.3843625731478784,1,1
86,Medium,High,Yes,8,Yes,2,Low,High,Positive,4,No,High School,Far,Male,66,-1.1643238537368743,-1.532690138476653,1,1
76,Medium,Medium,No,6,Yes,2,Low,High,Neutral,3,Yes,High School,Moderate,Male,65,0.004296211476282077,1.3149089371568181,1,0
80,Medium,Medium,Yes,5,Yes,4,Low,Medium,Neutral,2,No,Postgraduate,Near,Female,69,0.17124193507816154,0.6203725772462154,0,0
95,Low,Medium,No,7,Yes,2,Low,High,Neutral,2,Yes,High School,Near,Male,69,0.17124193507816154,0.20365076129985382,1,2
64,Low,High,Yes,9,No,2,Low,High,Negative,4,No,College,Near,Male,64,1.005970553087559,-1.532690138476653,1,1
92,High,High,No,5,Yes,0,Medium,High,Neutral,2,No,Postgraduate,Near,Male,74,1.005970553087559,0.6203725772462154,1,2
67,High,Medium,No,9,Yes,1,Low,High,Neutral,3,No,High School,Near,Female,64,-0.6634866829312358,0.3425580332819744,1,1
61,Medium,Low,No,4,Yes,3,Medium,High,Positive,4,No,High School,Near,Female,63,-0.6634866829312358,0.759279849228336,1,1
67,High,Medium,Yes,5,No,0,High,Medium,Positive,4,No,College,Moderate,Female,64,-0.9973781301349948,0.759279849228336,1,1
91,Medium,Medium,Yes,7,Yes,3,Medium,High,Neutral,3,No,High School,Moderate,Male,71,0.6720791058837999,-0.21307105464650783,1,1
76,Low,High,Yes,8,Yes,2,Medium,Medium,Negative,3,No,High School,Near,Female,68,1.5068077238931974,-1.0465146865392312,1,1
95,Medium,Medium,Yes,9,Yes,4,Medium,Medium,Negative,4,No,College,Near,Female,72,-0.3295952357274769,1.4538162091389386,1,0
81,Medium,Low,Yes,8,Yes,1,Low,Medium,Negative,4,No,Postgraduate,Near,Male,67,-0.1626495121255974,1.4538162091389386,0,2
61,Medium,High,No,9,Yes,0,Low,Medium,Negative,3,No,High School,Near,Male,64,1.5068077238931974,-0.9770610505481708,0,1
89,Medium,Low,No,7,Yes,2,High,High,Positive,1,No,College,Near,Male,70,0.5051333822819205,0.4814653052640949,1,1
64,High,Medium,Yes,6,Yes,2,Medium,Medium,Negative,3,No,College,Near,Female,65,0.5051333822819205,-1.0465146865392312,1,0
92,High,Medium,No,9,Yes,2,High,Medium,Negative,2,No,College,Moderate,Male,69,-1.1643238537368743,1.2454553011657579,1,2
67,High,Medium,No,9,Yes,2,Low,Low,Positive,2,No,College,Moderate,Male,65,0.6720791058837999,-1.3937828664945324,1,2
74,High,Medium,No,8,Yes,1,Low,Medium,Neutral,3,No,College,Near,Male,66,-0.9973781301349948,1.7316307531031798,1,1
90,High,Medium,No,8,Yes,0,Medium,Medium,Positive,3,No,High School,Moderate,Female,67,-1.1643238537368743,0.4120116692730346,1,1
98,Medium,Low,No,9,Yes,1,High,Medium,Neutral,4,No,College,Near,Male,68,-0.3295952357274769,-1.6715974104587736,1,1
75,Medium,Medium,Yes,8,Yes,0,Medium,Medium,Positive,3,No,High School,Moderate,Male,65,-0.6634866829312358,1.3149089371568181,0,1
93,Medium,Medium,No,7,No,0,Medium,Low,Neutral,2,No,College,Near,Male,68,-0.1626495121255974,0.6203725772462154,1,2
68,Medium,High,Yes,8,No,2,Medium,Medium,Negative,2,No,College,Near,Male,63,-1.4982153009406332,0.6898262132372758,1,2
92,Medium,Medium,No,8,Yes,1,Medium,Medium,Positive,5,No,High School,Near,Male,71,1.005970553087559,-0.76870014257499,0,1
86,High,Medium,No,8,Yes,1,Low,Medium,Positive,4,No,College,Near,Male,71,1.1729162766894383,-0.5603392346018092,1,1
68,High,Medium,Yes,7,Yes,2,Low,High,Positive,3,No,Postgraduate,Near,Female,65,-1.9990524717462717,1.4538162091389386,1,1
72,Medium,Low,No,8,Yes,2,Medium,Low,Negative,2,No,Postgraduate,Far,Female,65,1.005970553087559,0.4814653052640949,1,1
65,Medium,Low,Yes,8,Yes,1,High,Medium,Positive,3,No,High School,Moderate,Female,61,-0.8304324065331153,-1.6715974104587736,1,1
75,High,High,Yes,7,Yes,0,Low,High,Negative,4,No,High School,Near,Male,68,0.8390248294856795,-0.6297928705928695,1,0
68,Low,Medium,Yes,6,Yes,4,Low,Medium,Neutral,4,No,College,Near,Female,65,0.004296211476282077,0.3425580332819744,0,0
86,Low,Medium,No,9,Yes,0,Medium,High,Positive,4,No,High School,Moderate,Male,66,0.004296211476282077,-1.254875594512412,1,1
100,High,Low,Yes,5,Yes,2,Low,Medium,Positive,4,No,High School,Moderate,Male,69,-0.1626495121255974,-1.3937828664945324,1,0
60,High,High,No,6,Yes,3,Low,Low,Positive,2,No,High School,Moderate,Female,65,1.1729162766894383,-1.532690138476653,0,0
82,Medium,High,No,7,Yes,1,Low,Low,Positive,3,No,High School,Near,Female,65,-1.1643238537368743,0.4814653052640949,1,1
83,High,Medium,No,4,Yes,2,Medium,High,Positive,4,Yes,Postgraduate,Moderate,Male,70,0.6720791058837999,-0.6297928705928695,0,2
97,Medium,Medium,No,9,Yes,1,Low,Medium,Neutral,2,No,High School,Moderate,Female,70,1.1729162766894383,-0.4214319626196886,0,1
80,Medium,Medium,Yes,7,Yes,2,Low,Medium,Positive,4,Yes,High School,Near,Female,67,0.6720791058837999,-1.532690138476653,1,1
82,Medium,High,Yes,9,Yes,3,Low,Medium,Positive,4,No,High School,Near,Female,75,2.3415363419025947,0.8287334852193963,1,2
79,Low,Low,Yes,10,Yes,3,Medium,High,Neutral,3,No,High School,Moderate,Female,65,-0.4965409593293564,0.8981871212104565,0,0
71,Medium,Medium,Yes,7,No,2,Low,Medium,Neutral,3,No,High School,Moderate,Female,66,1.005970553087559,1.1065480291836374,0,1
62,High,Medium,Yes,9,Yes,2,Medium,Medium,Positive,3,No,College,Near,Male,67,-0.1626495121255974,0.5509189412551552,1,2
76,Low,Medium,Yes,5,Yes,0,Low,Medium,Positive,4,No,Postgraduate,Far,Male,67,1.1729162766894383,0.9676407572015168,0,0
62,Low,Medium,No,8,Yes,2,Low,Medium,Positive,1,No,High School,Near,Female,62,0.004296211476282077,0.27310439729091407,1,2
82,Medium,Medium,Yes,6,Yes,0,Low,Medium,Negative,4,No,College,Near,Male,66,-0.3295952357274769,-0.004710146673327003,0,1
72,Low,High,No,8,Yes,1,Low,High,Neutral,2,No,High School,Near,Male,66,1.339862000291318,-0.8381537785660502,1,0
81,High,Low,Yes,8,Yes,0,Medium,Medium,Neutral,2,No,High School,Far,Male,64,-0.4965409593293564,-1.532690138476653,1,2
65,Low,Medium,No,7,Yes,2,Medium,Medium,Neutral,2,No,High School,Near,Male,60,-1.3312695773387537,-0.6992465065839297,1,1
97,Medium,Medium,Yes,8,No,3,Low,Low,Neutral,3,No,Postgraduate,Near,Female,70,-0.4965409593293564,0.6203725772462154,0,1
96,Medium,Medium,No,8,Yes,2,Low,Low,Positive,3,No,College,Near,Female,72,0.6720791058837999,1.4538162091389386,1,1
68,High,Medium,Yes,7,Yes,0,Low,High,Negative,2,No,College,Near,Male,67,1.339862000291318,-0.8381537785660502,1,1
74,Medium,High,Yes,10,Yes,1,High,Medium,Neutral,3,No,High School,Moderate,Female,67,0.17124193507816154,0.5509189412551552,1,0
85,Medium,Medium,Yes,7,Yes,1,Medium,High,Positive,3,No,Postgraduate,Near,Female,72,1.339862000291318,-0.07416378266438728,1,1
64,High,High,Yes,9,No,1,High,High,Neutral,3,No,High School,Moderate,Male,63,-1.3312695773387537,0.4120116692730346,1,1
74,Low,Medium,No,9,Yes,0,Low,High,Negative,2,No,High School,Far,Female,60,-0.4965409593293564,-1.7410510464498339,1,1
70,Medium,Medium,Yes,4,Yes,1,High,High,Neutral,4,No,High School,Near,Male,65,-0.3295952357274769,-1.3243292305034722,1,1
97,High,Medium,Yes,9,Yes,2,Medium,High,Neutral,1,No,Postgraduate,Moderate,Male,72,-0.1626495121255974,-0.9770610505481708,1,2
94,Medium,High,No,9,Yes,0,Medium,High,Negative,3,No,High School,Near,Male,70,0.17124193507816154,1.3843625731478784,0,0
83,High,Medium,Yes,7,Yes,1,Medium,High,Positive,4,No,College,Near,Female,71,0.6720791058837999,-1.6021437744677132,1,2
81,Low,Medium,Yes,8,Yes,1,Low,High,Positive,4,No,College,Moderate,Male,66,-0.4965409593293564,0.20365076129985382,0,0
97,Low,Medium,Yes,8,Yes,2,Low,High,Positive,4,No,College,Moderate,Female,72,0.17124193507816154,1.4538162091389386,1,2
97,Low,Medium,Yes,9,Yes,3,Medium,High,Positive,3,No,Postgraduate,Near,Female,73,0.004296211476282077,0.5509189412551552,1,2
99,High,Medium,Yes,6,Yes,2,Medium,Medium,Neutral,3,No,College,Near,Male,71,-0.9973781301349948,-0.07416378266438728,1,1
65,High,Low,No,9,Yes,4,Low,High,Neutral,2,No,College,Far,Male,64,-0.1626495121255974,-0.4214319626196886,1,1
66,Medium,High,Yes,5,Yes,1,High,Medium,Positive,3,No,College,Moderate,Male,66,-0.1626495121255974,0.4120116692730346,0,1
87,Medium,Medium,No,4,Yes,1,High,Medium,Positive,3,No,College,Near,Male,69,-0.1626495121255974,-0.07416378266438728,1,2
82,Low,Medium,No,8,Yes,1,Medium,High,Neutral,3,Yes,Postgraduate,Near,Female,66,0.004296211476282077,0.6898262132372758,0,0
61,Medium,High,No,9,Yes,0,High,High,Neutral,2,Yes,High School,Near,Male,63,0.004296211476282077,0.4120116692730346,1,1
62,Medium,Medium,Yes,7,Yes,0,Medium,High,Negative,3,No,High School,Near,Male,62,-0.4965409593293564,0.20365076129985382,1,1
96,High,Low,Yes,4,Yes,1,High,High,Positive,3,No,High School,Near,Male,98,1.339862000291318,1.5927234811210593,1,2
95,High,High,Yes,5,Yes,1,Medium,Medium,Positive,2,No,College,Near,Female,71,-1.1643238537368743,1.1760016651746976,0,0
74,High,Medium,No,8,Yes,0,Low,Medium,Positive,4,No,Postgraduate,Near,Female,66,-0.6634866829312358,0.3425580332819744,1,1
96,Medium,Medium,No,7,Yes,2,Medium,Medium,Positive,3,No,High School,Moderate,Female,75,2.842373512708233,0.13419712530879355,1,1
84,High,Medium,Yes,9,Yes,1,Low,Medium,Positive,4,No,High School,Near,Female,68,-0.9973781301349948,0.759279849228336,0,2
92,High,Medium,No,7,Yes,2,Medium,High,Negative,5,No,High School,Near,Male,69,-1.3312695773387537,1.0370943931925771,1,1
77,Medium,Low,Yes,6,Yes,2,Medium,High,Positive,3,No,High School,Near,Male,68,0.6720791058837999,-0.6992465065839297,0,2
65,Medium,Medium,No,7,Yes,3,Medium,Medium,Negative,4,No,High School,Near,Female,60,-1.9990524717462717,0.5509189412551552,1,0
77,Medium,Low,No,9,Yes,4,Medium,Medium,Neutral,3,Yes,High School,Near,Female,64,-0.1626495121255974,-1.254875594512412,1,0
78,Medium,Medium,No,9,Yes,4,Medium,Medium,Positive,3,No,High School,Moderate,Male,71,2.1745906183007153,-0.21307105464650783,1,1
82,High,High,No,7,Yes,2,High,Medium,Positive,3,No,College,Near,Male,69,-1.4982153009406332,1.523269845129999,1,0
64,Medium,Medium,Yes,7,Yes,1,Low,Medium,Positive,3,No,College,Near,Male,60,-1.9990524717462717,-0.6297928705928695,0,1
100,High,High,Yes,8,Yes,1,Low,Medium,Positive,3,No,College,Near,Female,70,-1.4982153009406332,-1.1854219585213517,0,2
70,Low,Medium,Yes,6,Yes,4,Medium,Medium,Neutral,3,No,High School,Near,Male,66,0.8390248294856795,-1.254875594512412,0,1
68,High,Medium,No,8,Yes,0,Medium,Medium,Positive,3,No,Postgraduate,Near,Male,68,1.1729162766894383,-0.3519783266286284,0,2
81,High,Low,No,7,Yes,2,High,Medium,Positive,2,No,College,Near,Female,67,-0.4965409593293564,-0.9770610505481708,1,1
81,Medium,Medium,Yes,7,Yes,1,Medium,High,Neutral,3,No,College,Near,Male,70,0.6720791058837999,-0.2825246906375681,1,2
78,High,Medium,Yes,7,Yes,0,Low,High,Neutral,2,No,College,Moderate,Male,69,1.339862000291318,0.759279849228336,1,0
91,Medium,High,Yes,7,Yes,2,High,High,Negative,3,No,High School,Far,Male,75,1.8406991710969562,1.3149089371568181,1,2
81,Medium,Low,Yes,10,Yes,1,Medium,High,Positive,3,No,High School,Near,Male,65,-0.1626495121255974,-1.3243292305034722,1,0
84,Medium,Medium,Yes,6,Yes,1,Low,Medium,Positive,5,No,Postgraduate,Moderate,Male,65,-2.3329439189500305,0.8981871212104565,0,1
89,Medium,Low,No,6,Yes,1,Medium,Medium,Positive,4,No,Postgraduate,Moderate,Male,66,-0.8304324065331153,-1.3937828664945324,1,1
61,High,Medium,Yes,9,Yes,1,Medium,High,Positive,3,No,High School,Far,Male,64,-0.4965409593293564,-0.4214319626196886,1,2
83,Low,Medium,No,8,Yes,1,Low,High,Negative,2,No,High School,Near,Female,66,-0.3295952357274769,1.7316307531031798,0,1
95,Medium,High,Yes,8,Yes,3,Low,Medium,Positive,1,No,High School,Moderate,Female,70,-0.1626495121255974,-1.532690138476653,1,1
61,High,Low,No,5,Yes,1,Low,Medium,Positive,1,No,College,Far,Male,63,1.1729162766894383,-1.6715974104587736,0,2
76,Low,Low,No,7,Yes,1,High,Low,Negative,4,No,College,Near,Male,66,1.339862000291318,-0.5603392346018092,1,2
97,Low,Medium,Yes,8,Yes,1,Medium,Medium,Positive,3,No,College,Near,Female,71,-0.1626495121255974,1.5927234811210593,1,0
74,Medium,High,No,6,Yes,2,Medium,Medium,Positive,4,No,High School,Far,Male,68,1.1729162766894383,-1.6715974104587736,0,2
78,Medium,Medium,Yes,8,Yes,2,High,Medium,Positive,5,No,High School,Moderate,Male,68,0.338187658680041,-0.9770610505481708,1,1
99,Low,Medium,No,7,Yes,0,Medium,High,Negative,3,No,Postgraduate,Near,Male,71,0.004296211476282077,0.3425580332819744,1,2
68,Low,Medium,No,6,Yes,1,Low,High,Negative,4,No,College,Moderate,Female,63,0.8390248294856795,-0.9076074145571106,0,0
63,Low,Low,No,9,Yes,1,Medium,Medium,Positive,4,No,High School,Near,Male,60,0.004296211476282077,-1.532690138476653,1,0
94,Medium,High,Yes,9,Yes,1,Medium,Medium,Neutral,3,No,High School,Near,Female,73,2.007644894698836,-1.532690138476653,1,1
95,Medium,Medium,Yes,7,Yes,4,Medium,Medium,Negative,4,No,High School,Near,Female,68,-1.4982153009406332,0.20365076129985382,0,0
79,High,High,Yes,8,Yes,2,High,Medium,Positive,5,No,High School,Near,Female,70,-0.4965409593293564,0.20365076129985382,1,1
81,Medium,Medium,Yes,9,Yes,1,Low,Medium,Neutral,1,No,High School,Moderate,Male,66,-0.1626495121255974,0.6898262132372758,1,1
93,High,Medium,No,6,Yes,1,High,Medium,Positive,2,No,Postgraduate,Near,Female,72,0.5051333822819205,-1.254875594512412,1,1
90,High,Low,Yes,8,Yes,1,Low,High,Neutral,3,Yes,High School,Moderate,Male,70,1.339862000291318,-0.004710146673327003,1,1
71,High,High,Yes,6,Yes,2,High,Low,Positive,3,No,High School,Near,Male,68,0.004296211476282077,0.3425580332819744,1,1
61,Medium,Medium,Yes,5,Yes,3,Medium,High,Neutral,0,Yes,Postgraduate,Near,Male,60,-1.4982153009406332,-0.9770610505481708,1,1
79,High,Medium,No,6,No,2,Low,High,Neutral,3,No,High School,Near,Male,68,0.8390248294856795,0.13419712530879355,1,0
94,High,High,No,5,Yes,1,Medium,Medium,Neutral,2,No,College,Near,Female,74,0.8390248294856795,0.6898262132372758,1,2
96,Medium,Medium,Yes,8,Yes,1,High,Medium,Negative,4,No,High School,Moderate,Male,68,-1.9990524717462717,1.7316307531031798,1,2
98,Low,Medium,Yes,6,Yes,4,Medium,Medium,Positive,4,No,College,Near,Male,72,0.004296211476282077,0.3425580332819744,1,0
95,Medium,High,Yes,5,Yes,0,Low,High,Positive,3,No,High School,Moderate,Male,69,-1.6651610245425126,1.2454553011657579,1,2
83,Low,Medium,Yes,8,Yes,2,High,High,Positive,4,No,Postgraduate,Near,Female,98,-0.6634866829312358,1.1760016651746976,1,0
78,Medium,High,No,8,Yes,1,Medium,Medium,Neutral,4,No,Postgraduate,Near,Male,68,-0.8304324065331153,1.523269845129999,1,1
91,Medium,Low,No,7,Yes,0,Medium,Medium,Neutral,5,No,High School,Near,Female,70,0.8390248294856795,0.759279849228336,1,1
90,Medium,Medium,No,8,Yes,1,High,Medium,Positive,4,No,Postgraduate,Moderate,Female,69,0.17124193507816154,-0.9770610505481708,1,1
82,High,Low,No,6,Yes,3,Medium,Medium,Negative,3,No,High School,Near,Female,64,-1.3312695773387537,-0.6992465065839297,0,0
63,Medium,Low,No,6,Yes,1,Medium,High,Neutral,4,No,High School,Moderate,Male,65,0.8390248294856795,0.9676407572015168,0,2
97,Medium,Medium,No,8,Yes,2,Medium,High,Positive,2,No,High School,Moderate,Female,69,-1.4982153009406332,0.06474348931773327,1,2
78,Medium,Low,No,9,Yes,2,Medium,High,Neutral,4,No,High School,Near,Male,67,0.338187658680041,-0.8381537785660502,1,2
75,Medium,High,No,6,Yes,1,High,Medium,Negative,2,No,High School,Near,Female,65,-0.8304324065331153,0.5509189412551552,0,0
85,Medium,High,Yes,6,Yes,2,Low,Low,Positive,4,No,College,Near,Female,70,-0.3295952357274769,1.3843625731478784,0,2
87,High,Low,No,8,Yes,0,High,High,Neutral,3,No,College,Far,Male,68,0.5051333822819205,-0.49088559861074893,0,1
68,Medium,Medium,Yes,8,Yes,1,Medium,Low,Neutral,1,No,High School,Near,Female,65,0.5051333822819205,0.3425580332819744,1,1
93,Medium,Medium,No,7,Yes,0,Medium,Medium,Positive,4,No,Postgraduate,Near,Male,74,1.339862000291318,0.27310439729091407,1,2
72,Medium,Medium,Yes,9,Yes,4,High,Medium,Negative,2,No,High School,Near,Male,65,0.004296211476282077,-1.3243292305034722,1,1
67,High,High,Yes,10,Yes,1,Low,Medium,Positive,2,No,High School,Moderate,Male,65,0.338187658680041,-1.3937828664945324,1,1
76,High,Medium,Yes,8,Yes,3,Medium,Medium,Neutral,4,No,High School,Moderate,Female,68,-0.4965409593293564,1.3149089371568181,1,1
89,Medium,Medium,No,6,No,1,Low,Medium,Negative,3,No,Postgraduate,Far,Female,68,0.17124193507816154,1.523269845129999,0,1
99,Medium,Medium,No,8,Yes,5,Medium,Medium,Neutral,4,No,High School,Moderate,Female,74,0.5051333822819205,1.3843625731478784,1,2
92,High,Medium,No,6,Yes,2,Medium,Medium,Negative,3,No,High School,Near,Female,71,-0.1626495121255974,-0.3519783266286284,0,2
98,High,Medium,Yes,9,Yes,1,Low,Medium,Negative,3,No,High School,Near,Male,67,-1.8321067481443922,-0.76870014257499,0,1
66,Medium,Medium,Yes,6,Yes,0,High,Low,Neutral,3,No,High School,Moderate,Female,64,0.338187658680041,1.523269845129999,1,0
63,Low,Low,Yes,7,Yes,0,Medium,Medium,Negative,3,Yes,High School,Far,Male,61,0.338187658680041,1.3149089371568181,1,1
82,Medium,Medium,No,6,Yes,0,Low,Medium,Positive,3,No,High School,Near,Female,66,-0.6634866829312358,1.1065480291836374,1,1
72,Medium,Medium,No,7,Yes,0,Low,Medium,Positive,2,No,High School,Near,Female,61,-1.3312695773387537,-0.5603392346018092,1,0
93,Medium,High,No,7,Yes,5,Low,Medium,Negative,3,No,High School,Moderate,Male,73,1.5068077238931974,0.4814653052640949,1,1
87,Low,Medium,No,8,Yes,2,Medium,High,Neutral,3,No,High School,Near,Male,70,0.5051333822819205,0.8981871212104565,1,2
99,Low,Medium,No,7,Yes,2,Low,Medium,Neutral,2,No,Postgraduate,Near,Male,70,-0.1626495121255974,0.27310439729091407,0,1
70,Medium,Low,Yes,7,Yes,1,High,Medium,Positive,4,No,College,Far,Female,63,-1.1643238537368743,0.3425580332819744,1,2
79,High,Medium,Yes,6,Yes,3,High,Medium,Neutral,3,No,Postgraduate,Moderate,Male,69,-0.8304324065331153,0.8981871212104565,1,1
80,High,High,No,7,Yes,2,High,Medium,Negative,2,No,High School,Near,Male,72,1.339862000291318,0.8981871212104565,1,1
70,Medium,High,Yes,5,Yes,2,Low,High,Neutral,2,No,High School,Near,Female,66,0.17124193507816154,-0.9076074145571106,1,1
84,High,High,No,9,Yes,1,High,Medium,Negative,4,No,High School,Near,Male,68,-0.4965409593293564,-0.3519783266286284,1,1
78,Medium,High,No,7,Yes,1,Medium,Low,Neutral,3,No,High School,Far,Male,67,0.5051333822819205,0.9676407572015168,1,1
78,Medium,High,Yes,9,No,2,Medium,Medium,Positive,3,No,Postgraduate,Far,Female,65,-0.8304324065331153,-0.8381537785660502,0,1
75,Low,Medium,Yes,7,Yes,2,Low,Medium,Positive,3,No,High School,Moderate,Male,68,1.5068077238931974,1.4538162091389386,1,0
61,High,Medium,Yes,4,Yes,1,Medium,High,Neutral,4,No,College,Near,Female,68,1.339862000291318,1.1760016651746976,0,0
81,High,Medium,No,6,Yes,2,Medium,Medium,Positive,3,No,High School,Near,Male,69,-0.4965409593293564,1.3843625731478784,0,2
73,High,High,Yes,7,Yes,1,Medium,Medium,Positive,4,No,College,Moderate,Male,66,-0.6634866829312358,-0.6992465065839297,0,0
60,Medium,Medium,Yes,7,Yes,2,Low,Medium,Neutral,2,No,Postgraduate,Near,Male,58,-2.6668353661537894,-1.3937828664945324,0,1
72,High,Low,No,8,Yes,0,Medium,Low,Neutral,3,Yes,College,Near,Male,60,-1.4982153009406332,-1.3937828664945324,1,2
71,High,High,Yes,7,Yes,3,Low,Medium,Positive,4,No,College,Moderate,Female,67,-1.3312695773387537,0.20365076129985382,1,2
76,Medium,Medium,Yes,6,Yes,2,Low,High,Negative,2,No,High School,Near,Female,65,0.17124193507816154,-0.6992465065839297,1,0
65,High,Medium,Yes,6,Yes,1,Low,Medium,Negative,2,No,High School,Far,Male,62,-0.3295952357274769,-0.8381537785660502,1,2
80,Medium,High,Yes,6,Yes,0,High,High,Neutral,2,No,High School,Near,Male,65,-1.3312695773387537,-0.9770610505481708,0,1
88,High,High,No,8,Yes,0,Medium,Medium,Neutral,2,No,College,Moderate,Male,69,-0.3295952357274769,0.20365076129985382,1,1
85,Low,High,No,8,Yes,0,High,Medium,Positive,4,No,College,Near,Male,70,0.5051333822819205,0.13419712530879355,1,1
92,Low,High,Yes,6,Yes,2,Low,Medium,Positive,2,No,High School,Moderate,Male,70,0.5051333822819205,-0.2825246906375681,1,2
78,High,Medium,No,9,Yes,1,Low,High,Positive,5,No,High School,Moderate,Female,63,-1.8321067481443922,-1.254875594512412,1,0
81,Low,Medium,Yes,8,Yes,0,Medium,High,Neutral,4,No,Postgraduate,Near,Male,69,-0.1626495121255974,1.4538162091389386,1,2
92,Low,Medium,No,6,Yes,0,Medium,High,Negative,4,No,High School,Near,Male,64,-1.3312695773387537,-0.2825246906375681,0,0
77,Medium,High,No,7,Yes,1,Low,Medium,Positive,3,No,Postgraduate,Near,Male,69,0.8390248294856795,-1.3243292305034722,1,1
88,High,Medium,Yes,8,Yes,1,Medium,Medium,Positive,2,No,High School,Near,Male,70,0.8390248294856795,-1.6021437744677132,1,0
77,Medium,Medium,Yes,5,Yes,1,Low,Medium,Positive,3,No,College,Moderate,Female,64,-0.8304324065331153,-1.1854219585213517,1,1
77,High,Medium,Yes,5,No,2,Low,Medium,Positive,4,Yes,Postgraduate,Near,Male,65,-0.8304324065331153,-0.6992465065839297,1,0
90,High,Medium,No,8,Yes,0,Medium,High,Neutral,4,No,College,Near,Male,70,-0.4965409593293564,0.4814653052640949,1,1
67,Medium,Low,Yes,6,Yes,0,Medium,Medium,Neutral,2,No,College,Near,Male,60,-2.3329439189500305,1.6621771171121196,0,0
74,Medium,High,Yes,9,Yes,3,Medium,Medium,Neutral,3,No,High School,Near,Female,68,0.338187658680041,-0.76870014257499,1,2
69,Low,Low,Yes,10,Yes,2,Low,High,Neutral,1,Yes,High School,Moderate,Male,61,-0.3295952357274769,0.9676407572015168,1,0
74,Medium,Low,Yes,8,Yes,2,Medium,High,Neutral,3,No,High School,Near,Female,68,1.005970553087559,1.4538162091389386,0,1
69,Medium,Low,No,8,Yes,1,High,High,Neutral,3,No,High School,Moderate,Male,61,-1.1643238537368743,-0.3519783266286284,0,1
83,Low,Medium,No,5,Yes,2,High,Medium,Positive,3,Yes,High School,Moderate,Female,64,-0.6634866829312358,-0.8381537785660502,0,0
92,Medium,Medium,No,5,Yes,2,Medium,Medium,Negative,3,No,High School,Near,Female,66,-1.4982153009406332,-0.004710146673327003,1,1
91,Medium,Medium,Yes,7,Yes,2,High,High,Positive,2,No,High School,Moderate,Male,70,-0.9973781301349948,1.3843625731478784,1,1
75,High,High,Yes,5,Yes,3,Medium,Medium,Negative,3,No,High School,Near,Female,65,-1.1643238537368743,-1.6715974104587736,0,1
100,Medium,High,Yes,7,Yes,1,Medium,Medium,Neutral,2,No,High School,Near,Female,74,1.005970553087559,-0.07416378266438728,1,2
84,High,High,No,6,Yes,1,Medium,Medium,Negative,1,Yes,High School,Near,Male,66,-0.6634866829312358,0.8981871212104565,0,0
76,Low,Medium,Yes,7,Yes,3,Low,Medium,Negative,2,Yes,College,Near,Male,65,0.17124193507816154,0.3425580332819744,1,2
93,Low,High,No,7,Yes,1,High,Medium,Positive,1,No,College,Moderate,Female,69,-0.3295952357274769,-0.004710146673327003,0,2
89,Medium,High,Yes,8,Yes,4,Low,Medium,Neutral,5,No,Postgraduate,Near,Female,69,-1.3312695773387537,0.20365076129985382,1,0
90,Low,High,No,7,Yes,2,Medium,Medium,Positive,2,No,High School,Near,Female,69,-0.1626495121255974,0.4120116692730346,0,1
68,High,Low,No,6,Yes,1,Low,High,Positive,4,No,High School,Near,Female,66,0.6720791058837999,0.6203725772462154,1,1
79,Medium,Low,No,5,No,2,High,Medium,Positive,3,No,High School,Near,Female,63,-1.1643238537368743,-0.49088559861074893,0,1
94,Medium,Low,Yes,7,Yes,1,Low,High,Neutral,2,Yes,High School,Moderate,Female,69,0.8390248294856795,0.06474348931773327,0,1
80,Medium,High,Yes,4,Yes,1,Medium,Medium,Neutral,1,No,High School,Near,Male,65,-0.8304324065331153,-0.76870014257499,1,1
87,Medium,Medium,No,9,Yes,1,Medium,Low,Neutral,3,No,High School,Moderate,Male,67,-0.4965409593293564,1.6621771171121196,0,1
84,Medium,Medium,No,8,Yes,1,Low,High,Positive,4,Yes,Postgraduate,Far,Female,66,0.5051333822819205,-1.1159683225302914,1,0
94,Low,Medium,Yes,8,Yes,2,Low,Medium,Positive,3,Yes,College,Near,Male,67,-0.6634866829312358,-1.1854219585213517,1,1
71,Low,High,Yes,6,Yes,1,Low,Medium,Positive,2,No,College,Moderate,Male,65,0.004296211476282077,-0.8381537785660502,1,2
83,Medium,High,No,8,Yes,0,Medium,High,Positive,4,Yes,Postgraduate,Near,Female,69,-0.3295952357274769,1.4538162091389386,1,0
65,Low,High,No,6,Yes,3,Low,High,Neutral,5,No,High School,Near,Male,65,0.17124193507816154,0.5509189412551552,1,1
88,High,High,Yes,7,Yes,3,Low,Medium,Neutral,3,No,College,Near,Male,67,-2.3329439189500305,-0.14361741865544755,0,1
89,Medium,Medium,Yes,6,Yes,0,High,Low,Negative,4,No,High School,Near,Male,66,-1.8321067481443922,1.4538162091389386,1,1
62,Low,Medium,No,7,Yes,1,High,Low,Positive,3,No,College,Far,Female,64,0.6720791058837999,1.3843625731478784,1,1
87,Medium,High,No,5,Yes,1,Low,Medium,Positive,2,No,High School,Near,Female,70,1.005970553087559,-0.3519783266286284,0,0
77,Medium,High,Yes,7,Yes,0,Low,High,Neutral,3,No,High School,Moderate,Male,65,-0.8304324065331153,0.20365076129985382,1,1
65,Low,Medium,Yes,5,Yes,2,Medium,High,Neutral,4,No,College,Near,Male,65,-0.1626495121255974,1.3843625731478784,0,1
77,Low,Low,No,10,Yes,2,Low,Medium,Positive,3,No,College,Moderate,Male,64,0.338187658680041,-0.6297928705928695,1,1
68,Medium,Low,Yes,7,Yes,1,Low,Low,Neutral,3,No,College,Near,Male,64,0.6720791058837999,-0.3519783266286284,1,0
77,Medium,Low,Yes,7,Yes,1,Medium,Medium,Neutral,0,No,High School,Moderate,Male,61,-1.9990524717462717,1.0370943931925771,1,0
75,High,Medium,No,8,Yes,1,Low,High,Neutral,3,No,High School,Near,Male,65,-0.8304324065331153,0.6898262132372758,1,1
90,High,Medium,Yes,5,Yes,5,Medium,Medium,Positive,3,Yes,High School,Moderate,Male,68,-0.3295952357274769,-1.6021437744677132,0,0
91,Low,High,Yes,6,Yes,1,Low,High,Positive,2,No,College,Moderate,Male,70,0.6720791058837999,-1.3243292305034722,1,1
84,Low,Medium,Yes,8,Yes,6,Low,High,Negative,4,No,High School,Moderate,Male,74,2.508482065504474,1.1760016651746976,1,2
61,Medium,Medium,No,7,Yes,1,Low,High,Neutral,1,No,High School,Near,Female,60,-0.1626495121255974,-1.6715974104587736,1,0
97,High,Low,Yes,6,Yes,2,Low,High,Positive,2,No,Postgraduate,Near,Female,71,-1.3312695773387537,1.4538162091389386,1,1
87,High,High,Yes,8,No,2,Medium,High,Negative,3,No,High School,Moderate,Female,70,0.338187658680041,-0.76870014257499,1,1
61,Low,Medium,Yes,7,Yes,2,Medium,Medium,Positive,4,No,Postgraduate,Near,Female,67,1.339862000291318,0.3425580332819744,1,0
93,Medium,Medium,Yes,8,No,0,Low,Medium,Neutral,3,No,High School,Near,Male,68,0.17124193507816154,0.20365076129985382,0,1
68,High,Medium,No,8,Yes,3,Medium,High,Negative,3,No,High School,Near,Female,64,-0.8304324065331153,-0.3519783266286284,1,1
83,High,Low,No,6,Yes,0,Low,High,Negative,3,No,High School,Near,Male,67,1.005970553087559,-1.6021437744677132,1,1
79,Low,Low,No,7,Yes,0,Low,High,Neutral,3,No,Postgraduate,Near,Female,65,0.6720791058837999,-1.0465146865392312,1,0
77,Medium,Medium,Yes,4,Yes,3,Medium,Medium,Neutral,3,No,College,Near,Female,66,-0.9973781301349948,0.4120116692730346,0,0
96,Medium,Medium,Yes,6,Yes,1,High,Medium,Positive,4,No,College,Near,Female,72,0.338187658680041,-0.21307105464650783,1,0
77,Low,Medium,Yes,7,Yes,3,High,Medium,Neutral,3,No,High School,Near,Female,69,1.005970553087559,-0.2825246906375681,1,2
63,Medium,Medium,Yes,8,Yes,1,Medium,Medium,Neutral,3,No,Postgraduate,Near,Female,65,1.1729162766894383,-1.3937828664945324,0,0
98,Low,High,Yes,8,Yes,0,High,Medium,Positive,3,No,High School,Near,Female,71,0.004296211476282077,-0.5603392346018092,1,1
97,High,High,Yes,6,Yes,0,Medium,High,Neutral,5,No,High School,Moderate,Male,72,-0.3295952357274769,0.06474348931773327,1,1
87,High,Medium,No,6,Yes,0,Medium,Medium,Positive,2,No,High School,Near,Female,70,1.1729162766894383,-1.4632365024855927,0,1
79,High,Medium,No,9,No,1,Medium,Medium,Positive,2,No,College,Moderate,Male,63,-1.1643238537368743,-1.532690138476653,0,1
64,Medium,Medium,No,7,Yes,2,Medium,High,Positive,2,No,High School,Near,Female,66,0.5051333822819205,-0.004710146673327003,1,1
92,Low,Low,Yes,7,Yes,3,Medium,High,Negative,2,No,College,Near,Male,67,-1.3312695773387537,0.20365076129985382,1,2
63,Medium,High,No,8,Yes,1,High,High,Neutral,3,No,Postgraduate,Near,Male,67,1.005970553087559,-0.8381537785660502,1,0
63,Medium,Medium,Yes,7,Yes,2,Medium,Medium,Negative,2,No,College,Near,Female,62,-0.3295952357274769,-0.6297928705928695,0,0
81,Medium,High,Yes,7,Yes,3,Medium,Medium,Negative,3,No,High School,Moderate,Male,72,1.339862000291318,1.0370943931925771,0,2
66,Medium,High,Yes,7,Yes,1,High,High,Positive,1,No,High School,Near,Female,69,0.5051333822819205,1.2454553011657579,1,2
60,Medium,Medium,Yes,6,Yes,1,Medium,High,Positive,5,Yes,College,Moderate,Male,61,-1.1643238537368743,-0.6297928705928695,1,1
77,Medium,Low,Yes,7,Yes,1,Medium,Medium,Positive,3,No,High School,Far,Female,67,1.5068077238931974,-0.49088559861074893,1,2
65,Low,Medium,Yes,4,No,0,Medium,Medium,Positive,4,No,High School,Near,Female,66,1.5068077238931974,1.1760016651746976,0,1
66,Medium,Medium,Yes,6,Yes,2,Medium,Medium,Positive,3,No,College,Near,Female,68,0.8390248294856795,1.6621771171121196,1,1
63,Medium,High,No,8,Yes,1,Low,Medium,Negative,4,No,College,Near,Male,62,-0.8304324065331153,-0.6297928705928695,0,2
68,High,Low,Yes,8,Yes,0,Medium,Low,Negative,3,No,College,Far,Male,63,-0.3295952357274769,0.9676407572015168,1,1
89,Medium,Medium,Yes,9,Yes,3,Low,Medium,Positive,4,No,High School,Moderate,Female,70,0.17124193507816154,-0.07416378266438728,0,2
92,Low,High,Yes,8,Yes,2,Low,Medium,Neutral,4,No,College,Moderate,Male,68,-0.6634866829312358,-0.8381537785660502,1,1
78,Medium,High,Yes,8,Yes,1,High,Low,Negative,1,No,College,Near,Male,71,1.6737534474950768,0.6203725772462154,0,1
80,High,Low,No,7,Yes,0,Medium,Low,Neutral,2,No,High School,Moderate,Female,65,0.17124193507816154,-0.14361741865544755,0,1
61,Low,High,Yes,6,Yes,4,Medium,Medium,Neutral,3,No,High School,Moderate,Male,59,-2.6668353661537894,-0.8381537785660502,1,1
63,High,Low,Yes,8,Yes,2,Medium,Medium,Neutral,4,No,High School,Near,Male,64,0.338187658680041,-1.3937828664945324,0,1
70,Medium,High,No,7,Yes,0,Medium,High,Positive,3,No,College,Near,Male,67,-0.3295952357274769,1.2454553011657579,1,1
82,Medium,Medium,No,6,Yes,3,Low,Medium,Positive,2,No,High School,Near,Male,68,0.004296211476282077,1.3149089371568181,0,1
90,High,High,Yes,6,Yes,1,Medium,High,Negative,3,No,High School,Near,Female,95,-0.3295952357274769,-1.4632365024855927,1,0
84,Medium,Medium,Yes,7,Yes,1,Low,Medium,Positive,3,No,High School,Moderate,Male,70,0.8390248294856795,0.5509189412551552,1,2
76,Medium,Medium,No,9,Yes,1,Medium,Medium,Positive,3,No,College,Near,Female,68,1.1729162766894383,-1.1854219585213517,1,1
65,Low,Medium,No,7,Yes,2,Medium,High,Positive,4,Yes,College,Near,Male,65,0.338187658680041,0.4814653052640949,1,1
91,Low,Medium,No,7,Yes,2,Low,High,Positive,2,No,Postgraduate,Near,Male,70,-0.3295952357274769,1.3843625731478784,1,1
75,Medium,Medium,No,8,Yes,4,Medium,Low,Neutral,3,No,Postgraduate,Near,Male,67,0.004296211476282077,-0.8381537785660502,1,1
89,Medium,High,No,8,Yes,2,Low,High,Neutral,2,Yes,College,Near,Male,69,0.004296211476282077,-0.5603392346018092,1,1
81,Medium,High,Yes,7,Yes,1,Low,Medium,Positive,2,No,Postgraduate,Far,Female,68,-0.8304324065331153,1.0370943931925771,0,2
90,High,High,No,7,Yes,1,Low,Medium,Neutral,2,No,High School,Near,Female,72,0.5051333822819205,0.8287334852193963,1,2
96,Medium,High,No,6,Yes,1,Medium,Medium,Neutral,2,No,High School,Near,Male,71,0.5051333822819205,-0.3519783266286284,1,1
97,Medium,High,Yes,9,Yes,2,Low,Medium,Positive,4,No,High School,Moderate,Female,75,1.5068077238931974,1.1760016651746976,1,1
81,Medium,High,No,6,Yes,0,Medium,Medium,Neutral,2,No,High School,Near,Male,70,1.339862000291318,1.4538162091389386,1,1
80,Medium,Medium,No,9,Yes,2,Medium,Medium,Negative,4,No,College,Near,Male,66,-0.6634866829312358,-0.14361741865544755,0,1
71,Medium,High,Yes,7,Yes,3,Low,Medium,Neutral,3,No,High School,Near,Male,67,0.8390248294856795,-1.6021437744677132,0,2
97,Medium,Medium,Yes,7,Yes,1,Medium,Medium,Positive,4,No,College,Near,Female,70,-0.9973781301349948,-0.004710146673327003,1,2
78,High,High,Yes,8,Yes,2,Medium,Medium,Neutral,3,No,High School,Near,Male,71,0.6720791058837999,0.8287334852193963,1,1
65,Medium,Medium,No,6,Yes,5,Low,Medium,Positive,4,No,High School,Near,Female,64,-0.4965409593293564,-0.9770610505481708,1,1
77,Medium,Medium,No,8,Yes,2,High,High,Neutral,4,No,High School,Near,Male,65,-0.9973781301349948,-1.3937828664945324,0,2
65,Medium,Medium,Yes,7,Yes,1,Medium,High,Negative,2,No,High School,Moderate,Male,64,0.338187658680041,-0.76870014257499,0,2
80,Low,Medium,Yes,8,Yes,4,Medium,High,Negative,5,No,High School,Near,Male,62,-2.6668353661537894,-1.6715974104587736,1,1
82,High,Low,Yes,6,Yes,2,Low,High,Negative,2,No,College,Far,Female,64,-1.8321067481443922,0.759279849228336,0,1
74,Medium,High,Yes,6,Yes,1,Medium,Medium,Positive,2,No,High School,Near,Female,66,-0.1626495121255974,-1.254875594512412,0,2
63,Medium,Medium,Yes,4,Yes,0,High,Medium,Neutral,3,No,College,Near,Male,64,0.004296211476282077,0.759279849228336,1,0
98,High,Medium,Yes,6,Yes,3,Medium,High,Positive,3,No,High School,Far,Female,71,-0.3295952357274769,-0.9076074145571106,1,0
91,High,Low,Yes,6,Yes,4,Low,Medium,Negative,2,No,Postgraduate,Near,Male,68,-1.4982153009406332,1.7316307531031798,1,0
94,Medium,Medium,Yes,6,Yes,3,High,High,Neutral,4,No,College,Near,Female,70,-0.8304324065331153,0.13419712530879355,0,0
75,High,Medium,No,7,Yes,0,Low,Medium,Neutral,3,No,College,Near,Female,66,0.338187658680041,-1.6021437744677132,0,2
90,Medium,Medium,No,7,Yes,2,High,Medium,Positive,4,No,College,Moderate,Female,71,0.5051333822819205,0.9676407572015168,1,0
79,Medium,Medium,Yes,8,Yes,1,Medium,High,Neutral,3,No,College,Near,Female,68,0.004296211476282077,-0.2825246906375681,1,1
68,Low,Low,Yes,8,Yes,3,Medium,Medium,Positive,4,Yes,High School,Near,Male,66,1.1729162766894383,0.3425580332819744,1,2
65,Low,Medium,No,8,Yes,4,Medium,Medium,Neutral,3,No,High School,Near,Female,66,0.338187658680041,1.5927234811210593,0,2
74,Low,High,No,8,Yes,5,Low,Medium,Negative,3,No,College,Moderate,Male,65,-0.6634866829312358,0.06474348931773327,1,1
66,Medium,Medium,Yes,7,Yes,0,Medium,Medium,Negative,4,No,Postgraduate,Near,Male,64,-0.3295952357274769,1.0370943931925771,1,1
100,Low,Medium,Yes,7,Yes,1,Low,Medium,Positive,2,No,High School,Near,Male,67,-1.3312695773387537,-0.6992465065839297,0,1
62,Medium,Medium,Yes,8,Yes,1,High,Medium,Positive,3,No,College,Near,Male,65,-0.1626495121255974,0.759279849228336,1,0
78,Medium,Medium,Yes,8,Yes,3,High,Medium,Neutral,2,No,Postgraduate,Moderate,Male,69,1.1729162766894383,-1.3937828664945324,1,0
78,High,Medium,Yes,5,Yes,1,Low,Medium,Positive,2,No,College,Near,Male,69,0.6720791058837999,1.3843625731478784,0,0
72,Low,Medium,Yes,7,Yes,4,High,Medium,Neutral,3,No,Postgraduate,Near,Male,69,1.339862000291318,-1.0465146865392312,1,1
83,Medium,High,No,4,Yes,3,Low,Medium,Positive,4,No,College,Moderate,Male,68,-0.3295952357274769,-0.6992465065839297,1,0
66,Medium,Low,Yes,4,Yes,0,Medium,High,Positive,3,No,High School,Near,Female,67,1.339862000291318,1.5927234811210593,1,1
91,Medium,Low,No,6,Yes,2,Low,High,Positive,3,No,College,Moderate,Male,68,-0.1626495121255974,-1.1854219585213517,1,2
73,Low,Low,Yes,7,Yes,1,Low,Medium,Negative,4,No,Postgraduate,Far,Female,65,1.5068077238931974,-0.8381537785660502,1,1
84,High,Medium,Yes,6,Yes,3,Medium,Medium,Negative,3,No,College,Moderate,Male,69,0.004296211476282077,0.27310439729091407,1,1
89,Medium,Low,No,4,Yes,1,High,High,Positive,3,No,Postgraduate,Near,Male,73,0.6720791058837999,1.6621771171121196,0,2
96,High,Medium,No,8,Yes,3,High,Medium,Neutral,3,No,Postgraduate,Near,Male,76,1.5068077238931974,0.6898262132372758,1,0
93,Medium,High,Yes,6,Yes,0,Low,High,Negative,3,No,College,Near,Male,69,-0.1626495121255974,-1.3243292305034722,0,1
84,High,Low,Yes,8,Yes,2,High,Medium,Positive,1,No,Postgraduate,Far,Female,69,0.17124193507816154,0.8287334852193963,1,0
76,Medium,Medium,Yes,6,Yes,3,Low,Medium,Positive,2,No,High School,Far,Female,68,1.339862000291318,-0.2825246906375681,0,1
80,High,High,Yes,6,Yes,1,Medium,Medium,Positive,3,No,High School,Near,Male,70,-0.1626495121255974,1.7316307531031798,1,1
91,Medium,Low,Yes,8,Yes,0,Low,Low,Positive,4,No,High School,Moderate,Male,64,-1.3312695773387537,0.4120116692730346,1,0
95,Low,Low,Yes,6,Yes,2,High,High,Positive,3,No,High School,Moderate,Female,73,2.1745906183007153,0.13419712530879355,0,0
64,Medium,Medium,Yes,7,Yes,1,Medium,Medium,Positive,3,No,High School,Near,Male,64,-0.4965409593293564,0.20365076129985382,1,2
75,Medium,Low,Yes,7,Yes,1,Medium,Medium,Negative,4,No,High School,Near,Male,65,0.17124193507816154,0.4814653052640949,1,1
91,Low,High,No,5,No,0,Medium,Medium,Negative,3,No,High School,Near,Female,69,1.1729162766894383,0.8287334852193963,1,1
77,Medium,Low,Yes,8,No,0,Medium,Medium,Negative,3,No,Postgraduate,Near,Male,62,-0.6634866829312358,-1.4632365024855927,1,1
73,High,Medium,Yes,6,Yes,2,Medium,Medium,Neutral,4,No,High School,Moderate,Female,64,-0.9973781301349948,-1.254875594512412,1,2
76,Low,High,No,5,Yes,0,Medium,High,Neutral,3,No,High School,Far,Female,64,0.338187658680041,-0.6992465065839297,1,0
84,Medium,Medium,No,6,Yes,5,High,Medium,Neutral,2,No,High School,Near,Male,67,-1.8321067481443922,-0.07416378266438728,1,1
100,Medium,Low,Yes,8,No,3,Low,Medium,Negative,3,No,College,Near,Male,69,-0.3295952357274769,-0.6297928705928695,1,2
80,Medium,Low,Yes,5,Yes,2,High,Medium,Positive,3,No,High School,Near,Male,67,0.17124193507816154,-0.9770610505481708,1,1
68,Low,High,No,8,Yes,1,High,Medium,Neutral,3,No,High School,Moderate,Male,65,-0.3295952357274769,1.4538162091389386,1,1
67,Medium,High,No,8,Yes,3,High,High,Negative,3,No,College,Moderate,Female,63,-1.4982153009406332,-1.6021437744677132,1,2
62,Low,Low,Yes,7,Yes,0,High,Medium,Neutral,5,No,College,Near,Female,66,1.6737534474950768,1.523269845129999,0,1
82,Medium,High,No,7,Yes,1,High,Medium,Negative,3,No,High School,Near,Male,70,0.17124193507816154,1.3843625731478784,1,2
82,Medium,High,No,7,Yes,1,Low,Medium,Positive,2,No,High School,Near,Male,70,1.5068077238931974,0.6203725772462154,0,0
68,High,High,Yes,8,Yes,0,High,High,Positive,3,No,College,Near,Male,67,-0.3295952357274769,-1.6021437744677132,1,2
88,Low,Medium,Yes,6,Yes,0,High,Medium,Neutral,4,Yes,Postgraduate,Far,Male,65,-0.8304324065331153,-0.9770610505481708,1,1
90,Low,High,No,5,Yes,1,Low,Low,Positive,2,No,College,Near,Female,70,0.338187658680041,1.6621771171121196,0,1
70,Medium,Medium,Yes,7,No,0,Medium,High,Positive,3,No,College,Near,Female,66,-0.1626495121255974,1.3843625731478784,0,2
74,Medium,High,Yes,8,Yes,1,High,High,Negative,2,No,High School,Near,Male,66,-1.1643238537368743,1.5927234811210593,1,2
100,Medium,Low,Yes,8,Yes,0,Low,Medium,Neutral,5,Yes,High School,Near,Male,72,1.5068077238931974,1.7316307531031798,0,0
75,High,Low,Yes,10,Yes,0,Low,Low,Positive,4,No,College,Near,Female,64,-0.6634866829312358,-1.532690138476653,1,2
90,High,High,Yes,7,Yes,4,High,High,Positive,4,No,High School,Near,Male,70,-1.8321067481443922,0.27310439729091407,1,0
78,Medium,High,No,7,Yes,1,Medium,High,Positive,3,No,Postgraduate,Moderate,Female,71,1.339862000291318,1.1760016651746976,1,0
92,Medium,Medium,No,7,Yes,2,Low,Medium,Negative,3,No,High School,Near,Male,66,-0.4965409593293564,-0.6297928705928695,1,0
91,High,Medium,Yes,6,Yes,0,High,High,Negative,2,No,Postgraduate,Near,Female,70,-0.6634866829312358,-0.21307105464650783,1,2
87,Low,Medium,Yes,6,Yes,1,High,Medium,Neutral,2,No,High School,Near,Female,64,-1.8321067481443922,-0.76870014257499,1,1
94,Medium,Low,No,5,No,3,High,Medium,Neutral,2,No,Postgraduate,Moderate,Female,70,1.6737534474950768,-1.6021437744677132,0,0
98,Medium,Low,Yes,4,Yes,2,Medium,High,Neutral,3,No,High School,Near,Female,67,-1.3312695773387537,-1.4632365024855927,0,1
83,Medium,Low,No,6,Yes,2,Medium,Medium,Neutral,4,No,High School,Moderate,Female,65,0.004296211476282077,-1.6715974104587736,1,0
69,High,Medium,No,7,Yes,1,High,Medium,Positive,2,No,High School,Near,Female,68,0.8390248294856795,0.06474348931773327,1,1
76,High,Medium,No,8,Yes,3,Low,High,Positive,2,No,High School,Near,Female,69,0.5051333822819205,0.4120116692730346,1,1
90,Medium,Low,Yes,6,Yes,3,Low,Medium,Negative,2,No,Postgraduate,Near,Female,68,0.004296211476282077,-0.6992465065839297,1,0
86,High,High,Yes,6,Yes,2,Low,Medium,Positive,3,No,High School,Far,Female,68,-1.6651610245425126,1.1065480291836374,0,2
67,Medium,Low,Yes,9,Yes,0,Medium,Medium,Positive,4,No,Postgraduate,Near,Male,64,-0.8304324065331153,1.3149089371568181,1,1
